maison,ats,config_json,job_count,evidence
DPL Hervier,NONE,,0,"dpl-hervier.fr, dpl-hervier.com, hervier-productions.fr and www.hervierproductions.fr do not resolve (curl 000). Real domain found via websearch + company contact contact@hervierproductions.fr: GET https://hervierproductions.fr/ -> 200, 12301 bytes, <title>Hervier Productions</title>. robots.txt -> 404 (nothing disallowed). The site is a single-page TemplateMonster brochure with only 4 nav entries -- Accueil / Presentation / Services / Contacts -- and no careers, recrutement, emploi or job section anywhere in the HTML, and no ATS script or iframe. Probed dpl-hervier and hervier-productions on WTTJ algolia -> 200 nbHits=0. No public job feed exists; the firm recruits via phone/email and LinkedIn."
Dr. Barbara Sturm,BLOCKED_ROBOTS,,0,"Parent portal Puig. GET https://careers.puig.com/opportunities -> 200 exposing https://career2.successfactors.eu/careers?career_ns=job_application&company=Puig and https://performancemanager.successfactors.eu/sf/careers/jobsearch?bplte_company=Puig => vendor is SAP SuccessFactors, company=Puig. BUT robots.txt of BOTH SF hosts reads exactly 'User-agent: *' / 'Disallow: /' / 'Disallow: /*company' / 'Allow: /login' -> the job search path is Disallowed and was not crawled. careers.puig.com's own robots.txt also has 'Disallow: /api/search' (its only brand-filtering API). www.puig.com returns 403 Cloudflare. job_count not obtainable without violating robots."
Dr.G,Avature,"{""origin"":""https://careers.loreal.com""}",1737,"Parent portal L'Oreal = AVATURE (page JS exposes avature.portal.id / avature.portal.urlPath / avature.portallist.search on https://careers.loreal.com/en_US/jobs/SearchJobs -> 200). robots.txt careers.loreal.com: 'User-agent: *' then 'Allow: /careers' + Sitemap lines; jobs not disallowed. Live pagination verified: /en_US/jobs/SearchJobs/?jobOffset=0 -> 20 JobDetail links, jobOffset=1734 -> 3, jobOffset=1750 -> 0, i.e. ~1737 live postings. Cross-checked against the robots-advertised sitemap GET https://careers.loreal.com/en_US/jobs/sitemap.xml -> 200 containing exactly 1737 /JobDetail/{slug}/{id} URLs (fr_FR sitemap gives the same 1737). Sample /JobDetail/Nordic-Data-Analytics-Manager/208631 -> 200 with ""title"":""(2026) - LOA - Nordics - Nordic Data & Analytics Manager"". Also GET /en_US/jobs/SearchJobsAJAXJSON?s=1 -> 200 real job JSON (typeahead only - its 'from' param is ignored, so it is not the paginated feed). CAVEAT: there is no working brand filter (?keyword=<brand> returns unrelated results), so the adapter target is the whole L'Oreal group feed; 1737 is group-wide, not brand-specific."
Dr Irena Eris,eRecruiter,"{""origin"":""https://kariera.drirenaeris.com"",""apply_base"":""https://system.erecruiter.pl/FormTemplates/RecruitmentForm.aspx?WebID=""}",17,"drirenaeris.pl 301-redirects to www.drirenaeris.com (WordPress); its homepage links http://kariera.drirenaeris.com/. robots at https://kariera.drirenaeris.com/robots.txt -> 200, 'User-agent: *' with only Disallow: /*fbclid= , /*utm_ , /*gclid= (job paths allowed). GET https://kariera.drirenaeris.com/dr-irena-eris/aktualne-oferty-pracy -> 200, 3 offers (e.g. 'Laborant w Dziale Kontroli Jakosci', 'Specjalista ds. Utrzymania Ruchu', 'Pracownik produkcji'); GET https://kariera.drirenaeris.com/hotele-spa/aktualne-oferty -> 200, 13 offers (Kelner, Kucharz, Recepcjonistka, ...); GET https://kariera.drirenaeris.com/kosmetyczne-instytuty/aktualne-oferty -> 200, 1 offer (Kosmetolog, Warszawa). Total 17 titles in .content-accordions-item__title, each Apply button pointing to https://system.erecruiter.pl/FormTemplates/RecruitmentForm.aspx?WebID=<hex> (19 unique WebIDs incl. 2 speculative-CV forms). Careers site is server-rendered HTML; no public JSON feed found."
Dr. Jart+,Eightfold,"{""origin"":""https://careers.elcompanies.com"",""domain"":""elcompanies.com""}",1400,"Estee Lauder brand. GET https://careers.elcompanies.com/api/pcsx/search?domain=elcompanies.com&start=0&num=1 -> 200, data.count=1400 real positions. Brand check ...&query=Jart -> 200, count=7 (e.g. ""Skincare Consultant Clinique & Dr Jart- Sephora Carnaby Street""). robots https://careers.elcompanies.com/robots.txt ""User-agent: *"" then ""Allow: /api/pcsx"". PARENT PORTAL: Estee Lauder Companies Eightfold."
Dr Pierre Ricaud,SuccessFactors,"{""origin"":""https://careers.groupe-rocher.com""}",66,"Groupe Rocher brand (ricaud.com linked from groupe-rocher.com). POST https://groupe-rocher.com/en/job-offers (Drupal custom_offres_form) -> 302 then 200 at https://careers.groupe-rocher.com/search/... GET https://careers.groupe-rocher.com/search/?startrow=0 -> 200, server-rendered /job/{City-Title}/{id}/ links, result text ""of 66"". robots https://careers.groupe-rocher.com/robots.txt ""User-agent: *"" then only /applybutton/ /talentcommunity/ /services/ etc disallowed; /search/ and /job/ allowed. PARENT PORTAL: Groupe Rocher SuccessFactors."
Dr. Vranjes Firenze,SuccessFactors,"{""origin"":""https://careers-group.loccitane.com""}",4,"Parent portal L'OCCITANE Group SuccessFactors (same host/robots as Erborian above; /search/ allowed). GET https://careers-group.loccitane.com/search/?q=Vranjes -> 200, pagination label 'Results 1 - 4 of 4'. Filter is real: control ?q=zzzznope -> 200 with no results label. The L'OCCITANE careers SPA bundle also links https://www.linkedin.com/company/dr.-vranjes-firenze/jobs/ for this brand, and joinus.loccitane.com has routes only for /elemis /erborian /loccitane - so the group SF portal is the feed."
Dries Van Noten,BLOCKED_ROBOTS,,0,"Parent portal Puig - identical situation to Dr. Barbara Sturm: careers.puig.com/opportunities -> 200 pointing to SAP SuccessFactors company=Puig, but both career2.successfactors.eu and performancemanager.successfactors.eu serve robots 'User-agent: *' / 'Disallow: /', and careers.puig.com disallows /api/search. Not crawled."
Drunk Elephant,SuccessFactors,"{""origin"":""https://careers.shiseido.com""}",135,"Shiseido brand. GET https://corp.shiseido.com/en/careers/ -> 200 links careers.shiseido.com. GET https://careers.shiseido.com/search/?startrow=0 -> 200, paginationLabel ""Results 1 - 50 of 135"", server-rendered /job/ links. GET .../search/?q=Drunk+Elephant -> 200, ""of 60"". robots https://careers.shiseido.com/robots.txt ""User-agent: *"" then only /applybutton/ /talentcommunity/ /services/ etc disallowed; /search/ and /job/ allowed. PARENT PORTAL: Shiseido group SuccessFactors."
dsm-firmenich,Eightfold,"{""origin"":""https://jobs.dsm-firmenich.com"",""domain"":""dsm.com""}",389,"GET https://www.dsm-firmenich.com/en/careers.html -> 200 (redirects careers.dsm-firmenich.com) links jobs.dsm-firmenich.com/careers. GET https://jobs.dsm-firmenich.com/api/pcsx/search?domain=dsm.com&start=0&num=1 -> 200, data.count=389 real positions. Note /api/apply/v2/jobs -> 403 {""message"":""Not authorized for PCSX""}; pcsx is the working route. robots https://jobs.dsm-firmenich.com/robots.txt ""User-agent: *"" then ""Allow: /careers"" and ""Allow: /api/pcsx""."
Ducray,Workday,"{""tenant"":""pierrefabre"",""site"":""External_Career_Site"",""origin"":""https://pierrefabre.wd3.myworkdayjobs.com""}",210,"Pierre Fabre brand. GET https://www.pierre-fabre.com/fr/rejoignez-nous -> 200, links to pierrefabre.wd3.myworkdayjobs.com/fr-FR/External_Career_Site. POST https://pierrefabre.wd3.myworkdayjobs.com/wday/cxs/pierrefabre/External_Career_Site/jobs -> 200, {""total"":210} real jobPostings. robots https://pierrefabre.wd3.myworkdayjobs.com/robots.txt ""User-agent: *"" / ""Allow: /External_Career_Site/"". PARENT PORTAL: brand has no own ATS, jobs live on Pierre Fabre group Workday. Brand probe searchText=""Ducray"" -> 200 (loose match, group feed is the adapter target)."
Dunhill,RichemontCareers,"{""origin"":""https://careers.richemont.com"",""search"":""dunhill""}",16,"robots.txt https://careers.richemont.com/robots.txt -> 200: 'User-agent: *' / 'Allow: /' (the /en/jobs/ Disallow lines are scoped to named bots such as PageFreezer/GPTBot/CCBot, not to *). NOTE a first request returned a transient Cloudflare 403; a retry succeeded. GET https://careers.richemont.com/en/jobs/?search=dunhill -> 200 with 16 unique /en/jobs/jr{id} routes. Search param proven real by controls: ?search=zzzznope -> 0 routes, ?search=cartier -> 20. The group Workday feed (POST https://richemont.wd3.myworkdayjobs.com/wday/cxs/richemont/broadbean_external/jobs -> 200 total=422, robots 'Allow: /broadbean_external/' while 'Disallow: /richemont/') carries no maison facet and returns 0 for dunhill."
Eau Thermale Avene,Workday,"{""tenant"":""pierrefabre"",""site"":""External_Career_Site"",""origin"":""https://pierrefabre.wd3.myworkdayjobs.com""}",210,"Pierre Fabre brand. GET https://www.pierre-fabre.com/fr/rejoignez-nous -> 200, links to pierrefabre.wd3.myworkdayjobs.com/fr-FR/External_Career_Site. POST https://pierrefabre.wd3.myworkdayjobs.com/wday/cxs/pierrefabre/External_Career_Site/jobs -> 200, {""total"":210} real jobPostings. robots https://pierrefabre.wd3.myworkdayjobs.com/robots.txt ""User-agent: *"" / ""Allow: /External_Career_Site/"". PARENT PORTAL: brand has no own ATS, jobs live on Pierre Fabre group Workday. Brand probe searchText=""Aven"" -> 200 (loose match, group feed is the adapter target)."
Editions de Parfums Frédéric Malle,Eightfold,"{""origin"":""https://careers.elcompanies.com"",""domain"":""elcompanies.com""}",1400,"Estee Lauder brand. GET https://careers.elcompanies.com/api/pcsx/search?domain=elcompanies.com&start=0&num=1 -> 200, data.count=1400. Brand check ...&query=Frederic%20Malle -> 200, count=5 (e.g. ""Key Holder -Editions de Parfums Frederic Malle- Part-time - Greenwich Ave - New York, NY""). robots https://careers.elcompanies.com/robots.txt ""User-agent: *"" then ""Allow: /api/pcsx"". PARENT PORTAL: Estee Lauder Companies Eightfold."
EENK,NONE,,0,"Brand site is eenk.co.kr (eenk.com is an UNRELATED Bulgarian WordPress blog: Cyrillic pages, twitter.com/elenko). GET https://eenk.co.kr/robots.txt -> 200 'User-agent: *' / 'Allow: /'. GET https://eenk.co.kr/ -> 200, footer shows operator 주식회사 레터스 / CEO 이혜미 (Lee Hyemi), contact eenk.contact@gmail.com, no careers link in 133 hrefs. GET https://eenk.co.kr/sitemap.xml -> 200, 1147 URLs, 0 matching recruit|career|job|채용|인재. ATS probes (Greenhouse/Lever/Ashby/Recruitee/Workable) on slug 'eenk' -> all non-200; SmartRecruiters /v1/companies/eenk/postings -> 200 but totalFound:0 with empty content (permissive for any slug, not a real board). No reachable job feed."
Egon Zehnder,Workable,"{""account"":""ezrecruiting""}",55,"GET https://apply.workable.com/robots.txt -> 200, 'User-agent: *' followed by 'Disallow:' (empty = everything allowed). GET https://apply.workable.com/api/v1/widget/accounts/ezrecruiting?details=true -> 200, 521418 bytes, JSON name='Egon Zehnder' with description matching the firm, jobs[] length 55 (e.g. 'Analyst HPG' Gurugram India shortcode FC19CCDF72, 'Board and CEO Practice Researcher, Executive Search' Montreal Canada, 'Director of Digital Platforms' Budapest Hungary). Note www.egonzehnder.com/careers -> 404; the site's own careers link is https://career.egonzehnder.com/ which (GET -> 200, no robots.txt, 404) is only a speculative CV-upload form for executive candidates, NOT a job board -- the real staff openings live on the Workable board above. Probed egonzehnder on Greenhouse/Lever/Ashby -> 404; www.egonzehnder.com robots.txt disallows '/*?*' and '/search*' but that does not affect the Workable API."
EgonLab,NONE,,0,"GET https://egonlab.com/robots.txt -> 200, 'User-agent: *' / 'Allow: /'. GET https://egonlab.com/ -> 200 (Shopify), zero careers/jobs/recrutement hrefs. GET https://egonlab.com/sitemap_pages_1.xml -> 200, complete page list is 12 pages (contact, stockists, delivery-and-return, payment-info, security, faq, 6 lookbooks) with no careers page. GET https://egonlab.com/pages/contact -> 200: departments listed are customer service, music, tech, press, sales only - no HR/careers contact. ATS probes on slugs 'egonlab'/'egon-lab' (Greenhouse/Lever/Ashby/Recruitee/Workable) -> all non-200; SmartRecruiters -> 200 totalFound:0 (empty, permissive). WTTJ Algolia organization.slug:egonlab and egon-lab -> nbHits 0. No reachable job feed."
Element,Magnet,"{""siteKey"":""9550007d348362827f2534be59208f28"",""origin"":""https://recrutement.groupe-beaumanoir.com""}",408,"Groupe Beaumanoir brand (Element is in the Boardriders cluster Beaumanoir distributes). GET https://www.groupe-beaumanoir.com/ -> 200 links recrutement.groupe-beaumanoir.com. That page HTML carries window.cvc (CleverConnect/HelloWork) with ""publicKey"":""9550007d348362827f2534be59208f28"" and ats ""magnet"". POST https://api.magnet.work/v2/security/login -> 200 token; POST https://api.magnet.work/v2/job-offers -> 200, data.total=408 with real records carrying a per-brand ""company"" field; brand breakdown includes ""QUIKSILVER, BILLABONG, ROXY, DC SHOES, RVCA, ELEMENT (Reseau)"": 9. robots https://recrutement.groupe-beaumanoir.com/robots.txt ""User-agent: *"" / ""Allow: /"". PARENT PORTAL: Groupe Beaumanoir."
ELEMIS,Pinpoint,"{""origin"":""https://careers.elemis.com""}",35,"Brand runs its OWN ATS (found via the L'OCCITANE careers SPA bundle referencing https://careers.elemis.com). robots.txt careers.elemis.com: 'User-Agent: *' disallowing only /mydata, /admin, /companies and two specific /postings/{uuid} - the jobs feed is allowed. GET https://careers.elemis.com/jobs -> 200 JSON with data[] of 35 real job records (id, title, benefits, description), e.g. id 412282 'Join our Talent Community - Retail Sales'."
Elie Saab,NONE,,0,"GET https://eliesaab.com/pages/careers -> 200 (Shopify page, title 'Careers at Elie Saab', meta desc 'view our current vacancies here'); GET https://eliesaab.com/pages/careers.json -> 200 shows page body_html:"""" (empty, updated 2026-06-15). Headless Chrome --dump-dom render of the same URL -> <main> innerText length 0, no job markup, no ATS script/iframe (only GTM, Osano, Shopify apps). sitemap_pages_1.xml lists only /pages/careers (no per-job pages). Probed slugs eliesaab/elie-saab/eliesaabgroup on Greenhouse, Lever, Ashby, Recruitee, Workable -> all 404; WTTJ algolia organization.slug:elie-saab & eliesaab -> 200 nbHits=0. careers./jobs.eliesaab.com do not resolve. robots.txt allows: 'User-agent: *' + 'Allow: /'. Careers page exists but is currently empty."
Emanuel Ungaro,NONE,,0,"GET https://www.ungaro.com/robots.txt -> 200, 'User-agent: *' with Disallow only /wp-admin/ /wp-includes/ /wp-content/ (jobs paths not disallowed). GET https://www.ungaro.com/ -> 200 (WordPress), no careers link. GET https://www.ungaro.com/wp-json/wp/v2/pages?per_page=100 -> 200, all 25 pages enumerated, none careers-related. GET https://www.ungaro.com/wp-json/wp/v2/search?search={career,carriere,recrutement,emploi,jobs} -> 200, all returned []. GET https://www.ungaro.com/contact/ -> 200: the only careers surface is a 'Careers' choice in the generic contact-form subject dropdown - no listings, no ATS. ATS probes on 'ungaro'/'emanuelungaro' -> all non-200; SmartRecruiters -> 200 totalFound:0 (empty). WTTJ organization.slug:ungaro / emanuel-ungaro -> nbHits 0. No reachable job feed."
Embryolisse,WTTJ,"{""slug"":""embryolisse""}",3,"POST https://CSEKHVMS53-dsn.algolia.net/1/indexes/wttj_jobs_production_fr/query filters=organization.slug:embryolisse -> 200, nbHits=3; hits[].organization.name == 'Embryolisse' (identity verified, not a slug collision). Titles: GESTIONNAIRE ADV EXPORT H/F (CDD 9 mois), Stagiaire Trade Marketing, Stage Assistant(e) Experience Client - Embryolisse/Hygee."
Emilio Pucci,LVMH-Algolia,"{""appId"":""SDMQTD2J9T"",""apiKey"":""a5c6f4c87dea9aac0732631cd87583b2"",""index"":""PRD-en-us"",""filters"":""category:job AND maison:\""Emilio Pucci\""""}",7,"Parent portal LVMH. The listing runs on Algolia: POST https://SDMQTD2J9T-dsn.algolia.net/1/indexes/PRD-en-us/query with headers x-algolia-application-id: SDMQTD2J9T, x-algolia-api-key: a5c6f4c87dea9aac0732631cd87583b2, Referer https://www.lvmh.com/ and body {""query"":"""",""filters"":""category:job AND maison:\""Emilio Pucci\""""} -> 200, nbHits=7. Hits are real job records with fields category/source(jobhub)/name/maison/geographicArea/city/regionState/countryRegion/contract/requiredExperience/workingMode/link/atsId (e.g. Fendi hit name 'Client Advisor - Berlin', maison 'Fendi', city 'Berlin'). The maison label is taken verbatim from GET https://www.lvmh.com/proxyApi/v1/jobhub/criteria?lang=fr -> 200, which lists this maison among 76. Per-offer detail also verified live: GET https://www.lvmh.com/proxyApi/v1/jobhub/offer?reference=REPO00097&lang=fr -> 200 returning reference/jobTitle/maison/company/city/contract. robots.txt www.lvmh.com: 'User-agent: *' disallowing only /*espace-candidat, /*spazio-candidato, /*candidate-portal (the APPLY portal) - the offer listings are allowed."
Empreinte,NONE,,0,"GET https://www.empreinte.eu/robots.txt -> 200, 'User-agent: *' with no Disallow on careers paths. Homepage https://www.empreinte.eu/fr/ -> 200 links CMS page /fr/content/nous-rejoindre.html. GET https://www.empreinte.eu/fr/content/nous-rejoindre.html -> 200: full page text is a short blurb ending 'Si vous souhaitez nous rejoindre, envoyez votre candidature a l'adresse : [email] ou sur LinkedIn' -- no job listings, no ATS embed. Subdomains recrutement./carriere./jobs.empreinte.eu do not resolve (curl 000). Probed empreinte / empreinte-lingerie / groupe-empreinte on Greenhouse, Lever, Recruitee, Workable -> all 404; Personio -> 307 to a Vercel Security Checkpoint (wildcard, not a board); DigitalRecruiters POST with domainName=www.empreinte.eu -> 400 'The given data was invalid'; WTTJ algolia organization.slug:empreinte -> 200 nbHits=0. Applications are email/LinkedIn only."
Eram,Magnet,"{""siteKey"":""61ffe84ad14ba0fdbb448d2d388ac4e3"",""origin"":""https://recrutement.groupe-eram.com""}",89,"GET https://www.groupe-eram.com/nous-rejoindre -> 200 links recrutement.groupe-eram.com/search. GET https://recrutement.groupe-eram.com/search -> 200; HTML carries window.cvc (CleverConnect/HelloWork) with ""editorId"":1052 and ""publicKey"":""61ffe84ad14ba0fdbb448d2d388ac4e3"", company_name ""Eram"". POST https://api.magnet.work/v2/security/login -> 200 token; POST https://api.magnet.work/v2/job-offers (body needs skills/jobs/cities/departments/regions/countries/contracts/hobbies/offset/limit) -> 200, data.total=89, first record company ""Gemo magasin"" (Groupe Eram brand). robots https://recrutement.groupe-eram.com/robots.txt ""User-agent: *"" / ""Allow: /"". Note the page also references privacy.talentsoft.com but the live feed is Magnet."
Erborian,SuccessFactors,"{""origin"":""https://careers-group.loccitane.com""}",10,"Parent portal L'OCCITANE Group. TWO feeds exist and BOTH were fetched. (1) SAP SuccessFactors at careers-group.loccitane.com (found via the careers.loccitane.com SPA bundle /assets/index-zwRMFeOD.js referencing https://careers-group.loccitane.com/search/); robots.txt there is 'User-agent: *' disallowing only /applybutton/ /talentcommunity/ /emailsubscribe/ /services/ /preapply/ /error /unsubscribe/ /reset/ - /search/ ALLOWED. GET https://careers-group.loccitane.com/search/?q=Erborian -> 200, label 'Results 1 - 12 of 12', 12 unique /job/ links of which 10 contain 'Erborian' in the URL (e.g. /job/Paris-CDI-Performance-Media-Manager-FH-Erborian-Ile/1413706733/); the other 2 are fuzzy matches (a Sol de Janeiro role, an Executive Assistant). Filter proven real by control: ?q=zzzznope -> 200 with NO results label. Group total /search/?startrow=0 -> 'Results 1 - 15 of 22'. (2) A Pinpoint feed GET https://joinus.loccitane.com/jobs -> 200 (919KB) {""jobs"":[...]} with 92 records, but only 1 of those 92 mentions Erborian ('Trade Marketing Associate Manager, Erborian', New York) - 92 is the GROUP total, not the brand's. robots joinus.loccitane.com: 'User-agent: *' / 'Disallow:' (nothing disallowed). Reported job_count=10 = exact Erborian-attributed roles on the SF portal."
Ercuis,NONE,,0,"GET https://www.ercuis.com/en-fr/ -> 200; careers page https://www.ercuis.com/fr-fr/work-with-us.html -> 200 (165,685 B). Salesforce Commerce Cloud storefront; zero ATS fingerprints (no greenhouse/lever/workday/flatchr/taleez/teamtailor/etc). Only application route is mailto:l.redon@ercuis-raynaud.com ('POSTULER'); no vacancy list on page. Parent https://www.arcturus.group/ -> 200 but 114-byte empty placeholder. WTTJ slugs ercuis/ercuis-raynaud -> nbHits 0. Greenhouse boards-api slug 'ercuis' -> 404. Dominant reason: no job feed exists, mailto-only."
Eres,WTTJ,"{""slug"":""maison-eres""}",3,"Found via https://www.eresparis.com/eu/en/home -> 200 (needs cookie jar; footer link aria-label=""Careers"" -> https://www.welcometothejungle.com/en/companies/maison-eres). VERIFIED: POST https://CSEKHVMS53-dsn.algolia.net/1/indexes/wttj_jobs_production_fr/query filters organization.slug:maison-eres -> 200, nbHits=3, hits[].organization.name='ERES' (CDI Conseillere de Vente Paris; CDD Charge de Methodes & Industrialisation Produit; CDI Credit Manager). Slug 'eres-group' correctly ruled out (different company). Parent Chanel Workday POST https://cc.wd3.myworkdayjobs.com/wday/cxs/cc/ChanelCareers/jobs -> 200 total=1088 but no brand facet and zero Eres-identifiable titles, so WTTJ is the correct Eres source."
Escada Parfums,SuccessFactors,"{""origin"":""https://careers.coty.com""}",117,"PARENT PORTAL (Coty licenses Escada fragrances). GET https://careers.coty.com/ -> 200; HTML shows rmkcdn.successfactors.com/90fd0000/... + successfactors.eu/verp/vmod (SAP SuccessFactors RMK, tenant asset id 90fd0000). Feed VERIFIED: GET https://careers.coty.com/search/?startrow=0 -> 200 (412,714 B), server-rendered /job/{City-Title}/{id}/ links; paginated startrow=0 -> 50 links, startrow=50 -> 50, startrow=100 -> 17 = 117 total, matching the page's own '117 Jobs' / 'of 117' label. robots https://careers.coty.com/robots.txt 'User-agent: *' disallows only /applybutton/ /talentcommunity/ /emailsubscribe/ /services/ /preapply/ /error /unsubscribe/ /reset/ — /search/ is NOT disallowed. Note: Coty's JS-rendered brand page did not enumerate Escada; count is the group-wide portal."
Essential Parfums,NONE,,0,"Domain in brief essential-parfums.com does NOT resolve (curl error 6 / NXDOMAIN). Real site https://www.essentialparfums.com/ -> 200 (181,931 B, Shopify). Zero ATS fingerprints. No careers link in HTML. Full Shopify page sitemap https://www.essentialparfums.com/sitemap_pages_1.xml -> 200, 24 pages, none careers-related; /pages/careers, /carrieres, /jobs, /recrutement, /nous-rejoindre all 404. Greenhouse slug 'essentialparfums' -> 404; WTTJ slugs essential-parfums / essential-parfums-1 -> nbHits 0. Dominant reason: no careers page exists."
Essie,Avature,"{""origin"":""https://careers.loreal.com""}",1737,"PARENT PORTAL (Essie is an L'Oreal brand; no own careers site). GET https://careers.loreal.com/en_US/jobs -> 200 (227,315 B); HTML meta 'avature.wizard.registrars' = Avature. Feed VERIFIED: GET https://careers.loreal.com/en_US/jobs/SearchJobsAJAXJSON/?jobOffset=0 -> 200, JSON array of 20 records with id/value/label/category/location/postedDate. Paginated via jobOffset step 20: last non-empty offset 1720 returned 17 records, offset 1740 empty => 1737 jobs (page label says 'Showing 1-20 of 999+ results'). robots https://careers.loreal.com/robots.txt 'User-agent: *' -> 'Allow: /careers', only '/careers/*qtvc=' disallowed. Caveat: 'essie' is not a queryable facet — count is group-wide."
Estée Lauder,Eightfold,"{""origin"":""https://careers.elcompanies.com"",""domain"":""elcompanies.com""}",1400,"VERIFIED PERSONALLY. robots https://careers.elcompanies.com/robots.txt: 'User-agent: *' / 'Disallow: /' but with explicit 'Allow: /careers' AND 'Allow: /api/pcsx' — the API is permitted. Seed GET https://careers.elcompanies.com/careers -> 200 (sets session cookie), then GET https://careers.elcompanies.com/api/pcsx/search?domain=elcompanies.com&start=0&num=10 -> 200 with data.count=1400 and data.positions[] carrying id/displayJobId/name/locations/department/positionUrl (e.g. 'Key Holder - Le Labo - Full Time - Seattle, WA'). Confirms the prior pass's Eightfold/1399 finding (now 1400)."
Ester Manas,NONE,,1,"GET https://estermanas.com/pages/ester-manas-careers -> 200 (355,168 B). Plain Shopify page, ZERO ATS fingerprints and no mailto. Server-rendered text: 'ESTER MANAS CAREERS : DESIGN INTERN — Internship · Brussels · Starting Oct. 2026' with READ MORE -> /pages/design-internship (200). robots https://estermanas.com/robots.txt 'User-agent: *' / 'Allow: /' (Shopify default, careers path not disallowed). 1 verified open role but no machine feed — ats=NONE (no reachable structured feed)."
Etam,Teamtailor,"{""origin"":""https://career.groupeetam.com""}",188,"Found via https://www.etam.com/ -> 200, footer link 'Nous recrutons' -> https://etam.teamtailor.com/. VERIFIED: GET https://career.groupeetam.com/jobs.json?per_page=100 -> 200 (1,119,463 B) JSON Feed v1.1 title='Groupe ETAM'; paginated via next_url = 188 unique job ids across 2 pages. (Sibling site https://career.etam.com/jobs.json?per_page=100 -> 200 title='Etam' = 120 jobs, and https://etam.teamtailor.com/jobs.json?per_page=100 -> 200 = same 120; the groupeetam host is the superset, so it is the config.) robots https://career.etam.com/robots.txt 'User-Agent: *' disallows only /app/ /messages/ /messenger/ /facebook/tab/ /jobs/internal/ — /jobs.json allowed."
Etro Parfums,ADP,"{""origin"":""https://etro.careers.adp.com""}",17,"PARENT PORTAL (Etro house; Etro Parfums is a licensed fragrance line). Found via https://www.etro.com/fr-en/careers.html -> 200, whose only ATS host is https://etro.careers.adp.com/. GET https://etro.careers.adp.com/ -> 200 (Angular SPA, footer 'Copyright © 2026 ADP Version: 1.35.3'). Feed VERIFIED: POST https://etro.careers.adp.com/webapi/api/v1/vacancy with body {} -> 200 JSON {data:[...],total:17,numberOfPages:2,numberOfRecordsToDisplay:10}; records carry itemID/postDate/job.jobTitle/organizationalUnits (e.g. 'CO - CANDIDATURA SPONTANEA - PROCUREMENT'). robots https://etro.careers.adp.com/robots.txt: 'User-agent: *' / 'Disallow: /' BUT explicit 'Allow: /vacancy', 'Allow: /vacancies', 'Allow: /vacancy/', 'Allow: /vacancies/' — the vacancy path is permitted."
Études Studio,NONE,,0,"GET https://www.etudes-studio.com/ -> 200 (585,150 B, Shopify). Zero ATS fingerprints, no careers link in HTML. Complete Shopify page sitemap enumerated (sitemap_pages_1.xml, 97 pages) — none career-related. /pages/careers, /pages/jobs, /pages/recrutement, /pages/carrieres, /pages/join-us, /pages/work-with-us, /pages/carriere all 404. Contact page /pages/contact-us -> 200 lists only info@/order@/sales@/press@ (no jobs address). Greenhouse slug 'etudesstudio' -> 404; WTTJ slug 'etudes-studio' -> nbHits 0. Dominant reason: no careers page exists (recruits via LinkedIn/FashionJobs)."
Eucerin,Sitecore,"{""origin"":""https://www.beiersdorf.com""}",127,"PARENT PORTAL (Eucerin is a Beiersdorf brand; brand sites carry no careers section — int.eucerin.com -> 200 links only to beiersdorf.com/career/overview). GET https://www.beiersdorf.com/career/your-application/job-search -> 200. No third-party ATS: proprietary Sitecore job board (data-ajax-url pattern /ajax/{Controller}/{Action} + contextItemId GUID + db=web). Feed VERIFIED PERSONALLY: GET https://www.beiersdorf.com/ajax/Jobboard/JobResultAjax?db=web&contextItemId=%7B213FB95D-4545-426C-9F6A-7CD5753A00EA%7D&lang=en -> 200 (6,701 B) HTML fragment '<div class=""cw-job-list col-12"" id=""result"" data-result-count=""127"">' with <li class=""cw-job""> entries; 10/page, &page=N paginates. robots https://www.beiersdorf.com/robots.txt 'User-agent: *' disallows only /xajax/, /alpacaforms/, /search-result-page* — /ajax/ and /career/ allowed. Caveat: searchTerm=Eucerin does not filter, count is group-wide."
Ex Nihilo,NONE,,0,"Domain in brief exnihilo-paris.com does NOT resolve (NXDOMAIN). Real site https://www.ex-nihilo-paris.com/ -> 200 (244,145 B, Shopify), title 'EX NIHILO PARIS - Official online store'. Zero ATS fingerprints; only non-product links are /la-maison and a Calendly booking URL. Sitemap https://www.ex-nihilo-paris.com/sitemap.xml -> 200, 133 locs, all /products/ and /collections/, no careers page; /pages/careers, /carrieres, /jobs, /recrutement, /nous-rejoindre, /join-us all 404. Greenhouse slug 'exnihilo' -> 404; WTTJ slugs ex-nihilo / ex-nihilo-paris / exnihilo -> nbHits 0. Dominant reason: no careers page exists."
Extime Duty Free Paris,BLOCKED_WAF,,0,"No careers surface of its own. GET https://www.extime.com/fr/paris/nous-rejoindre -> HTTP 307 with Location: https://www.parisaeroport.fr/groupe/ressources-humaines (hands recruitment to parent Groupe ADP). GET https://www.parisaeroport.fr/en/group/jobs -> 200 body but content is only 'Request unsuccessful. Incapsula incident ID: 985000410706715320-...' = Imperva/Incapsula WAF interstitial, NOT robots (robots https://www.parisaeroport.fr/robots.txt 'User-agent: *' / 'Disallow:' = nothing disallowed). recrutement./carriere./careers./jobs.extime.com all NXDOMAIN; www.extimedutyfreeparis.com -> 403. WTTJ extime / extime-1 / extime-duty-free-paris -> nbHits 0. ADP's own Talentsoft board (groupeadp-recrute.talent-soft.com, 65 offers) contains ZERO 'extime' occurrences, so no Extime jobs are published there. Dominant reason: parent careers host is WAF-blocked and carries no Extime roles anyway."
Faïencerie de Gien,NONE,,0,"GET https://www.gien.com/ -> 200; careers hub https://www.gien.com/pages/rejoignez-nous -> 200; offers page https://www.gien.com/pages/nos-offres -> 200 (536,653 B, Shopify). Zero ATS fingerprints. No vacancies hosted on-site — the only outbound job links are https://fr.indeed.com/cmp/Fa%C3%AFencerie-De-Gien-5 and https://recrute.pole-emploi.fr/page-entreprise/faienceries-de-gien; page text directs candidates to mailto:jobs@gien.com for spontaneous applications. WTTJ slugs gien / faiencerie-de-gien / faiencerie-gien -> nbHits 0. Dominant reason: no own feed; jobs only on Indeed/France Travail."
Fareva,NONE,,0,"GET https://www.fareva.com/en -> 200. The /en/your-future/our-jobs page is job-FAMILY descriptions, not vacancies. Real vacancy list https://www.fareva.com/en/your-future/our-current-offers2 -> 200 (35,317 B) (note literal '2'; /our-current-offers -> 404). In-house Symfony/Webpack Encore portal (/assets/build/app.9b8b6c4d.js, job_offer_folder.338f76b9.js), ZERO third-party ATS fingerprints and zero external hosts; search is a plain server-side GET form. Server-rendered text reads 'No offer match these criteria' => job_count 0 (verified). No careers subdomain (careers./recrutement./jobs.fareva.com all NXDOMAIN); robots.txt returns a 404 HTML page. WTTJ slug 'fareva' -> nbHits 0. 0 is a verified count, not a failure."
Fashion Group,LVMH-Algolia,"{""appId"":""SDMQTD2J9T"",""apiKey"":""a5c6f4c87dea9aac0732631cd87583b2"",""index"":""PRD-en-us"",""filters"":""category:job AND maison:\""Fashion Group\""""}",24,"PARENT PORTAL (LVMH maison). VERIFIED PERSONALLY: POST https://SDMQTD2J9T-dsn.algolia.net/1/indexes/PRD-en-us/query (headers x-algolia-application-id: SDMQTD2J9T, x-algolia-api-key: a5c6f4c87dea9aac0732631cd87583b2, Referer https://www.lvmh.com/) body filters 'category:job AND maison:""Fashion Group""' -> 200, nbHits=24, hits carry maison='Fashion Group', source='jobhub', name/city/countryRegion/contract/link/atsId (e.g. 'Assistant Accountant', Singapore). Maison label cross-confirmed present in the live LVMH criteria feed GET https://www.lvmh.com/proxyApi/v1/jobhub/criteria?lang=en -> 200 (76 maisons). robots https://www.lvmh.com/robots.txt 'User-agent: *' disallows only /*espace-candidat, /*spazio-candidato, /*candidate-portal — listings allowed."
FashionNetwork France,BLOCKED_WAF,,0,"GET https://fr.fashionnetwork.com/ -> 200, but GET https://fr.fashionnetwork.com/emploi -> HTTP/2 403 with 'server: cloudflare', 'cf-ray: a3471db1daf219a5-CDG' and a '<title>Attention Required! | Cloudflare</title>' challenge body. This is a WAF block, NOT robots: https://fr.fashionnetwork.com/robots.txt 'User-agent: *' group reads 'Allow: /' and disallows only /account/ /ajax/ /annuaire/ /contact/ /dashboard/ /download/ /include/ /login/ /network/ /newsletters/ /nl/ /parrainer/ /register/ /search/ /societes/ /traduction/ /transaction/ /rss/feed/ /fragments/ — /emploi is NOT disallowed. /jobs also 403. Its job links point at sibling board fr.fashionjobs.com which is likewise Cloudflare-gated (matches project memory: only Chromium passes). No ATS vendor determinable via curl."
Father & Sons,Flatchr,"{""company"":""father-sons"",""origin"":""https://careers.flatchr.io""}",12,"Found via https://www.fatherandsons.fr/pages/recrutement -> 200, whose sole external resource is the iframe https://careers.flatchr.io/company/father-sons?iframe=true. Feed VERIFIED PERSONALLY: GET https://careers.flatchr.io/company/father-sons.json -> 200, application/json, 72,265 B, {""items"":[...]} with 12 items all published:true. Real data lives in items[].vacancy (title/addressFormatted/contract_type/apply_url) — e.g. 'Conseiller(e) de vente - CDI 30 H - Bordeaux', 'CDD 39 H - Ecully', 'CDI 24 H - Metz'. Iframe page itself also renders 12 /vacancy/ links, matching."
Fendi,LVMH-Algolia,"{""appId"":""SDMQTD2J9T"",""apiKey"":""a5c6f4c87dea9aac0732631cd87583b2"",""index"":""PRD-en-us"",""filters"":""category:job AND maison:\""Fendi\""""}",97,"VERIFIED PERSONALLY: POST https://SDMQTD2J9T-dsn.algolia.net/1/indexes/PRD-en-us/query filters 'category:job AND maison:""Fendi""' -> 200, nbHits=97, hits[].maison='Fendi', source='jobhub' (e.g. 'Client Advisor - Berlin'; 'ALTERNANCE - Conseiller(e) de Vente', Paris). Fendi ALSO runs its own WordPress careers site: https://careers.fendi.com/ -> 200 with https://careers.fendi.com/job-search-page/job-results-page/ -> 200 server-rendering ?jobid= links, which I paginated via ?firstResult=N step 10 to exactly 70 unique job ids. Chose the LVMH Algolia feed as config (97 > 70, structured JSON). robots careers.fendi.com 'User-agent: *' disallows only /wp-admin/ and /wp-content/uploads/media-from-ftp-tmp/; robots www.lvmh.com disallows only candidate-portal paths."
Fenty,LVMH-Algolia,"{""appId"":""SDMQTD2J9T"",""apiKey"":""a5c6f4c87dea9aac0732631cd87583b2"",""index"":""PRD-en-us"",""filters"":""category:job AND maison:\""Fenty\""""}",2,"PARENT PORTAL (LVMH maison; fentybeauty.com/pages/careers -> 200 is a Shopify marketing shell with zero job listings and zero ATS fingerprints — verified by stripping tags and reading the rendered text). VERIFIED PERSONALLY: POST https://SDMQTD2J9T-dsn.algolia.net/1/indexes/PRD-en-us/query filters 'category:job AND maison:""Fenty""' -> 200, nbHits=2, hits[].maison='Fenty', source='jobhub' ('Assistant Retail Marketing Manager' and 'Assistant Product Manager - Kendo', both Shanghai). Maison label cross-confirmed in GET https://www.lvmh.com/proxyApi/v1/jobhub/criteria?lang=en -> 200."
Fil Rouge,NONE,,0,"Could not resolve the company to any reachable web presence. DNS failures (curl error 6 / NXDOMAIN) on: filrouge.fr, fil-rouge.fr, filrouge.com, groupefilrouge.com, www.filrouge-paris.com, www.agencefilrouge.fr. WTTJ slugs 'fil-rouge' and 'filrouge' -> nbHits 0. Dominant reason: no identifiable domain for this supplier, so no feed could be probed."
Filorga,SuccessFactors,"{""origin"":""https://jobs.colgate.com""}",501,"PARENT PORTAL (Filorga is owned by Colgate-Palmolive; the brand itself has NO careers page — https://www.filorga.com/ -> 200 redirects to int.filorga.com, Shopify, whose full 27-page sitemap contains no careers page and /pages/careers + /pages/recrutement 404). Group portal GET https://jobs.colgate.com/ -> 200 with rmkcdn.successfactors.com/aaf0b946/ assets + jobs2web j2w.*.min.js = SAP SuccessFactors RMK. Feed VERIFIED PERSONALLY: GET https://jobs.colgate.com/sitemap.xml -> 200 (6,131,976 B) which is actually an RSS 2.0 job feed ('<rss version=""2.0""...><title>Careers at Colgate</title>') containing exactly 501 <item> entries. 4 of them name Filorga (Regulatory Operations Executive Mumbai; Brand Manager Mexico City; Customer Dev & In-Field Tech Specialist Dublin; Demand Services Procurement Specialist Mexico City). robots https://jobs.colgate.com/robots.txt 'User-agent: *' disallows only /applybutton/ /talentcommunity/ /emailsubscribe/ /services/ /preapply/ /error /unsubscribe/ /reset/ — sitemap.xml not disallowed. Count is group-wide (501); brand is not a queryable facet."
Florentina Leitner,NONE,,0,"GET https://www.florentinaleitner.com/ -> 200 (356,474 B, Shopify). Zero ATS fingerprints. Only non-product link found in HTML is /policies/contact-information; every /pages/ link enumerated (about, stockists, contacts, ~15 lookbook/collection pages) — none career-related. /pages/careers, /pages/jobs, /pages/internship all 404 while /pages/contact -> 200 (proving the 404s are real absences). /sitemap.xml returned no career-related loc. Dominant reason: brand too small — no careers page exists."
FLS,NONE,,0,"Could not confirm the intended entity, and no candidate has a fashion/luxury careers feed. https://www.fls.fr -> 200 but redirects to https://fls-location.fr/ (equipment rental — wrong sector). https://fls-group.com/ -> 200 but its own text identifies it as 'FLS Group - Tailor-Made Global Solutions', a Thai logistics/warehousing operator (Map Ta Phut, Ban Khai industrial estates) — wrong entity. groupe-fls.com -> NXDOMAIN. Dominant reason: supplier not identifiable to a fashion/luxury company with a reachable careers domain."
Foot Locker France,Phenom,"{""origin"":""https://careers.footlocker.com""}",2814,"GET https://careers.footlocker.com/api/jobs?limit=10&page=1 [200] -> Phenom JSON, totalCount=2814 (count=1972 for the default en-us language slice); jobs[].data has slug/req_id/title/description e.g. req 71508 'Store Manager'. Re-fetched with limit=1 [200] totalCount=2814 (premise said 2803 - live value is 2814). robots.txt careers.footlocker.com 'User-agent: *' -> 'Allow: /' with 'crawl-delay: 5' (honoured)."
Fragonard,Indeed,"{""origin"":""https://www.fragonard.com/fr-int/carrieres.cfm""}",4,"GET https://www.fragonard.com/ [200] -> footer careers link /fr-int/carrieres.cfm. GET https://www.fragonard.com/fr-int/carrieres.cfm [200]: no ATS vendor fingerprint; the 4 live openings are hard-linked to fr.indeed.com/job/... (agent-de-conditionnement, assistant-relation-clientele-b-c, guide-vendeur-contrat-etudiant, guide-vendeur - all '-les-parfumeries-fragonard-<hash>'). Same 4 on the en-int locale. No self-hosted JSON feed exists."
FRAME,NONE,,0,GET https://frame-store.com/ [200] and https://frame-store.com/pages/careers [200] (Shopify). Careers page renders only the heading 'Careers' plus Shopify subscription/tier boilerplate - zero job records and no ATS vendor fingerprint (grep for greenhouse/lever/ashby/workable/recruitee/personio/workday/smartrecruiters/teamtailor/phenom = none). WTTJ slug 'frame' is the unrelated strategy consultancy (already ruled out). Dominant reason: brand publishes no public job feed.
France Inter Mode,NONE,,0,"DNS/connection failure on every candidate host: https://www.franceintermode.com/ and https://franceintermode.com/ both return curl exit 6/7 (HTTP 000, no resolution). No reachable corporate site, therefore no careers page and no feed to probe. Dominant reason: no live web presence."
Francesco Smalto,NONE,,0,"GET https://www.smalto.com/ [200, 249846b] - no careers/recrutement link in nav or footer and no ATS vendor fingerprint. GET https://www.smalto.com/pages/carrieres [404]. No ATS subdomain resolves. Dominant reason: no public careers page."
Franck Muller,NONE,,0,"GET https://www.franckmuller.com/ [200] exposes a footer link '/careers', but GET https://www.franckmuller.com/careers [404], /careers/ [404], /en/careers [404] and /pages/careers [404] - the link is dead. No ATS vendor fingerprint anywhere in the homepage HTML. WTTJ slug 'franck-muller' -> nbHits 0. Dominant reason: careers route broken, no reachable feed."
Franck Sorbier,NONE,,0,"GET https://www.francksorbier.com/ [200] returns a 4829-byte placeholder page - no careers link, no ATS fingerprint, no job content at all. Dominant reason: site is a stub, couture house publishes no job feed."
Franco Gioielli,BLOCKED_ROBOTS,,31,"Parent is THOM Group. GET https://www.thomgroup.com/talents/job-offers/ [200] -> the group's job boards are EasyCruit: orovivo.easycruit.com, histoiredor.easycruit.com, thomgroup.easycruit.com. GET https://orovivo.easycruit.com/intranet/alle_stellenanzeigen/?iso=de [200] renders 31 unique /vacancy/<id>/ links, BUT robots.txt https://orovivo.easycruit.com/robots.txt 'User-agent: *' -> 'Disallow: /intranet/' and every vacancy path sits under /intranet/. Non-intranet root https://thomgroup.easycruit.com/ returns [202] with a 0-byte body. Marked BLOCKED_ROBOTS; count shown is what the disallowed path would yield, not scraped."
Fred,LVMH-Algolia,"{""appId"":""SDMQTD2J9T"",""apiKey"":""a5c6f4c87dea9aac0732631cd87583b2"",""index"":""PRD-en-us"",""filters"":""category:job AND maison:\""Fred\""""}",14,"Parent portal LVMH. The listing runs on Algolia: POST https://SDMQTD2J9T-dsn.algolia.net/1/indexes/PRD-en-us/query with headers x-algolia-application-id: SDMQTD2J9T, x-algolia-api-key: a5c6f4c87dea9aac0732631cd87583b2, Referer https://www.lvmh.com/ and body {""query"":"""",""filters"":""category:job AND maison:\""Fred\""""} -> 200, nbHits=14. Hits are real job records with fields category/source(jobhub)/name/maison/geographicArea/city/regionState/countryRegion/contract/requiredExperience/workingMode/link/atsId (e.g. Fendi hit name 'Client Advisor - Berlin', maison 'Fendi', city 'Berlin'). The maison label is taken verbatim from GET https://www.lvmh.com/proxyApi/v1/jobhub/criteria?lang=fr -> 200, which lists this maison among 76. Per-offer detail also verified live: GET https://www.lvmh.com/proxyApi/v1/jobhub/offer?reference=REPO00097&lang=fr -> 200 returning reference/jobTitle/maison/company/city/contract. robots.txt www.lvmh.com: 'User-agent: *' disallowing only /*espace-candidat, /*spazio-candidato, /*candidate-portal (the APPLY portal) - the offer listings are allowed."
Fresh,LVMH-Algolia,"{""appId"":""SDMQTD2J9T"",""apiKey"":""a5c6f4c87dea9aac0732631cd87583b2"",""index"":""PRD-en-us"",""filters"":""category:job AND maison:\""Fresh\""""}",43,"Parent portal LVMH. The listing runs on Algolia: POST https://SDMQTD2J9T-dsn.algolia.net/1/indexes/PRD-en-us/query with headers x-algolia-application-id: SDMQTD2J9T, x-algolia-api-key: a5c6f4c87dea9aac0732631cd87583b2, Referer https://www.lvmh.com/ and body {""query"":"""",""filters"":""category:job AND maison:\""Fresh\""""} -> 200, nbHits=43. Hits are real job records with fields category/source(jobhub)/name/maison/geographicArea/city/regionState/countryRegion/contract/requiredExperience/workingMode/link/atsId (e.g. Fendi hit name 'Client Advisor - Berlin', maison 'Fendi', city 'Berlin'). The maison label is taken verbatim from GET https://www.lvmh.com/proxyApi/v1/jobhub/criteria?lang=fr -> 200, which lists this maison among 76. Per-offer detail also verified live: GET https://www.lvmh.com/proxyApi/v1/jobhub/offer?reference=REPO00097&lang=fr -> 200 returning reference/jobTitle/maison/company/city/contract. robots.txt www.lvmh.com: 'User-agent: *' disallowing only /*espace-candidat, /*spazio-candidato, /*candidate-portal (the APPLY portal) - the offer listings are allowed."
Fringuant,NONE,,0,"GET https://www.fringuant.com/ [200, 34636b] and https://fringuant.com/ [200] - no careers/recrutement/nous-rejoindre link and no ATS vendor fingerprint in the HTML. Dominant reason: small supplier, no public careers page."
Fursac,SmartRecruiters,"{""account"":""SMCP""}",3,"Parent is SMCP. GET https://www.smcp.com/fr/talents/offres-d-emploi/ [200] -> SmartRecruiters widget subscriptions.smartrecruiters.com/widget/v1/sr-job-alerts.js?dcr_ci=SMCP. Verified GET https://api.smartrecruiters.com/v1/companies/SMCP/postings?limit=100 [200] totalFound=534 (content[].company.name='SMCP'). Fursac subset: same endpoint with &q=Fursac [200] totalFound=3 ('Charge.e de Service Client et omnicanalite CDI - H/F', 'Juriste Droit Social H/F', 'Stage - Juriste H/F'). Parent group feed - Fursac has no own ATS."
G/FORE,RichemontCareers,"{""origin"":""https://careers.richemont.com"",""search"":""g-fore""}",0,"robots.txt careers.richemont.com: 'User-agent: *' / 'Allow: /'. GET https://careers.richemont.com/en/jobs/?search=gfore -> 200, 0 job routes; ?search=g-fore -> 200, 3 routes (jr128959, jr130680, jr132279) BUT jr130680 is '/lehrstelle-als-...' (a Swiss apprenticeship), i.e. the hyphenated query is fuzzy-matching rather than brand-filtering; job detail pages return 403 Cloudflare so the titles could not be confirmed. Controls: ?search=zzzznope -> 0, ?search=dunhill -> 16, ?search=cartier -> 20. Recorded as 0 verified brand jobs. The robots-allowed Richemont Workday feed (broadbean_external, total=422, fully enumerated) has no maison facet and no G/FORE match."
Galeries Lafayette,Teamtailor,"{""origin"":""https://carrieres.groupegalerieslafayette.com""}",157,"www.galerieslafayette.com is WAF-blocked (403 on / and /carrieres, even robots.txt returns an 'Acces restreint' HTML page), so located the group careers domain instead. GET https://carrieres.groupegalerieslafayette.com/jobs [200] -> Teamtailor fingerprint in HTML. Verified feed GET https://carrieres.groupegalerieslafayette.com/jobs.json?per_page=100 [200] -> JSON Feed, title='Groupe Galeries Lafayette'; followed next_url across 2 pages -> 157 real items e.g. 'Conseiller de vente Espace Luxe F/H', 'Employe Service Client F/H'. robots.txt 'User-Agent: *' -> only 'Disallow: /app/ /messages/ /messenger/ /facebook/tab/ /jobs/internal/' - /jobs and jobs.json are allowed."
Galimard,NONE,,0,"GET https://www.galimard.com/ [200, 1653269b] - no careers/recrutement link anywhere in the markup and no ATS vendor fingerprint. GET https://www.galimard.com/fr/content/9-recrutement [404]. WTTJ slug 'galimard' -> nbHits 0. Dominant reason: no public careers page or feed."
Garnier,Avature,"{""origin"":""https://careers.loreal.com""}",1737,"Parent portal L'Oreal = AVATURE (page JS exposes avature.portal.id / avature.portal.urlPath / avature.portallist.search on https://careers.loreal.com/en_US/jobs/SearchJobs -> 200). robots.txt careers.loreal.com: 'User-agent: *' then 'Allow: /careers' + Sitemap lines; jobs not disallowed. Live pagination verified: /en_US/jobs/SearchJobs/?jobOffset=0 -> 20 JobDetail links, jobOffset=1734 -> 3, jobOffset=1750 -> 0, i.e. ~1737 live postings. Cross-checked against the robots-advertised sitemap GET https://careers.loreal.com/en_US/jobs/sitemap.xml -> 200 containing exactly 1737 /JobDetail/{slug}/{id} URLs (fr_FR sitemap gives the same 1737). Sample /JobDetail/Nordic-Data-Analytics-Manager/208631 -> 200 with ""title"":""(2026) - LOA - Nordics - Nordic Data & Analytics Manager"". Also GET /en_US/jobs/SearchJobsAJAXJSON?s=1 -> 200 real job JSON (typeahead only - its 'from' param is ignored, so it is not the paginated feed). CAVEAT: there is no working brand filter (?keyword=<brand> returns unrelated results), so the adapter target is the whole L'Oreal group feed; 1737 is group-wide, not brand-specific."
Gas Bijoux,Factorial,"{""origin"":""https://gasbijoux.factorial.fr""}",0,"GET https://gasbijoux.com/ [200] -> footer link /pages/recrutement; GET https://gasbijoux.com/pages/recrutement [200] -> links out to https://gasbijoux.factorial.fr/. Verified GET https://gasbijoux.factorial.fr/ [200, 73174b] - real Factorial-hosted board ('Rejoignez-nous !') but it currently lists zero open positions (only the '#jobs' anchor, no job detail links). robots.txt gasbijoux.factorial.fr 'User-agent: *' -> 'Allow: /'. Verified 0 is the live count."
Gauchere,NONE,,0,"GET https://gauchere.com/ [200, 129960b] and https://gauchere.com/pages/contact [200] - no careers/jobs link and no ATS vendor fingerprint. GET https://gauchere.com/pages/jobs [404]. Dominant reason: small independent label, no public job feed."
Gemo,Magnet,"{""siteKey"":""61ffe84ad14ba0fdbb448d2d388ac4e3"",""origin"":""https://recrutement.groupe-eram.com""}",42,"GET https://www.gemo.fr/nous-rejoindre [200] -> group portal https://recrutement.groupe-eram.com/. That SPA's bundle /build/main.79dd024d5e1893f3fabc.js references https://api.magnet.work and route /v2/job-offers; publicKey 61ffe84ad14ba0fdbb448d2d388ac4e3 taken from window.cvc config in the page HTML. POST https://api.magnet.work/v2/security/login {usr:b64(key),pass:b64(ISO ts)} [200] -> JWT; POST https://api.magnet.work/v2/job-offers with the schema the API demands (skills/jobs/cities/departments/regions/countries/contracts/hobbies/offset/limit all present) [200] -> total=89, list of 89 records. Brand breakdown of _source.brand: Gemo 42, Eram 16, TBS 10, BOCAGE 10, Mellow Yellow 4, Groupe ERAM 3, PARADE 2, DRESCO 1, LOG XL 1. Gemo = 42. robots.txt recrutement.groupe-eram.com 'User-agent: *' -> 'Allow: /'."
Georges Hobeika,NONE,,0,"GET https://georgeshobeika.com/ [200] -> footer link /pages/career-opportunities. GET https://georgeshobeika.com/pages/career-opportunities [200, 473061b] and the /fr/ locale [200]: Shopify page with no job records and no ATS vendor fingerprint (only a spontaneous-application invitation). Dominant reason: no structured job feed."
Gerard Darel,Taleez,"{""subdomain"":""gerarddarel""}",0,"GET https://gerarddarel.com/fr-fr [200] -> ATS link https://gerarddarel.taleez.com/. Verified GET https://gerarddarel.taleez.com/ [200] - real Taleez-hosted Angular board, but it renders no job records: sitemap.xml [200] contains only the root <loc>, the page HTML has zero job hrefs and zero 'offre/poste' occurrences, and the app bundle main-BGA6IW4A.js exposes only the '/jobs' route. GET /jobs [200] renders Taleez's 'Erreur' page; /api/* returns 401/404 (api.taleez.com/0/jobs -> 403 'Authentication required' - that is the private recruiter API). robots.txt gerarddarel.taleez.com 'User-agent: *' has no Disallow. Verified 0 open positions."
Germanier,NONE,,0,"GET https://kevingermanier.com/ [200, 74918b] - no careers link and no ATS vendor fingerprint; https://kevingermanier.com/pages/careers [404]. Dominant reason: small independent atelier, no public job feed."
Getex,NONE,,0,"GET https://www.getex.fr/ [200] -> footer link /nous-rejoindre/. GET https://www.getex.fr/nous-rejoindre/ [200, 64901b] - WordPress page with no job records, no ATS vendor fingerprint and no external board link (only wp-json oembed self-references). Dominant reason: supplier invites spontaneous applications only."
Giambattista Valli,NONE,,0,"GET https://www.giambattistavalli.com/ -> HTTP 000 (connection failure); https://giambattistavalli.com/ -> HTTP 500. No reachable site, so no careers page and no feed to probe. Dominant reason: brand site unreachable/erroring."
Gianvito Rossi,RichemontCareers,"{""origin"":""https://careers.richemont.com"",""search"":""gianvito""}",0,"robots.txt careers.richemont.com: 'User-agent: *' / 'Allow: /'. GET https://careers.richemont.com/en/jobs/?search=gianvito -> 200, 0 job routes; ?search=rossi -> 200, 0 routes. Search param proven real by controls (?search=zzzznope -> 0, ?search=dunhill -> 16, ?search=cartier -> 20), so 0 is a verified absence, not a broken query. The robots-allowed Richemont Workday feed (broadbean_external, POST .../wday/cxs/richemont/broadbean_external/jobs -> 200 total=422, all 422 enumerated) carries no maison facet and no Gianvito Rossi match."
Ginori 1735,Eightfold,"{""origin"":""https://careers.kering.com"",""domain"":""kering.com""}",16,"Parent portal Kering (Eightfold), same verified feed and robots as Gucci above (data.count=1007, 1005 unique positions enumerated). Exact brand count: 16 titles start with 'GINORI' (e.g. 'GINORI 1735 - Assistant Store Manager', 'GINORI 1735 - Addetta/o alla Lustratura e Molatura'). query=Ginori reports count=116 but is fuzzy-matched and inflated; 16 is the exact prefix count."
Giorgio Armani Privé,BLOCKED_ROBOTS,,0,"GET https://www.armani.com/fr-fr/ [200] -> careers link https://career5.successfactors.eu/career?company=3397177P (SAP SuccessFactors, Giorgio Armani tenant 3397177P). GET that URL [200] confirms a live SuccessFactors career site. BUT robots.txt https://career5.successfactors.eu/robots.txt 'User-agent: *' -> 'Disallow: /' plus 'Disallow: /*company' and only 'Allow: /login' - the career/job-search path is explicitly disallowed. Not crawled; marked BLOCKED_ROBOTS."
Girard-Perregaux,NONE,,0,"GET https://www.girard-perregaux.com/ [200, 721552b] - no careers/recrutement/jobs link in nav or footer and no ATS vendor fingerprint (grep for workday/successfactors/smartrecruiters/phenom/taleo/avature/teamtailor = none). Parent Sowind Group exposes no separate careers portal. Dominant reason: no public careers page or feed."
Givaudan,Phenom,"{""origin"":""https://careers.givaudan.com""}",361,"GET https://www.givaudan.com/ [200] -> careers.givaudan.com. GET https://careers.givaudan.com/global/en/search-results [200] -> Phenom site (cdn.phenompeople.com, phenomtrack.min.js) with the job payload server-rendered in the page as ""eagerLoadRefineSearch"":{""status"":200,""hits"":10,""totalHits"":361,""data"":{""jobs"":[...]}} - real records e.g. 'Coordinateur Ventes - Fine Fragrance (h/f/d)', 'Smaakpanel medewerker'. Re-fetched to confirm totalHits=361. Note the plain /api/jobs Phenom endpoint returns HTTP 500 on this tenant, so the listing must be read from search-results. robots.txt careers.givaudan.com 'User-agent: *' disallows only */apply, */jobcart, */chatbot, */px-widgets, */glassdoor etc. - /global/en/search-results is allowed."
Givenchy,LVMH-Algolia,"{""appId"":""SDMQTD2J9T"",""apiKey"":""a5c6f4c87dea9aac0732631cd87583b2"",""index"":""PRD-en-us"",""filters"":""category:job AND maison:\""Givenchy\""""}",24,"Parent portal LVMH. The listing runs on Algolia: POST https://SDMQTD2J9T-dsn.algolia.net/1/indexes/PRD-en-us/query with headers x-algolia-application-id: SDMQTD2J9T, x-algolia-api-key: a5c6f4c87dea9aac0732631cd87583b2, Referer https://www.lvmh.com/ and body {""query"":"""",""filters"":""category:job AND maison:\""Givenchy\""""} -> 200, nbHits=24. Hits are real job records with fields category/source(jobhub)/name/maison/geographicArea/city/regionState/countryRegion/contract/requiredExperience/workingMode/link/atsId (e.g. Fendi hit name 'Client Advisor - Berlin', maison 'Fendi', city 'Berlin'). The maison label is taken verbatim from GET https://www.lvmh.com/proxyApi/v1/jobhub/criteria?lang=fr -> 200, which lists this maison among 76. Per-offer detail also verified live: GET https://www.lvmh.com/proxyApi/v1/jobhub/offer?reference=REPO00097&lang=fr -> 200 returning reference/jobTitle/maison/company/city/contract. robots.txt www.lvmh.com: 'User-agent: *' disallowing only /*espace-candidat, /*spazio-candidato, /*candidate-portal (the APPLY portal) - the offer listings are allowed."
GLAMGLOW,Eightfold,"{""origin"":""https://careers.elcompanies.com"",""domain"":""elcompanies.com""}",1400,"Parent is The Estee Lauder Companies; GLAMGLOW has no own ATS (www.glamglow.com is Akamai 403 even for robots.txt). GET https://careers.elcompanies.com [200 -> /careers] -> Eightfold fingerprint. Seeded cookie then GET https://careers.elcompanies.com/api/pcsx/search?domain=elcompanies.com&start=0&num=5 [200] -> data.count=1400 with real positions e.g. 'Key Holder - Le Labo - Full Time - Seattle, WA'. robots.txt careers.elcompanies.com 'User-agent: *' -> 'Disallow: /' but explicitly 'Allow: /careers' and 'Allow: /api/pcsx'. Count is the parent portal's: the brand query is fuzzy (&query=GLAMGLOW returns count=361 but the top hits are MAC/unrelated roles), so no reliable GLAMGLOW-only figure exists."
Goossens Paris,NONE,,0,"GET https://www.goossens-paris.com/fr [200, 1005234b] - no careers/recrutement link and no ATS vendor fingerprint; /fr/careers [404]. Parent Chanel runs no public machine-readable job feed for the metiers d'art houses. Dominant reason: no reachable careers page for this maison."
Goutal Paris,NONE,,0,"GET https://www.annickgoutal.com/ [200, 414020b] - no careers link, no ATS fingerprint. Parent Interparfums SA: GET https://www.interparfums.fr/ [200, 902384b] contains no recrutement/carrieres/emploi/job/talent link at all, and /carrieres, /fr/carrieres, /recrutement/, /en/careers/, /nous-rejoindre all return 404. WTTJ slugs 'goutal' and 'interparfums' -> nbHits 0. Dominant reason: neither brand nor parent publishes a public job feed."
GQ France,Workday,"{""tenant"":""condenast"",""site"":""CondeCareers"",""origin"":""https://condenast.wd115.myworkdayjobs.com""}",139,"Parent is Conde Nast; GQ France has no own ATS. GET https://www.condenast.com/fr [200] -> /fr/careers; GET https://www.condenast.com/careers [200] -> links to https://condenast.wd115.myworkdayjobs.com/CondeCareers. Verified POST https://condenast.wd115.myworkdayjobs.com/wday/cxs/condenast/CondeCareers/jobs body {""appliedFacets"":{},""limit"":20,""offset"":0,""searchText"":""""} [200] -> total=139, e.g. 'Visuals Editor, Conde Nast Traveller', 'Associate Fashion Writer, Glamour - 12 month FTC'. Paris-scoped searchText returns 129 including French-language Vogue/GQ roles."
Grès,NONE,,0,"No live brand site: https://www.gres-paris.com/ and https://gres-paris.com/ -> HTTP 000 (no DNS); https://www.gres.fr/ [200] is a 5040-byte unrelated placeholder and https://www.gres.paris/ [200] a 2304-byte stub - neither carries a careers link or ATS fingerprint. Dominant reason: dormant house, no web presence to probe."
Groupe Bon Marché,LVMH-Algolia,"{""appId"":""SDMQTD2J9T"",""apiKey"":""a5c6f4c87dea9aac0732631cd87583b2"",""index"":""PRD-en-us"",""filters"":""category:job AND maison:\""Groupe Bon Marché\""""}",45,"Parent portal LVMH. The listing runs on Algolia: POST https://SDMQTD2J9T-dsn.algolia.net/1/indexes/PRD-en-us/query with headers x-algolia-application-id: SDMQTD2J9T, x-algolia-api-key: a5c6f4c87dea9aac0732631cd87583b2, Referer https://www.lvmh.com/ and body {""query"":"""",""filters"":""category:job AND maison:\""Groupe Bon Marché\""""} -> 200, nbHits=45. Hits are real job records with fields category/source(jobhub)/name/maison/geographicArea/city/regionState/countryRegion/contract/requiredExperience/workingMode/link/atsId (e.g. Fendi hit name 'Client Advisor - Berlin', maison 'Fendi', city 'Berlin'). The maison label is taken verbatim from GET https://www.lvmh.com/proxyApi/v1/jobhub/criteria?lang=fr -> 200, which lists this maison among 76. Per-offer detail also verified live: GET https://www.lvmh.com/proxyApi/v1/jobhub/offer?reference=REPO00097&lang=fr -> 200 returning reference/jobTitle/maison/company/city/contract. robots.txt www.lvmh.com: 'User-agent: *' disallowing only /*espace-candidat, /*spazio-candidato, /*candidate-portal (the APPLY portal) - the offer listings are allowed."
Groupe Chantelle,NONE,,0,"GET https://chantelle.com/ [200, 166687b] - no careers/recrutement/nous-rejoindre link anywhere in the markup and no ATS vendor fingerprint. /pages/careers [404], /pages/nous-rejoindre [404], /fr/carrieres [404]; carrieres.chantelle.com and www.groupechantelle.com do not resolve (HTTP 000). WTTJ slug 'chantelle-group' -> nbHits 0. Dominant reason: no reachable careers page or feed."
Groupe Novi,Jobaffinity,"{""origin"":""https://jobaffinity.fr/syndication/list_job/247/3913/""}",111,"GET https://groupe-novi.com/nous-rejoindre/ [200] embeds two Jobaffinity syndication widgets. Verified GET https://jobaffinity.fr/syndication/list_job/247/3913/ [200] -> document.write table with 106 unique ?intuition_id=<id> job rows, and GET https://jobaffinity.fr/syndication/list_job/1325/40043/ [200] -> 5 more rows; total 111 live offers. (The group's Beauty Success brand board recrutement.beautysuccess.fr [200] is the retail-facing front end for the same pipeline.)"
Groupe Printemps,Talentsoft,"{""origin"":""https://printemps-career.talent-soft.com""}",111,"www.printemps.com is WAF-blocked (403). Group site GET https://www.groupe-printemps.com/nos-offres-demploi-et-de-stage [200] renders the filter UI but no job rows (POST with filter params returns the same 100937-byte page). Located the real ATS: GET https://printemps-career.talent-soft.com/offre-de-emploi/liste-toutes-offres.aspx [200, 79933b] -> Talentsoft board, page text states '111 offres', 10 emploi-*.aspx detail links rendered per page. robots.txt printemps-career.talent-soft.com returns an empty body [200] - nothing disallowed."
Gucci,Eightfold,"{""origin"":""https://careers.kering.com"",""domain"":""kering.com""}",211,"Parent portal Kering (Eightfold). robots.txt careers.kering.com: 'User-agent: *' / 'Disallow: /' but explicit 'Allow: /careers' and 'Allow: /api/pcsx' -> API permitted. Seed GET https://careers.kering.com/careers -> 200 (session cookie), then GET https://careers.kering.com/api/pcsx/search?domain=kering.com&start=0&num=10 -> 200 with data.count=1007 and data.positions[] (id, displayJobId, name, locations, positionUrl). num caps at 10, start paginates; start=0..1000 -> 1005 unique positions collected. Exact brand count: 211 titles start with 'GUCCI' (e.g. 'GUCCI Client Advisor - Saks Houston'). query=Gucci reports count=381 but is fuzzy-matched and inflated; 211 is the exact prefix count."
