nom	site	hit	where
boots opticians	https://www.bootsopticians.com/	none	
renata corsi	https://renatacorsi.com/	none	
the stone	https://www.thestone.nl/	none	
irlandi	http://www.lrlandi.it/	none	
almgwand	https://www.almgwand.at/	none	
pippa holt	https://www.pippaholt.com/	none	
mautto	https://mautto.com/	none	
alienina	https://shop.alienina.com/	none	
sugar	https://sugarproduct.com/	none	
lux mood by european culture	https://www.european-culture.it/	none	
del sol	https://www.delsol.com.mx/	none	
marie-chantal	https://mariechantal.com/	none	
ruhmee	https://ruhmee.com.au/	none	
muchachomalo	https://www.muchachomalo.com/	none	
lesse	https://lesseofficial.com/	none	
kopari beauty	http://koparibeauty.com/	none	
jacquie aiche	https://jacquieaiche.com/	none	
modström	http://www.modstrom.com/	none	
losamaré cosmetics	http://www.losamarecosmetics.com/	none	
dorve	https://dorve.id/	none	
alpyn	http://www.alpynbeauty.com/	none	
mr. blue	https://mrblue.pt/	none	
alpha60	https://www.alpha60.com.au/	none	
roberto verino	https://www.robertoverino.com/	none	
inman	http://www.inman.com.cn/	none	
boyes	https://www.boyes.co.uk/	none	
np housukauppa	https://housukauppa.fi/	none	
seint	https://www.seintofficial.com/	none	
yama to michi - 山と道	https://www.yamatomichi.com/	none	
amov	https://www.amovapparel.com/	none	
sehen!wutscher	https://wutscher.com/	none	
harly jae	https://harlyjae.com/	none	
lace & beads	https://www.laceandbeads.co.uk/	none	
mlb	https://en.mlb-korea.com/	none	
qotn	https://qotn.in/	none	
cleancult	http://www.cleancult.com/	none	
lilimill	https://www.lilimill.com/	none	
happy shorts	https://www.happyshorts.com/	none	
anrealage	https://www.anrealage.com/	none	
bl glowskin	http://blglowskin.com/	none	
fabrik	https://fabrikstore.com/	none	
ayond	http://www.ayond.us/	none	
wilsons leather	https://www.wilsonsleather.com/	ats-link	https://www.wilsonsleather.com/career -> adp.com
beliza	https://www.beliza.fr/	none	
rawness natural beauty products	http://www.rawnessbeauty.com/	none	
ally fashion	https://www.allyfashion.com/	none	
foxybae	https://www.foxybae.com/	none	
foot solutions	https://footsolutions.com/	none	
ohoy swim	https://ohoyswim.com/	none	
outfit	http://www.outfitfashion.com/	none	
rodolfo medina	https://www.rodolfomedina.com/	none	
kastinger	https://www.kastinger.com/	none	
scorett	https://www.scorett.se/	none	
yan neo	https://yanneo.com/	none	
my skincare oasis	http://www.myskincareoasis.com/	none	
hall madden	https://hallmadden.com/	none	
jovi rose skin	http://joviroseskin.com/	none	
kit and ace	https://www.kitandace.com/	none	
entetsu department store	https://www.endepa.com/	none	
humanic	https://www.humanic.net/	none	
glacial bay organic clay	https://glacialorganicclay.com/	none	
travismathew	https://travismathew.ca/	none	
seea	https://www.theseea.com/	none	
löffler	https://www.loeffler.at/	none	
hetty friedman designs	http://www.hettyfriedmandesigns.com/	none	
kandaka safia	https://www.kandakasafia.com/shop	none	
the institute for art and olfaction	https://artandolfaction.com/	none	
candice cooper	https://www.candicecooper.com/	none	
brandefy	https://brandefyskin.com/	none	
lapointe	https://shoplapointe.com/	none	
natural escapes body	https://www.naturalescapes.com/	none	
bidi badu	https://www.bidibadu.com/	none	
anne hermine	https://www.annehermine.com/	none	
eveline cosmetics	https://eveline.pl/	none	
rado	https://www.rado.com/	none	
sparkling earth	https://sparklingearth.com/	none	
anteater	https://anteaterclothing.com/	none	
spun bamboo	https://www.bambooclothes.com/	none	
rice & carry	https://www.riceandcarry.com/	none	
threeasfour	http://www.threeasfour.com/	none	
reliance trends	https://reliancetrends.com/	none	
alkemie	https://www.alkemiejewelry.com/	none	
i̇pekyol	https://www.ipekyol.com.tr/	none	
dynasty jewelers	https://dynastysanjose.com/	none	
harper & yve	https://www.harperandyve.com/	none	
skmei	https://www.skmei.com/	none	
browtopia®️	https://minxandthemage.com/	none	
miomi	https://miomiworld.com/	none	
parfums artimique	https://www.parfumsartimique.com/	none	
zenggi	https://www.zenggi.com/	none	
smile brilliant	http://www.smilebrilliant.com/	none	
vestopazzo	https://shop.vestopazzo.it/	none	
zelys paris	https://www.zelystore.com/en	none	
opera sport	https://operasport.net/	none	
mughal apparel	https://www.mughalapparel.com/	none	
pico	https://www.project-pico.com/?oid=345&affid=1&source_id=GoY-rating&sub1=brandpage	none	
isla lune	https://islalune.ca/	none	
redwood classics apparel	https://redwoodclassics.net/	none	
adelante	https://adelanteshoes.com/	none	
van cleef & arpels	https://www.vancleefarpels.com/	none	
dure merk	https://duremerk.com/	none	
okabashi	https://www.okabashi.com/	none	
that gorilla brand	https://www.thatgorillabrand.com/	none	
ms glamour	https://msglamourofficial.com/	none	
jacqui e	https://jacquie.jgl.com.au/	none	
melissa odabash	https://www.odabash.com/	none	
andersson bell	https://en.anderssonbell.com/	none	
mastak	https://mastaklviv.com/	none	
une nana cool	https://www.une-nana-cool.com/index.php	none	
blundstone	https://www.blundstone.nl/	none	
who decides war	https://whodecideswar.com/	none	
apto skincare	https://www.aptoskincare.com/	none	
romani design	https://romani.hu/	none	
aeston west	http://aestonwest.com/	none	
kps essentials	http://www.kpsessentials.com/	none	
dua bags	https://duabags.com/	none	
immortal perfumes	https://www.immortalperfumes.com/	none	
time watch investments limited	https://www.timewatch.com.hk/	none	
p.j. salvage	https://www.pjsalvage.com/	none	
toga	http://www.toga.jp/	none	
kook	http://gotkook.com/	none	
77circa	https://77circa.com/	none	
tultex	https://tultex.com/	none	
lilanz	https://www.lilanz.com/en/brand.html	none	
fukuya	https://www.fukuya-dept.co.jp/	none	
zlatarna celje	https://zlatarnacelje.com/	none	
bell & ross	https://www.bellross.com/	none	
casadei	https://www.casadei.com/	none	
tape a l'oeil	https://www.t-a-o.com/	none	
office kiko	https://officekiko.com/pages/shop	none	
asiana	https://www.asianasrl.com/	none	
melie bianco	https://www.meliebianco.com/	none	
magno montero	https://magnomontero.com/	none	
missguided	https://www.missguided.com/	none	
emme parsons	https://www.emmeparsons.com/	none	
ty balm	https://tybalm.com/	none	
zamt	https://zamtprojects.com/	none	
essentiel elements bathe	https://www.gilchristsoames.com/collections/bathe.html	none	
la maison de lyllis	https://lamaisondelyllis.com/	none	
accel lifestyle	https://www.accellifestyle.com/	none	
wamdenim	https://www.wamdenim.com/	none	
deblon	https://deblonsports.com/	none	
rock&ride	http://www.rockride.cn/	none	
forage design	https://foragedesign.com/	none	
anonimo	http://www.anonimo.com/	none	
shockly	https://shockly.it/	none	
no excess	https://no-excess.com/	none	
lc leather club	https://lcleatherclub.com/	none	
scentrite	http://scentrite.com/	none	
little star organic	https://kitexusa.com/little-star-organic	none	
montechiaro	https://www.montechiaro.cloud/	none	
magnanni	https://magnanni.com/	none	
neatwipes	http://myneatgoods.com/	none	
st. john	https://www.stjohnknits.com/	none	
estetika	https://estetika.com.au/	none	
sayla	http://yoursayla.com/	none	
geisha	https://www.geishafashion.eu/en-gb/	none	
pantofola d'oro1886	https://www.pantofoladoro.com/	none	
lengermann und trieschmann	http://www.l-t.de/	none	
lands downunder	https://www.landsdownunder.com/	none	
balaboosté	https://www.balabooste.com/	none	
rhode	http://rhodeskin.com/	none	
susan bijl	https://www.susanbijl.nl/	none	
lisa marie fernandez	https://lisamariefernandez.com/	none	
natalie rae new york	https://www.natalieraeny.com/	none	
who what wear	http://www.whowhatwear.com/	none	
unrobe	https://www.unrobe.com/	none	
vigoss jeans	https://www.vigossjeans.cz/	none	
taylor made polish	http://taylormadepolish.com/	none	
to boot new york	https://toboot.com/	none	
rachel elise	http://www.rachelelise.com/	none	
anatomie	https://anatomie.com/	none	
dr. hauschka	https://www.drhauschka.com/	none	
prairie underground	https://www.prairieunderground.com/	none	
karlacola	https://karlacola.com/	none	
béis	https://beistravel.com/	none	
estnation	https://www.estnation.co.jp/women	none	
drake's	http://www.drakes.com/	none	
rabe	https://www.rabefashion.com/	none	
wrinn	https://wrinn.jp/	none	
tutti & co.	https://www.tuttiandco.com/	none	
duvetica	https://www.duvetica.com/	none	
ahimsa	https://ahimsahaircare.com/?srsltid=AfmBOop7fVQpyOJx8VSQ3D9wImDHI2rYXtFa6JgyG0CZMpMWfXfibCqL	none	
the brave formula	https://www.thebraveformulaofficial.com/	none	
lilyana naturals	https://lilyananaturals.com/	none	
sage stone botanicals	http://www.sagestonebotanicals.com/	none	
three ships	http://www.threeshipsbeauty.com/	none	
vottera	https://vottera.com/?oid=363&affid=1&source_id=GoY-rating&sub1=brandpage	none	
lueder	https://lueder.shop/	none	
mbym	https://www.mbym.dk/	none	
part two	https://www.parttwo.com/	none	
alto milano	https://www.altomilano.it/	none	
dream labs	https://shopdreamlabs.com/	none	
well read company	https://us.wellreadcompany.com/	none	
import parfumerie	https://www.impo.ch/it	none	
valentina karnoubi	https://www.valentinakarnoubi.com/	none	
anerkjendt	https://www.anerkjendt.com/	none	
earth to malibu	http://www.earthtomalibu.com/	none	
pomkin	https://www.pomkin.ca/	none	
zeno-watch basel	http://www.zeno-watch.ch/	none	
boma	https://www.bomajewelry.com/	none	
tj indigo clothing co	https://www.tjindigo.com/	none	
m-tac us	https://m-tac.us/	none	
applied art forms	https://www.appliedartforms.com/	none	
rivalin  fabricant français de charentaises et sabots	https://www.rivalin.fr/	none	
a day's march	https://www.adaysmarch.com/	sitemap-jobs	https://www.adaysmarch.com/dk/career</loc>
optika mania	https://optikamania.sk/	none	
kaotiko	https://www.kaotikobcn.com/	none	
shona joy	https://shonajoy.com.au/	none	
la come di	https://www.lacomedi.com/	none	
simon miller	https://www.simonmillerusa.com/	none	
facile	http://www.facileskin.com/	none	
minimalisticlinen	https://minimalisticlinen.com/	none	
mcgregor footwear	https://www.mcgregornewyork.com/	none	
familiar	https://familiar.co.jp/	none	
arrels barcelona	https://www.arrelsbarcelona.com/	none	
jujiya	http://www.jujiya-yamagataten.com/	none	
slam	https://www.slam.com/	none	
joremillinery	https://joremi.jimdofree.com/	none	
fanfare	https://fanfarelabel.com/?oid=213&affid=1&source_id=GoY-rating&sub1=brandpage	none	
archive	https://www.archivestore.co.za/	none	
newnow	https://newnow.jp/	none	
xoos	https://www.xoos.ca/en	none	
baldinini	https://www.baldinini-shop.com/	none	
john richmond	https://www.johnrichmond.com/	none	
repeat cashmere	https://www.repeatcashmere.com/	none	
unlined	https://un-lined.com/	none	
ingmarson	https://ingmarson.com/	none	
roan fragrances	http://www.roanfragrances.com/	none	
vtmnts	https://www.vtmnts.website/	none	
vibram	https://us.vibram.com/	none	
local european	https://localeuropean.com/	none	
vintage spirit designs	https://www.vintagespiritdesigns.com/	none	
lumberunion	https://lumberunion.com/	none	
uy studio	https://www.uy-studio.com/	none	
seoul ceuticals	https://seoulceuticals.com/	none	
kekäle	https://www.kekale.fi/	none	
arthur ford	https://arthur-ford.com/	none	
valentina karellas	https://valentinakarellas.com/	none	
postie	https://postie.com.au/	none	
latiture	https://www.latiture.com/	none	
beanpole	https://www.ssfshop.com/beanpole/main?brandShopNo=BDMA01&brndShopId=BPBR%3Futm_source%3DGoodOnYou+App	none	
miki house	https://mikihouse.co.uk/	none	
la mania	https://lamania.eu/	none	
sparx underwear	https://sparxunderwear.com.au/	none	
リブ / lib	https://l-i-b.shop/	none	
a la maison de provence	https://alamaisondeprovence.com/	none	
n.hoolywood	https://n-hoolywood.com/	none	
steptronic	https://www.steptronicfootwear.co.uk/	none	
g'loss	https://gloss.gl/	none	
angelrox	https://angelrox.com/	none	
trina turk	https://www.trinaturk.com/	none	
pip studio	https://www.pipstudio.nl/	none	
variously	https://www.studiovariously.com/	none	
annil	https://www.annil.com/	none	
and wander	https://www.andwander.com/	none	
pehr	https://shoppehr.com/	none	
vitaly	https://www.vitalydesign.eu/	none	
fonem	https://fonemeurope.com/	none	
jerem	https://www.jerem.com/en/	none	
todayful	https://lifes-203.com/	none	
union horlogère sa	https://www.unionhorlogere.ch/	none	
boa basics	https://boabasics.com.au/	none	
windsor lane	https://windsorlane.com.au/	none	
bakari	https://www.bakari.es/en/	none	
stefanel	https://www.stefanel.com/	none	
sevenroses	https://sevenroses.fr/	none	
fragrance direct	https://www.fragrancedirect.co.uk/	none	
dapper alice	https://www.dapperalice.co.uk/	none	
retrouve	http://retrouve.com/	none	
berkemann	https://www.berkemann.com/	none	
agroherc organic	https://www.agroherc-organic.com/	none	
the ultimate	https://www.theultimatepromandbridal.com/	none	
inamore	https://inamore.com/	none	
devacurl	https://www.devacurl.com/	none	
laura ashley plc	https://www.lauraashley.com/	none	
akaroa	https://www.akaroa.eu/	none	
american giant	https://www.american-giant.com/	none	
dime bags	https://dimebags.com/	none	
superga	https://superga.com/	none	
sarca	https://ancutasarca.com/collections	none	
rmk	https://www.rmkrmk.com/	none	
derimod	https://www.derimod.com.tr/	none	
to be chic	https://store.sanyo-shokai.co.jp/pages/to_be_chic	none	
corso italia	http://icrcorp.ge/brands/footwear/corso-italia	none	
in gold we trust	https://www.ingoldwetrust-official.com/	none	
baodao group	https://www.eyesmart.com.tw/	none	
farm to hanger	https://farmtohanger.com/	none	
ivory & chain	https://ivoryandchain.com/	none	
yume yume	https://www.yumeyume.eu/	none	
polempolen	https://polempolen.pl/	none	
afs schuhe	http://www.afs-schuhe.de/	none	
daks	http://www.daks.com/	none	
amicci	https://amicci.com/	none	
bouthentique	http://www.bouthentique.com/	none	
grüne erde	http://www.grueneerde.com/	none	
sun holding company	http://www.suntekstil.com.tr/	none	
escentric molecules	https://www.escentric.com/	none	
miss goodlife	https://www.miss-goodlife.de/	none	
kriss sweden	https://www.kriss.eu/	none	
auter	https://auter.co/	none	
young frankk	https://www.youngfrankk.com/	none	
demonomy	https://demonomy.com/	none	
sarah sclarandis	https://www.sclarandis.com/	none	
blncd naturals	https://blncdnaturals.com/	none	
briston watches	https://www.briston-watches.com/	none	
triana	https://sunshinenaturalfoods.net/	none	
arch&line	https://arch-and-line.jp/	none	
balyy	https://www.fashion4wellness.com/balyy	none	
a. roege hove	https://www.aroegehove.dk/	none	
jam clothing	https://jamclothing.co.za/	none	
anastasia beverly hills	https://www.anastasiabeverlyhills.com/	none	
sirens	https://ym-inc.com/brand/sirens/	sitemap-jobs	https://ym-inc.com/job_listing-sitemap.xml</loc>
nikkie	https://www.nikkie.com/	none	
lagua gem	https://laguagem.jp/	none	
kenneth jay lane	https://kennethjaylane.com/	none	
adam et ropé	https://www.adametrope.com/	none	
pashwrap	https://pashwrap.com/	none	
duoltd	https://www.farfetch.com/uk/shopping/men/duo/items.aspx	none	
taya beauty	https://tayabeauty.com/	none	
off play	https://www.offplay.eu/	none	
modibodi	https://us.modibodi.com/	none	
marmalade	https://www.marmaladefreshclothing.com/	none	
saxx	https://www.saxxunderwear.com/	none	
there was one	https://www.farfetch.com/shopping/women/designer-there-was-one/items.aspx	none	
h.a. brieger	https://dzintars.lv/	none	
peach slices	https://www.peachandlily.com/collections/peach-slices	none	
mads nørgaard a/s	https://www.madsnorgaard.com/	none	
emoda	https://emoda-japan.com/	none	
stoov	https://www.stoov.com/	none	
deadweight supply co.	https://deadweightsupply.com/	none	
carhartt work in progress	https://us.carhartt-wip.com/	sitemap-jobs	https://us.carhartt-wip.com/en-us/careers</loc>
falconeri	https://www.falconeri.com/	none	
soulland	https://soulland.com/	none	
aaron terence hughes	https://aaronterencehughes.co.uk/	none	
bianca spender	https://www.biancaspender.com/	none	
in2green	https://www.in2green.com/	none	
sundried	https://www.sundried.com/	none	
la fille d'o	https://lafilledo.com/	none	
mata traders	https://www.matatraders.com/	none	
kinda 3d swimwear	https://www.kindaswimwear.com/	none	
tinta style	http://www.tintastyle.es/	none	
enchanted	https://minxandthemage.com/	none	
almay	http://www.almay.com/	none	
sprouts farmers market	https://www.sprouts.com/	ats-link	https://www.sprouts.com/careers -> icims.com
fanm mon	https://fanmmon.com/	none	
swiss watch expo	https://www.swisswatchexpo.com/	none	
ushi	https://shop150772591.m.youzan.com/wscshop/showcase/homepage?kdt_id=150580423&sub_kdt_id=150580423	none	
therm	https://www.therm.co.nz/	none	
thxsilk	https://thxsilk.com/	none	
kaffe	https://www.kaffe-clothing.com/	none	
zapa	https://www.zapa.fr/	none	
the swatch group	http://www.swatchgroup.com/	sitemap-jobs	https://www.swatchgroup.com/en/careers/apprenticeship/advantages-glance</loc>
jubel naturals	https://jubelnaturals.ca/	none	
o'dore	https://odore.fr/	none	
designice	http://www.dc-nice.com/index.html	none	
browns of york	http://www.brownsyork.co.uk/	none	
22fashion	http://www.22-fashion.com/	none	
kopper & zink	https://kopperandzinkswimwear.com/	none	
morjas	https://www.morjas.com/	none	
sophia webster	https://www.sophiawebster.com/	none	
8 seconds	http://www.8seconds.co.kr/	none	
women'secret	https://womensecret.com/	none	
shoe zone	https://www.shoezone.com/	sitemap-jobs	https://www.shoezone.com/Jobs</loc>
the new society	https://thenewsocietykids.com/	none	
club manhattan	https://www.clubmanhattan.nl/	none	
ecru	https://www.ecrubrand.com/	sitemap-jobs	https://staging.ecrubrand.com/career</loc>
shreve & co.	http://shreve.com/	none	
guests on earth	http://www.guestsonearth.com/	none	
yeti	https://www.yeti.com/	ats-link	https://www.yeti.com/careers -> myworkdayjobs.com
maison henry jullien	https://maison-henry-jullien.fr/	none	
47 street	https://www.47street.com.ar/	none	
chrome hearts	https://www.chromehearts.com/	none	
w.management	https://www.douyin.com/user/MS4wLjABAAAAOARTW8RAZFzWdWaO_gX2svFiI6q9l0qQUko-Xo6Y4p8	none	
versaspa	http://sunless.com/	none	
giangi	https://www.gianginapoli.it/	none	
bonnie doon	https://www.bonniedoon.com/	none	
belluna	https://belluna.nl/	none	
lita	https://litacouture.com/	none	
uashmama	https://uashmama.com/ww/en	none	
nasty gal	https://www.nastygal.com/	none	
khawaja	https://khawaja-ledermoden.de/	none	
ron herman	https://ronherman.jp/	none	
appalachian growers	http://www.appalachiangrowers.com/	none	
lems shoes	https://www.lemsshoes.com/	none	
lisa says gah	https://lisasaysgah.com/	none	
mini mioche	https://minimioche.com/?oid=308&affid=&source_id=GoY-rating&sub1=brandpage	none	
etré tokyo	https://etretokyo.jp/shop/default.aspx	none	
sunless body	https://www.sunlessbody.com/	none	
noize	https://noize.com/	none	
halo hair oil	https://www.emijay.com/	none	
icebreaker	https://www.icebreaker.com/	ats-link	https://www.icebreaker.com/pages/careers -> myworkdayjobs.com
hidesign	http://www.hidesign.com/	none	
regatta	https://www.regatta.com/	none	
athar'a pure	http://www.atharapure.com/	none	
sport chek	https://www.sportchek.ca/	none	
atlanta mocassin	https://atlantamocassin.com/	none	
jade cropper	https://jadecropper.com/	none	
zlatokov	https://www.zlatokov.sk/	none	
bottletop	https://bottletop.org/	none	
wild hermit wellness	https://www.wild-hermit-wellness.com/	none	
wonderskin	http://www.wonderskin.com/	none	
toschi	https://www.toschipellicce.com/	none	
north 56°4	https://www.north56-4.com/	none	
aleva naturals	https://alevanaturals.com/	none	
karen kane	https://www.karenkane.com/	none	
darzah	https://www.darzah.org/	none	
apoterra	https://www.apoterra.com/	none	
no.624	https://no624.myshopify.com/	none	
kenny s.	https://www.kennys.de/	none	
chiemsee	http://www.chiemsee.com/	none	
heatkeeper	https://heatkeeper.nl/	none	
vander amsterdam	https://vanderamsterdam.nl/	none	
ripani	https://www.ripani.com/	none	
italian fashion by guazzone	https://www.italianfashion.pl/	none	
mètamour	http://www.metamourskincare.com/	none	
victorinox	https://www.victorinox.com/	none	
red pantz	https://redpantz.com/	none	
horitoki	https://horitoki.com/	sitemap-jobs	https://horitoki.com/product/joba-flowers-saree</loc>
gioielli di valenza	https://www.gioiellidivalenza.com/en/	none	
m.patmos	https://mpatmos.com/collections/m-patmos	none	
schöffel	https://www.schoeffel.com/	none	
ecentric	http://ecentric.in/	none	
intelligent nutrients	http://www.intelligentnutrients.com/	none	
esqualo	https://www.esqualo.nl/	none	
true colour beauty	https://truecolourbeauty.com/	none	
vacation®	http://vacation.inc/	none	
estella bartlett	https://www.estellabartlett.com/	none	
alexia maría	https://alexiamaria.com/	none	
brooks brothers	https://www.brooksbrothers.com/	none	
alexandre de paris	https://en.alexandredeparis-store.com/	none	
anne fontaine	https://www.annefontaine.com/	none	
suunto	http://www.suunto.com/	none	
shaktiwali	https://www.shaktiwali.com/	none	
frennesson smycken & accessoarer	https://www.frennesson.se/	none	
leo pizzo	https://www.leopizzo.com/	none	
ótica chilli beans	https://www.oticachillibeans.com.br/	none	
baby~pourri	http://example.com/	none	
yogasearcher	https://www.yogasearcher.com/	none	
revolution	https://revolution.eu/	none	
selected-femme	https://www.selected.com/	none	
fuck me up beauty	https://fmubeauty.com/	none	
aquazzura	https://www.aquazzura.com/	none	
cityzen	https://www.cityzenwear.cz/	none	
grims	https://grims-kind.de/	none	
7115	https://7115byszeki.com/	none	
ace sunglasses	https://www.acesunglasses.com.au/	none	
kat burki	http://www.katburki.com/	none	
yvonne koné	https://www.yvonnekone.com/	none	
aquae jewels	https://www.aquae-jewels.com/	none	
patta	https://www.patta.nl/	none	
soul kathrine	https://www.soulkathrine.de/	none	
les sublimes	https://www.les-sublimes.com/	none	
eden power corp	https://edenpowercorp.com/	none	
sarah creal beauty	http://sarahcrealbeauty.com/	none	
mod'spe paris	https://www.modspeparis.com/	none	
white house black market	https://www.whitehouseblackmarket.com/	none	
gray label	https://gray-label.com/	none	
c.h. jewelry	https://www.chjewelry.co/	none	
grizas	https://grizas.com/	none	
bel essence	http://www.belessence.com/	none	
maed beauty	http://www.maedbeauty.com/	none	
supernoud	https://www.supernoud.nl/	none	
harvey haven lavender farm	http://www.harveyhaven.com/	none	
take a shot	https://www.takeashot.de/	none	
frencheye	https://frencheye.com/	none	
hbface	https://www.hbface.com/	none	
dorothy perkins	https://www.dorothyperkins.com/	none	
iblues	https://www.iblues.it/	none	
angel & rocket	https://www.angelandrocket.com/	none	
huajian group	http://www.huajiangroup.com/	none	
noa noa	https://noanoa.com/	none	
r+co	http://www.randco.com/	none	
a.l.c.	https://alcltd.com/	none	
santu beauty	https://santubeauty.com/	none	
ninoshka	http://ninoshka.co.in/	none	
loopy mango	https://loopymango.com/	none	
lässig	https://www.laessig-fashion.de/	none	
iheart	https://www.iheart.de/	none	
nourish & refine	https://www.nourishandrefine.com/	none	
quapi	https://www.quapikidswear.nl/	none	
adopt	https://www.adopt.com/en	none	
athletic hands	https://frictionlabs.com/	none	
gaston luga	https://gastonluga.com/	none	
terranova	https://www.terranovastyle.com/	none	
sea'sons	https://seasonsofficial.com/	none	
nuna lie	https://nunalie.it/	none	
nick stenson beauty	https://nickstensonbeauty.com/	none	
october jaipur	https://www.octoberjaipur.in/	none	
aran sweater market	https://www.aran.com/	none	
sofia jewelry	https://sofiajewelry.com/	none	
understatement	https://www.shopunderstatement.com/	none	
soft moc	https://www.softmoc.com/	none	
dkny	https://www.dkny.com/	none	
nurture the nest	https://nurturethenest.com.au/	none	
admise	https://admiseparis.com/	none	
bewooden	https://www.bewooden.de/	none	
juwelier ellert	https://ellert.at/	none	
good for you girls	https://www.goodforyougirls.com/	none	
le silla	https://www.lesilla.com/	none	
