maison	kind	config	board_name	jobs	sample_titles	sample_url	reason
Amazon	personio	{"subdomain":"amazon","host":"amazon.jobs.personio.de"}		3	General Application | SEO Marketing Manager | Social Media (Working Student)	https://amazon.jobs.personio.de/job/1680079	no board name to compare
Angela Caglia Skincare	personio	{"subdomain":"angela","host":"angela.jobs.personio.de"}		3	General Application | SEO Marketing Manager | Social Media (Working Student)	https://angela.jobs.personio.de/job/1995714	no board name to compare
Angela Kim Couture	personio	{"subdomain":"angela","host":"angela.jobs.personio.de"}		3	General Application | SEO Marketing Manager | Social Media (Working Student)	https://angela.jobs.personio.de/job/1995714	no board name to compare
Angela Pinto	personio	{"subdomain":"angela","host":"angela.jobs.personio.de"}		3	General Application | SEO Marketing Manager | Social Media (Working Student)	https://angela.jobs.personio.de/job/1995714	no board name to compare
ART	personio	{"subdomain":"art","host":"art.jobs.personio.de"}		3	Initiativbewerbung (Festanstellung) | SEO Marketing Manager | Social Media (Werkstudent)	https://art.jobs.personio.de/job/403330	no board name to compare
Art & Create	personio	{"subdomain":"art","host":"art.jobs.personio.de"}		3	Initiativbewerbung (Festanstellung) | SEO Marketing Manager | Social Media (Werkstudent)	https://art.jobs.personio.de/job/403330	no board name to compare
Art Disco	personio	{"subdomain":"art","host":"art.jobs.personio.de"}		3	Initiativbewerbung (Festanstellung) | SEO Marketing Manager | Social Media (Werkstudent)	https://art.jobs.personio.de/job/403330	no board name to compare
Art of Vedas	personio	{"subdomain":"art","host":"art.jobs.personio.de"}		3	Initiativbewerbung (Festanstellung) | SEO Marketing Manager | Social Media (Werkstudent)	https://art.jobs.personio.de/job/403330	no board name to compare
Art-93	personio	{"subdomain":"art","host":"art.jobs.personio.de"}		3	Initiativbewerbung (Festanstellung) | SEO Marketing Manager | Social Media (Werkstudent)	https://art.jobs.personio.de/job/403330	no board name to compare
Art'Abaska	personio	{"subdomain":"art","host":"art.jobs.personio.de"}		3	Initiativbewerbung (Festanstellung) | SEO Marketing Manager | Social Media (Werkstudent)	https://art.jobs.personio.de/job/403330	no board name to compare
Bentley	personio	{"subdomain":"bentley","host":"bentley.jobs.personio.de"}		10	Ausbildung zum Industriekaufmann (m/w/d) | Ausbildung zum Industriemechaniker (m/w/d) | Gruppenleiter Produktion -  Stent Production (m/w/d)	https://bentley.jobs.personio.de/job/916224	no board name to compare
Best Company	personio	{"subdomain":"best","host":"best.jobs.personio.de"}		6	Bewerberpool | Fahrer/in | Initiativbewerbung (Festanstellung)	https://best.jobs.personio.de/job/2771501	no board name to compare
Best&Less	personio	{"subdomain":"best","host":"best.jobs.personio.de"}		6	Bewerberpool | Fahrer/in | Initiativbewerbung (Festanstellung)	https://best.jobs.personio.de/job/2771501	no board name to compare
Best Earth Goods	personio	{"subdomain":"best","host":"best.jobs.personio.de"}		6	Bewerberpool | Fahrer/in | Initiativbewerbung (Festanstellung)	https://best.jobs.personio.de/job/2771501	no board name to compare
Birch Babe	personio	{"subdomain":"birch","host":"birch.jobs.personio.de"}		3	General Application | SEO Marketing Manager | Social Media (Working Student)	https://birch.jobs.personio.de/job/1533068	no board name to compare
Birch Beauty	personio	{"subdomain":"birch","host":"birch.jobs.personio.de"}		3	General Application | SEO Marketing Manager | Social Media (Working Student)	https://birch.jobs.personio.de/job/1533068	no board name to compare
Apm	personio	{"subdomain":"apm","host":"apm.jobs.personio.de"}		2	Initiativbewerbung (Festanstellung) | SEO Marketing Manager	https://apm.jobs.personio.de/job/141407	no board name to compare
Cala de la Cruz	personio	{"subdomain":"cala","host":"cala.jobs.personio.de"}		2	SEO Marketing Manager | Social Media (Estudiante en practicas)	https://cala.jobs.personio.de/job/2746807	no board name to compare
Betty & Co	personio	{"subdomain":"betty","host":"betty.jobs.personio.de"}		3	General Application | SEO Marketing Manager | Social Media (Working Student)	https://betty.jobs.personio.de/job/1319543	no board name to compare
Betty and Biddy	personio	{"subdomain":"betty","host":"betty.jobs.personio.de"}		3	General Application | SEO Marketing Manager | Social Media (Working Student)	https://betty.jobs.personio.de/job/1319543	no board name to compare
Betty Barclay	personio	{"subdomain":"betty","host":"betty.jobs.personio.de"}		3	General Application | SEO Marketing Manager | Social Media (Working Student)	https://betty.jobs.personio.de/job/1319543	no board name to compare
Dyad Fragrance	personio	{"subdomain":"dyad","host":"dyad.jobs.personio.de"}		3	General Application | SEO Marketing Manager | Social Media (Working Student)	https://dyad.jobs.personio.de/job/2733093	no board name to compare
Eternal Perfume Oils	lever	{"site":"eternal"}		4	Performance Team - Open Interest - NYC | Performance Team - Open Interest - SF | Performance Technician - Open Interest - NYC	https://jobs.lever.co/eternal/69e24776-7d20-4051-a03f-51a41aad53fa	no board name to compare
Eternal Leather Goods	lever	{"site":"eternal"}		4	Performance Team - Open Interest - NYC | Performance Team - Open Interest - SF | Performance Technician - Open Interest - NYC	https://jobs.lever.co/eternal/69e24776-7d20-4051-a03f-51a41aad53fa	no board name to compare
Farfetch	lever	{"site":"farfetch"}		61	Associate Account Manager | Associate Project Manager - Privacy | B2B Operations Specialist	https://jobs.lever.co/farfetch/054a48bf-03d9-4a8e-9c54-d3895efeb4e4	no board name to compare
Filippa K	teamtailor	{"origin":"https://filippak.teamtailor.com"}		5	Senior Product Developer – Heavy Wovens (parental leave cover) | CLIENT ADVISOR FILIPPA K Stockholm | CLIENT ADVISOR FILIPPA K Amsterdam	https://filippak.teamtailor.com/jobs/8285869-senior-product-developer-heavy-wovens-parental-leave-cover	no board name to compare
Hemmerle	personio	{"subdomain":"hemmerle","host":"hemmerle.jobs.personio.de"}		3	Initiativbewerbung (Festanstellung) | SEO Marketing Manager | Social Media (Werkstudent)	https://hemmerle.jobs.personio.de/job/1034119	no board name to compare
Hoff	personio	{"subdomain":"hoff","host":"hoff.jobs.personio.de"}		2	Social Media Stagiair | Speculatieve toepassing	https://hoff.jobs.personio.de/job/2713366	no board name to compare
Codex Labs Corporation	personio	{"subdomain":"codex","host":"codex.jobs.personio.de"}		1	Senior Executive Assistant	https://codex.jobs.personio.de/job/2608804	no board name to compare
Codex Labs	personio	{"subdomain":"codex","host":"codex.jobs.personio.de"}		1	Senior Executive Assistant	https://codex.jobs.personio.de/job/2608804	no board name to compare
Jaguar Watches	personio	{"subdomain":"jaguar","host":"jaguar.jobs.personio.de"}		3	General Application | SEO Marketing Manager | Social Media (Working Student)	https://jaguar.jobs.personio.de/job/1792527	no board name to compare
COSMOS COMFORT	personio	{"subdomain":"cosmos","host":"cosmos.jobs.personio.de"}		3	Initiativbewerbung (Festanstellung) | SEO Marketing Manager | Social Media (Werkstudent)	https://cosmos.jobs.personio.de/job/2446196	no board name to compare
Johnson	personio	{"subdomain":"johnson","host":"johnson.jobs.personio.de"}		3	Initiativbewerbung (Festanstellung) | SEO Marketing Manager | Social Media (Werkstudent)	https://johnson.jobs.personio.de/job/1328955	no board name to compare
Johnson Fitness & Wellness	personio	{"subdomain":"johnson","host":"johnson.jobs.personio.de"}		3	Initiativbewerbung (Festanstellung) | SEO Marketing Manager | Social Media (Werkstudent)	https://johnson.jobs.personio.de/job/1328955	no board name to compare
Johnson's Baby	personio	{"subdomain":"johnson","host":"johnson.jobs.personio.de"}		3	Initiativbewerbung (Festanstellung) | SEO Marketing Manager | Social Media (Werkstudent)	https://johnson.jobs.personio.de/job/1328955	no board name to compare
Jonathan Cohen	personio	{"subdomain":"jonathan","host":"jonathan.jobs.personio.de"}		3	General Application | SEO Marketing Manager | Social Media (Working Student)	https://jonathan.jobs.personio.de/job/1781672	no board name to compare
Jonathan Simkhai	personio	{"subdomain":"jonathan","host":"jonathan.jobs.personio.de"}		3	General Application | SEO Marketing Manager | Social Media (Working Student)	https://jonathan.jobs.personio.de/job/1781672	no board name to compare
Josh Rosebrook	personio	{"subdomain":"josh","host":"josh.jobs.personio.de"}		3	General Application | SEO Marketing Manager | Social Media (Working Student)	https://josh.jobs.personio.de/job/1587184	no board name to compare
JOSH V	personio	{"subdomain":"josh","host":"josh.jobs.personio.de"}		3	General Application | SEO Marketing Manager | Social Media (Working Student)	https://josh.jobs.personio.de/job/1587184	no board name to compare
Jupe by Jackie	lever	{"site":"jupe"}		2	🍭👾 UX/UI DIGITAL PRODUCT DESIGNER | 🏗 Manufacturing Process Engineer	https://jobs.lever.co/jupe/d7c3888f-09bf-40d3-9ab2-7066ea16cbe6	no board name to compare
Kaiko	personio	{"subdomain":"kaiko","host":"kaiko.jobs.personio.de"}		3	General Application | SEO Marketing Manager | Social Media (Working Student)	https://kaiko.jobs.personio.de/job/1436787	no board name to compare
Kate Garey	personio	{"subdomain":"kate","host":"kate.jobs.personio.de"}		3	General Application | SEO Marketing Manager | Social Media (Working Student)	https://kate.jobs.personio.de/job/2766202	no board name to compare
Kate Lee	personio	{"subdomain":"kate","host":"kate.jobs.personio.de"}		3	General Application | SEO Marketing Manager | Social Media (Working Student)	https://kate.jobs.personio.de/job/2766202	no board name to compare
Kate Sheridan	personio	{"subdomain":"kate","host":"kate.jobs.personio.de"}		3	General Application | SEO Marketing Manager | Social Media (Working Student)	https://kate.jobs.personio.de/job/2766202	no board name to compare
Kate Spade	personio	{"subdomain":"kate","host":"kate.jobs.personio.de"}		3	General Application | SEO Marketing Manager | Social Media (Working Student)	https://kate.jobs.personio.de/job/2766202	no board name to compare
Kate Spade New York	personio	{"subdomain":"kate","host":"kate.jobs.personio.de"}		3	General Application | SEO Marketing Manager | Social Media (Working Student)	https://kate.jobs.personio.de/job/2766202	no board name to compare
Kate Sylvester	personio	{"subdomain":"kate","host":"kate.jobs.personio.de"}		3	General Application | SEO Marketing Manager | Social Media (Working Student)	https://kate.jobs.personio.de/job/2766202	no board name to compare
Kate Quinn	personio	{"subdomain":"kate","host":"kate.jobs.personio.de"}		3	General Application | SEO Marketing Manager | Social Media (Working Student)	https://kate.jobs.personio.de/job/2766202	no board name to compare
Kate's Magik	personio	{"subdomain":"kate","host":"kate.jobs.personio.de"}		3	General Application | SEO Marketing Manager | Social Media (Working Student)	https://kate.jobs.personio.de/job/2766202	no board name to compare
KATE BARTON	personio	{"subdomain":"kate","host":"kate.jobs.personio.de"}		3	General Application | SEO Marketing Manager | Social Media (Working Student)	https://kate.jobs.personio.de/job/2766202	no board name to compare
Kevin Jewelers	personio	{"subdomain":"kevin","host":"kevin.jobs.personio.de"}		3	General Application | SEO Marketing Manager | Social Media (Working Student)	https://kevin.jobs.personio.de/job/2013560	no board name to compare
Kevin O'Brien Studio	personio	{"subdomain":"kevin","host":"kevin.jobs.personio.de"}		3	General Application | SEO Marketing Manager | Social Media (Working Student)	https://kevin.jobs.personio.de/job/2013560	no board name to compare
Daniel	personio	{"subdomain":"daniel","host":"daniel.jobs.personio.de"}		3	General Application | SEO Marketing Manager | Social Media (Working Student)	https://daniel.jobs.personio.de/job/1506766	no board name to compare
Daniel & Bob	personio	{"subdomain":"daniel","host":"daniel.jobs.personio.de"}		3	General Application | SEO Marketing Manager | Social Media (Working Student)	https://daniel.jobs.personio.de/job/1506766	no board name to compare
DANIEL ESSA	personio	{"subdomain":"daniel","host":"daniel.jobs.personio.de"}		3	General Application | SEO Marketing Manager | Social Media (Working Student)	https://daniel.jobs.personio.de/job/1506766	no board name to compare
Daniel Hechter	personio	{"subdomain":"daniel","host":"daniel.jobs.personio.de"}		3	General Application | SEO Marketing Manager | Social Media (Working Student)	https://daniel.jobs.personio.de/job/1506766	no board name to compare
DANIEL PATRICK	personio	{"subdomain":"daniel","host":"daniel.jobs.personio.de"}		3	General Application | SEO Marketing Manager | Social Media (Working Student)	https://daniel.jobs.personio.de/job/1506766	no board name to compare
Daniel Wellington	personio	{"subdomain":"daniel","host":"daniel.jobs.personio.de"}		3	General Application | SEO Marketing Manager | Social Media (Working Student)	https://daniel.jobs.personio.de/job/1506766	no board name to compare
Daniel's Jewelers	personio	{"subdomain":"daniel","host":"daniel.jobs.personio.de"}		3	General Application | SEO Marketing Manager | Social Media (Working Student)	https://daniel.jobs.personio.de/job/1506766	no board name to compare
Kleinigkeit	personio	{"subdomain":"kleinigkeit","host":"kleinigkeit.jobs.personio.de"}		3	Initiativbewerbung (Festanstellung) | SEO Marketing Manager | Social Media (Werkstudent)	https://kleinigkeit.jobs.personio.de/job/1431628	no board name to compare
Dom Tower	personio	{"subdomain":"dom","host":"dom.jobs.personio.de"}		3	General Application | SEO Marketing Manager | Social Media (Working Student)	https://dom.jobs.personio.de/job/2023736	no board name to compare
Dom Mody Skorska	personio	{"subdomain":"dom","host":"dom.jobs.personio.de"}		3	General Application | SEO Marketing Manager | Social Media (Working Student)	https://dom.jobs.personio.de/job/2023736	no board name to compare
Loop Swim	personio	{"subdomain":"loop","host":"loop.jobs.personio.de"}		6	Bewerberpool | Fahrer/in | Initiativbewerbung (Festanstellung)	https://loop.jobs.personio.de/job/2764714	no board name to compare
LOOP WHEELER	personio	{"subdomain":"loop","host":"loop.jobs.personio.de"}		6	Bewerberpool | Fahrer/in | Initiativbewerbung (Festanstellung)	https://loop.jobs.personio.de/job/2764714	no board name to compare
Loop.a life	personio	{"subdomain":"loop","host":"loop.jobs.personio.de"}		6	Bewerberpool | Fahrer/in | Initiativbewerbung (Festanstellung)	https://loop.jobs.personio.de/job/2764714	no board name to compare
Loqi	personio	{"subdomain":"loqi","host":"loqi.jobs.personio.de"}		3	SEO Marketing Manager | Social Media (Working Student) | Unsolicited Application	https://loqi.jobs.personio.de/job/358627	no board name to compare
Luciano Gelisio	personio	{"subdomain":"luciano","host":"luciano.jobs.personio.de"}		3	General Application | SEO Marketing Manager | Social Media (Working Student)	https://luciano.jobs.personio.de/job/1558412	no board name to compare
Marmot	personio	{"subdomain":"marmot","host":"marmot.jobs.personio.de"}		3	General Application | SEO Marketing Manager | Social Media (Working Student)	https://marmot.jobs.personio.de/job/1702085	no board name to compare
EMIN + PAUL	personio	{"subdomain":"emin","host":"emin.jobs.personio.de"}		3	General Application | SEO Marketing Manager | Social Media (Working Student)	https://emin.jobs.personio.de/job/2023814	no board name to compare
Michel & Amazonka	personio	{"subdomain":"michel","host":"michel.jobs.personio.de"}		3	General Application | SEO Marketing Manager | Social Media (Working Student)	https://michel.jobs.personio.de/job/1903824	no board name to compare
Michel Germain Parfums	personio	{"subdomain":"michel","host":"michel.jobs.personio.de"}		3	General Application | SEO Marketing Manager | Social Media (Working Student)	https://michel.jobs.personio.de/job/1903824	no board name to compare
More Joy	personio	{"subdomain":"more","host":"more.jobs.personio.de"}		3	Initiativbewerbung (Festanstellung) | SEO Marketing Manager | Social Media (Werkstudent)	https://more.jobs.personio.de/job/1977641	no board name to compare
More & More	personio	{"subdomain":"more","host":"more.jobs.personio.de"}		3	Initiativbewerbung (Festanstellung) | SEO Marketing Manager | Social Media (Werkstudent)	https://more.jobs.personio.de/job/1977641	no board name to compare
MUDRA	personio	{"subdomain":"mudra","host":"mudra.jobs.personio.de"}		3	Initiativbewerbung (Festanstellung) | SEO Marketing Manager | Social Media (Werkstudent)	https://mudra.jobs.personio.de/job/1653998	no board name to compare
MYMARINI	personio	{"subdomain":"mymarini","host":"mymarini.jobs.personio.de"}		3	Initiativbewerbung (Festanstellung) | SEO Marketing Manager | Social Media (Werkstudent)	https://mymarini.jobs.personio.de/job/1276648	no board name to compare
NAU!	personio	{"subdomain":"nau","host":"nau.jobs.personio.de"}		3	General Application | SEO Marketing Manager | Social Media (Working Student)	https://nau.jobs.personio.de/job/1671180	no board name to compare
NICO	personio	{"subdomain":"nico","host":"nico.jobs.personio.de"}		3	Initiativbewerbung (Festanstellung) | SEO Marketing Manager | Social Media (Werkstudent)	https://nico.jobs.personio.de/job/2104644	no board name to compare
NIS	personio	{"subdomain":"nis","host":"nis.jobs.personio.de"}		6	Business Developer PV (m/w/d) | Initiativbewerbung (m/w/d) | Servicetechniker für Flachdacharbeiten (m/w/d)	https://nis.jobs.personio.de/job/2677870	no board name to compare
NZA New Zealand Auckland	personio	{"subdomain":"nza","host":"nza.jobs.personio.de"}		3	General Application | SEO Marketing Manager | Social Media (Working Student)	https://nza.jobs.personio.de/job/2565443	no board name to compare
Fresh Cuts Clothing	personio	{"subdomain":"fresh","host":"fresh.jobs.personio.de"}		3	General Application | SEO Marketing Manager | Social Media (Working Student)	https://fresh.jobs.personio.de/job/2101011	no board name to compare
Fresh Soul	personio	{"subdomain":"fresh","host":"fresh.jobs.personio.de"}		3	General Application | SEO Marketing Manager | Social Media (Working Student)	https://fresh.jobs.personio.de/job/2101011	no board name to compare
Fresh Wave	personio	{"subdomain":"fresh","host":"fresh.jobs.personio.de"}		3	General Application | SEO Marketing Manager | Social Media (Working Student)	https://fresh.jobs.personio.de/job/2101011	no board name to compare
Osprey	personio	{"subdomain":"osprey","host":"osprey.jobs.personio.de"}		3	General Application | SEO Marketing Manager | Social Media (Working Student)	https://osprey.jobs.personio.de/job/2686090	no board name to compare
Gigi Fratelli	personio	{"subdomain":"gigi","host":"gigi.jobs.personio.de"}		3	General Application | SEO Marketing Manager | Social Media (Working Student)	https://gigi.jobs.personio.de/job/1935763	no board name to compare
GIGI MODA	personio	{"subdomain":"gigi","host":"gigi.jobs.personio.de"}		3	General Application | SEO Marketing Manager | Social Media (Working Student)	https://gigi.jobs.personio.de/job/1935763	no board name to compare
GIGI BURRIS	personio	{"subdomain":"gigi","host":"gigi.jobs.personio.de"}		3	General Application | SEO Marketing Manager | Social Media (Working Student)	https://gigi.jobs.personio.de/job/1935763	no board name to compare
Glow Jar Beauty	personio	{"subdomain":"glow","host":"glow.jobs.personio.de"}		3	Initiativbewerbung (Festanstellung) | SEO Marketing Manager | Social Media (Werkstudent)	https://glow.jobs.personio.de/job/1878507	no board name to compare
Glow Natural Wellness	personio	{"subdomain":"glow","host":"glow.jobs.personio.de"}		3	Initiativbewerbung (Festanstellung) | SEO Marketing Manager | Social Media (Werkstudent)	https://glow.jobs.personio.de/job/1878507	no board name to compare
Glow Recipe	personio	{"subdomain":"glow","host":"glow.jobs.personio.de"}		3	Initiativbewerbung (Festanstellung) | SEO Marketing Manager | Social Media (Werkstudent)	https://glow.jobs.personio.de/job/1878507	no board name to compare
PURPLE PHOENIX NAIL SUPPLY	personio	{"subdomain":"purple","host":"purple.jobs.personio.de"}		3	SEO Marketing Manager | Social Media (Working Student) | Unsolicited Application	https://purple.jobs.personio.de/job/289919	no board name to compare
Purple Prairie Botanicals	personio	{"subdomain":"purple","host":"purple.jobs.personio.de"}		3	SEO Marketing Manager | Social Media (Working Student) | Unsolicited Application	https://purple.jobs.personio.de/job/289919	no board name to compare
Grow Fragrance	personio	{"subdomain":"grow","host":"grow.jobs.personio.de"}		3	Initiativbewerbung (Festanstellung) | SEO Marketing Manager | Social Media (Werkstudent)	https://grow.jobs.personio.de/job/1458676	no board name to compare
Grow From Nature	personio	{"subdomain":"grow","host":"grow.jobs.personio.de"}		3	Initiativbewerbung (Festanstellung) | SEO Marketing Manager | Social Media (Werkstudent)	https://grow.jobs.personio.de/job/1458676	no board name to compare
Relay Jeans	lever	{"site":"relay"}		3	Frontend Developer (React, TypeScript) | Lead Frontend Developer (React, TypeScript) | Senior Frontend Developer (React, TypeScript)	https://jobs.lever.co/relay/298f0f7a-d493-49fa-935d-89a76ef09665	no board name to compare
Harmony	lever	{"site":"harmony"}		9	Blockchain Engineer | Community Manager | Marketing Lead	https://jobs.lever.co/harmony/e6d9d9d8-ec2a-4691-9efe-9810ca25a99e	no board name to compare
Harmony Handcrafted	lever	{"site":"harmony"}		9	Blockchain Engineer | Community Manager | Marketing Lead	https://jobs.lever.co/harmony/e6d9d9d8-ec2a-4691-9efe-9810ca25a99e	no board name to compare
Sabrina Zeng	personio	{"subdomain":"sabrina","host":"sabrina.jobs.personio.de"}		3	General Application | SEO Marketing Manager | Social Media (Working Student)	https://sabrina.jobs.personio.de/job/848062	no board name to compare
Sports Authority	personio	{"subdomain":"sports","host":"sports.jobs.personio.de"}		3	General Application | SEO Marketing Manager | Social Media (Working Student)	https://sports.jobs.personio.de/job/1823201	no board name to compare
Sports Depo	personio	{"subdomain":"sports","host":"sports.jobs.personio.de"}		3	General Application | SEO Marketing Manager | Social Media (Working Student)	https://sports.jobs.personio.de/job/1823201	no board name to compare
Sports Direct	personio	{"subdomain":"sports","host":"sports.jobs.personio.de"}		3	General Application | SEO Marketing Manager | Social Media (Working Student)	https://sports.jobs.personio.de/job/1823201	no board name to compare
Sports Research / SR Natural	personio	{"subdomain":"sports","host":"sports.jobs.personio.de"}		3	General Application | SEO Marketing Manager | Social Media (Working Student)	https://sports.jobs.personio.de/job/1823201	no board name to compare
Trixie Cosmetics	personio	{"subdomain":"trixie","host":"trixie.jobs.personio.de"}		2	Initiativbewerbung (Festanstellung) | Social Media (Werkstudent)	https://trixie.jobs.personio.de/job/2271600	no board name to compare
Victoria	personio	{"subdomain":"victoria","host":"victoria.jobs.personio.de"}		3	General Application | SEO Marketing Manager | Social Media (Working Student)	https://victoria.jobs.personio.de/job/1762115	no board name to compare
VICTORIA (LUGGAGE)	personio	{"subdomain":"victoria","host":"victoria.jobs.personio.de"}		3	General Application | SEO Marketing Manager | Social Media (Working Student)	https://victoria.jobs.personio.de/job/1762115	no board name to compare
Victoria Slavinskaia	personio	{"subdomain":"victoria","host":"victoria.jobs.personio.de"}		3	General Application | SEO Marketing Manager | Social Media (Working Student)	https://victoria.jobs.personio.de/job/1762115	no board name to compare
Victoria Beckham	personio	{"subdomain":"victoria","host":"victoria.jobs.personio.de"}		3	General Application | SEO Marketing Manager | Social Media (Working Student)	https://victoria.jobs.personio.de/job/1762115	no board name to compare
Victoria's Secret	personio	{"subdomain":"victoria","host":"victoria.jobs.personio.de"}		3	General Application | SEO Marketing Manager | Social Media (Working Student)	https://victoria.jobs.personio.de/job/1762115	no board name to compare
WHITE bIRD	personio	{"subdomain":"white-bird","host":"white-bird.jobs.personio.de"}		1	Initiativbewerbung (Festanstellung)	https://white-bird.jobs.personio.de/job/2000877	no board name to compare
Mindful Botanicals	personio	{"subdomain":"mindful","host":"mindful.jobs.personio.de"}		3	General Application | SEO Marketing Manager | Social Media (Working Student)	https://mindful.jobs.personio.de/job/1824322	no board name to compare
Nordisk	personio	{"subdomain":"nordisk","host":"nordisk.jobs.personio.de"}		3	General Application | SEO Marketing Manager | Social Media (Working Student)	https://nordisk.jobs.personio.de/job/2775750	no board name to compare
Open End	personio	{"subdomain":"open","host":"open.jobs.personio.de"}		10	Buying Assistant | Buying Assistant (Production Team) | Enterprise Account Manager	https://open.jobs.personio.de/job/2759933	no board name to compare
Patrick McDowell	personio	{"subdomain":"patrick","host":"patrick.jobs.personio.de"}		3	General Application | SEO Marketing Manager | Social Media (Working Student)	https://patrick.jobs.personio.de/job/1667090	no board name to compare
Patrick Smith Botanicals	personio	{"subdomain":"patrick","host":"patrick.jobs.personio.de"}		3	General Application | SEO Marketing Manager | Social Media (Working Student)	https://patrick.jobs.personio.de/job/1667090	no board name to compare
