sourceKey,maison,kind,status,certification,portalScope,reviewedAt,collection,lastRunAt,fetched,declaredTotal,complete,truncated,runErrors,activePostings,representations,representationsObserved,representationsReviewed,attribution
ulta-jibe,Ulta Beauty,jibe,ACTIVE,CERTIFIED,SINGLE_BRAND,2026-09-10T12:35:21.813Z,DEGRADED,2026-09-08T22:49:47.078Z,9964,9966,false,true,0,10290,10290,0,0,NOT_OBSERVED
lvmh,LVMH (toutes Maisons),lvmh_algolia,ACTIVE,CERTIFIED,MULTI_BRAND,2026-09-10T07:47:33.087Z,OK,2026-09-10T08:32:30.050Z,5808,5808,true,false,0,6078,6078,5808,45,PARTIAL
foot-locker-france,Foot Locker France,phenom,ACTIVE,CERTIFIED,MULTI_BRAND,2026-09-10T12:35:24.391Z,DEGRADED,2026-09-08T22:43:10.959Z,2842,2853,false,true,0,2859,2859,0,0,NOT_OBSERVED
tapestry,"Tapestry (Coach, Kate Spade, Stuart Weitzman)",workday,ACTIVE,CERTIFIED,MULTI_BRAND,2026-09-10T09:11:47.764Z,DEGRADED,2026-09-10T09:41:05.854Z,2091,2091,false,false,0,2183,2183,2086,2086,PARTIAL
pandora-talenthub,Pandora,generic-listing,ACTIVE,CERTIFIED,MULTI_BRAND,2026-09-10T12:35:22.621Z,DEGRADED,2026-09-08T22:48:29.048Z,1974,,false,true,0,2077,2077,0,0,NOT_OBSERVED
wttj-sector,Welcome to the Jungle (Mode · Luxe · Beauté),wttj-sector,ACTIVE,NOT_REVIEWED,,,OK,2026-09-08T22:39:11.476Z,1935,1935,true,false,0,2002,2002,0,0,NOT_OBSERVED
knitwell-us-retail,KnitWell Group,workday,ACTIVE,CERTIFIED,MULTI_BRAND,2026-09-10T17:09:43.901Z,DEGRADED,2026-09-10T17:20:13.084Z,1999,2000,false,false,1,1997,1997,1997,1997,PROVEN
l-oreal-professionnel,L'Oréal (toutes Maisons),avature,ACTIVE,CERTIFIED,MULTI_BRAND,2026-09-10T12:35:22.854Z,BROKEN,2026-09-08T22:35:05.614Z,0,,,false,1,1804,1804,0,0,NOT_OBSERVED
hm-group,H&M Group,smartrecruiters-whitelabel,ACTIVE,CERTIFIED,MULTI_BRAND,2026-09-10T12:35:23.166Z,OK,2026-09-08T22:20:53.501Z,1632,1632,true,false,0,1706,1706,0,0,NOT_OBSERVED
mango,Mango,workday,ACTIVE,CERTIFIED,SINGLE_BRAND,2026-09-10T06:44:58.225Z,OK,2026-09-10T09:08:34.890Z,1627,1628,true,false,0,1697,1697,1638,1634,PARTIAL
boots,Boots,generic-listing,ACTIVE,CERTIFIED,MULTI_BRAND,2026-09-10T12:35:23.953Z,DEGRADED,2026-09-08T22:35:12.481Z,1472,,false,false,0,1608,1608,0,0,NOT_OBSERVED
nordstrom,Nordstrom,workday,ACTIVE,CERTIFIED,SINGLE_BRAND,2026-09-10T12:35:24.604Z,DEGRADED,2026-09-10T08:59:13.860Z,1299,1299,false,false,0,1575,1575,1351,1343,PARTIAL
urbn-hub,URBN,icims,ACTIVE,CERTIFIED,MULTI_BRAND,2026-09-10T06:50:32.218Z,OK,2026-09-10T07:57:48.223Z,1379,,true,false,0,1476,1476,1391,1391,PARTIAL
estee-lauder-companies,The Estée Lauder Companies,eightfold,ACTIVE,CERTIFIED,MULTI_BRAND,2026-09-10T12:35:23.395Z,OK,2026-09-08T22:42:12.090Z,1408,1408,true,false,0,1457,1457,0,0,NOT_OBSERVED
richemont-workday,Richemont,workday,ACTIVE,CERTIFIED,MULTI_BRAND,2026-09-10T07:47:35.920Z,OK,2026-09-10T09:21:35.105Z,1362,1362,true,false,0,1433,1433,1362,269,PARTIAL
pvh,PVH,generic-listing,ACTIVE,CERTIFIED,MULTI_BRAND,2026-09-10T12:35:24.924Z,DEGRADED,2026-09-08T22:33:08.266Z,1358,,false,false,0,1397,1397,0,0,NOT_OBSERVED
levis,Levi's,workday,ACTIVE,NOT_REVIEWED,,,OK,2026-09-08T22:29:40.670Z,1295,1295,true,false,0,1333,1333,0,0,NOT_OBSERVED
rituals,Rituals,rituals,ACTIVE,NOT_REVIEWED,,,OK,2026-09-09T19:48:30.349Z,1123,1123,true,false,0,1245,1245,1123,0,OBSERVED_NONE_REVIEWED
adidas,adidas,successfactors,ACTIVE,NOT_REVIEWED,,,DEGRADED,2026-09-08T22:22:15.374Z,1069,,false,false,0,1142,1142,0,0,NOT_OBSERVED
parfums-chanel,Chanel,workday,ACTIVE,NOT_REVIEWED,,,OK,2026-09-08T22:25:19.827Z,1106,1106,true,false,0,1120,1120,0,0,NOT_OBSERVED
kering,Kering (toutes Maisons),eightfold,ACTIVE,NOT_REVIEWED,,,DEGRADED,2026-09-10T07:58:00.612Z,1025,1026,false,false,0,1112,1112,1038,115,PARTIAL
ralph-lauren-avature,Ralph Lauren,avature,ACTIVE,NOT_REVIEWED,,,OK,2026-09-08T22:29:03.811Z,1073,1073,true,false,0,1104,1104,0,0,NOT_OBSERVED
primark,Primark,smartrecruiters-whitelabel,ACTIVE,NOT_REVIEWED,,,OK,2026-09-08T22:17:58.017Z,889,889,true,false,0,966,966,0,0,NOT_OBSERVED
intersport-france,Intersport,jobaffinity-wordpress,ACTIVE,CERTIFIED,,2026-09-08T21:07:17.757Z,DEGRADED,2026-09-08T22:20:21.716Z,993,993,false,false,0,930,930,0,0,NOT_OBSERVED
lovisa,Lovisa,teamtailor,ACTIVE,NOT_REVIEWED,,,DEGRADED,2026-09-08T22:16:22.162Z,845,,false,false,0,893,893,0,0,NOT_OBSERVED
saks,Exemplar Luxury Group,workday,ACTIVE,CERTIFIED,MULTI_BRAND,2026-09-10T12:29:23.059Z,OK,2026-09-10T12:34:42.379Z,742,746,true,false,0,835,835,742,0,OBSERVED_NONE_REVIEWED
nike,Nike,workday,ACTIVE,NOT_REVIEWED,,,OK,2026-09-08T22:20:16.641Z,798,798,true,false,0,834,834,0,0,NOT_OBSERVED
bloomingdales-oracle,Bloomingdale's,oraclehcm,ACTIVE,NOT_REVIEWED,,,OK,2026-09-08T22:16:50.345Z,779,779,true,false,0,791,791,0,0,NOT_OBSERVED
la-casa-de-las-carcasas,La casa de las Carcasas,teamtailor,ACTIVE,NOT_REVIEWED,,,DEGRADED,2026-09-08T22:15:15.927Z,689,,false,false,0,745,745,0,0,NOT_OBSERVED
hermes,Hermès,wttj,PAUSED,NOT_REVIEWED,,,OK,2026-09-06T13:20:45.190Z,,,,,,609,609,0,0,NOT_OBSERVED
vf-corporation,VF Corporation,workday,ACTIVE,CERTIFIED,MULTI_BRAND,2026-09-10T18:08:36.385Z,DEGRADED,2026-09-10T18:19:51.178Z,1273,1273,false,false,0,578,578,578,578,PROVEN
sandro,SMCP (toutes Maisons),smartrecruiters-whitelabel,ACTIVE,NOT_REVIEWED,,,OK,2026-09-08T22:14:23.116Z,563,563,true,false,0,568,568,0,0,NOT_OBSERVED
aritzia,Aritzia,workday,ACTIVE,NOT_REVIEWED,,,OK,2026-09-08T22:15:50.898Z,551,551,true,false,0,554,554,0,0,NOT_OBSERVED
normal,Normal,teamtailor,ACTIVE,CERTIFIED,SINGLE_BRAND,2026-09-10T08:00:47.354Z,OK,2026-09-10T09:04:16.489Z,464,,true,false,0,538,538,464,464,PARTIAL
capri-michael-kors,Michael Kors,workday,ACTIVE,NOT_REVIEWED,,,OK,2026-09-09T20:28:51.649Z,512,512,true,false,0,529,529,512,311,PARTIAL
swarovski,Swarovski,workday,ACTIVE,NOT_REVIEWED,,,OK,2026-09-08T22:14:14.521Z,511,511,true,false,0,527,527,0,0,NOT_OBSERVED
oniverse,Oniverse (Calzedonia),generic-listing,ACTIVE,NOT_REVIEWED,,,DEGRADED,2026-09-10T08:58:52.477Z,483,734,false,true,16,524,524,484,0,OBSERVED_NONE_REVIEWED
crocs,Crocs,successfactors,ACTIVE,NOT_REVIEWED,,,DEGRADED,2026-09-08T22:11:07.141Z,390,,false,false,0,512,512,0,0,NOT_OBSERVED
luxe-talent,Luxe Talent,wordpress,ACTIVE,NOT_REVIEWED,,,DEGRADED,2026-09-08T22:13:14.603Z,478,,false,false,0,478,478,0,0,NOT_OBSERVED
richemont,Richemont (toutes Maisons),workday,ACTIVE,CERTIFIED,MULTI_BRAND,2026-09-10T07:47:35.600Z,OK,2026-09-10T09:17:44.924Z,462,462,true,false,0,478,478,462,110,PARTIAL
lacoste,Lacoste,digitalrecruiters,ACTIVE,NOT_REVIEWED,,,OK,2026-09-09T18:00:46.604Z,452,459,true,false,0,464,464,452,0,OBSERVED_NONE_REVIEWED
deckers,"Deckers (UGG, HOKA)",workday,ACTIVE,CERTIFIED,MULTI_BRAND,2026-09-10T07:47:30.913Z,OK,2026-09-10T09:17:24.290Z,409,409,true,false,0,424,424,409,0,OBSERVED_NONE_REVIEWED
tiffany-oracle,Tiffany & Co.,oraclehcm,ACTIVE,NOT_REVIEWED,,,OK,2026-09-08T22:12:08.948Z,422,422,true,false,0,424,424,0,0,NOT_OBSERVED
courir,Courir,smartrecruiters-whitelabel,ACTIVE,NOT_REVIEWED,,,OK,2026-09-08T22:10:53.092Z,390,390,true,false,0,405,405,0,0,NOT_OBSERVED
element-6,Element +6,magnet,ACTIVE,NOT_REVIEWED,,,DEGRADED,2026-09-08T22:11:09.613Z,387,,false,false,0,403,403,0,0,NOT_OBSERVED
nike-nke2,Nike,workday,ACTIVE,NOT_REVIEWED,,,DEGRADED,2026-09-08T22:15:54.443Z,324,325,false,true,0,348,348,0,0,NOT_OBSERVED
uniqlo-us-retail,Uniqlo,workday,ACTIVE,CERTIFIED,MULTI_BRAND,2026-09-10T14:46:38.093Z,NEW,2026-09-10T14:50:56.646Z,347,347,true,false,0,347,347,347,347,PROVEN
penningtons,Penningtons,smartrecruiters-whitelabel,ACTIVE,NOT_REVIEWED,,,OK,2026-09-08T22:10:20.637Z,310,310,true,false,0,334,334,0,0,NOT_OBSERVED
nocibe-eqwa,Nocibé,eqwa,ACTIVE,NOT_REVIEWED,,,DEGRADED,2026-09-08T22:10:04.023Z,291,,false,false,0,321,321,0,0,NOT_OBSERVED
on-running,On,greenhouse,ACTIVE,CERTIFIED,SINGLE_BRAND,2026-09-10T13:16:47.421Z,DEGRADED,2026-09-10T14:49:48.492Z,309,,true,false,0,309,309,309,309,PROVEN
arcteryx,Arc'teryx,lever,ACTIVE,CERTIFIED,SINGLE_BRAND,2026-09-10T13:02:01.358Z,OK,2026-09-10T13:22:07.056Z,299,,true,false,0,299,299,299,299,PROVEN
swatch-group,Swatch Group,swatchgroup,ACTIVE,NOT_REVIEWED,,,DEGRADED,2026-09-09T19:47:51.662Z,61,61,true,false,0,293,293,61,0,OBSERVED_NONE_REVIEWED
madewell,Madewell,workday,ACTIVE,NOT_REVIEWED,,,OK,2026-09-08T22:09:54.374Z,284,284,true,false,0,290,290,0,0,NOT_OBSERVED
kiabi,Kiabi,smartrecruiters-whitelabel,ACTIVE,NOT_REVIEWED,,,OK,2026-09-08T22:09:48.622Z,241,241,true,false,0,255,255,0,0,NOT_OBSERVED
a-derma-4,A-Derma +4,workday,ACTIVE,CERTIFIED,MULTI_BRAND,2026-09-10T07:47:28.589Z,OK,2026-09-10T09:16:12.677Z,241,241,true,false,0,254,254,243,0,OBSERVED_NONE_REVIEWED
etam,Etam,teamtailor,ACTIVE,CERTIFIED,MULTI_BRAND,2026-09-10T09:09:00.447Z,DEGRADED,2026-09-08T22:08:30.855Z,242,,false,false,0,251,251,0,0,NOT_OBSERVED
jean-paul-gaultier-5,Puig,successfactors,ACTIVE,CERTIFIED,,2026-09-09T12:36:18.065Z,OK,2026-09-09T13:12:19.479Z,227,227,true,false,0,249,249,227,227,PARTIAL
avolta,Avolta (Dufry),successfactors,ACTIVE,NOT_REVIEWED,,,DEGRADED,2026-09-08T22:09:33.235Z,246,,false,false,0,248,248,0,0,NOT_OBSERVED
buck-mason,Buck Mason,lever,ACTIVE,NOT_REVIEWED,,,OK,2026-09-08T22:09:13.844Z,243,,true,false,0,247,247,0,0,NOT_OBSERVED
lush,Lush,greenhouse,ACTIVE,NOT_REVIEWED,,,OK,2026-09-08T22:08:26.469Z,209,,true,false,0,213,213,0,0,NOT_OBSERVED
rolex,Rolex,successfactors,ACTIVE,NOT_REVIEWED,,,DEGRADED,2026-09-08T22:09:03.678Z,209,,false,false,0,213,213,0,0,NOT_OBSERVED
jd-sports,JD Sports,greenhouse,ACTIVE,NOT_REVIEWED,,,OK,2026-09-08T22:08:36.378Z,201,,true,false,0,201,201,0,0,NOT_OBSERVED
armand-thiery-flatchr,Armand Thiery,flatchr,ACTIVE,CERTIFIED,SINGLE_BRAND,2026-09-10T13:16:46.778Z,NEW,2026-09-10T13:21:55.633Z,198,198,true,false,0,198,198,198,198,PROVEN
marella,Marella,smartrecruiters-whitelabel,ACTIVE,NOT_REVIEWED,,,OK,2026-09-08T22:08:40.044Z,189,189,true,false,0,196,196,0,0,NOT_OBSERVED
mecca,MECCA,workday,ACTIVE,CERTIFIED,SINGLE_BRAND,2026-09-10T07:47:34.040Z,OK,2026-09-10T08:20:16.171Z,182,182,true,false,0,191,191,182,165,PARTIAL
aptar-beauty,Aptar Group,successfactors,ACTIVE,CERTIFIED,,2026-09-09T17:26:02.792Z,DEGRADED,2026-09-10T12:17:22.747Z,216,216,true,false,0,190,190,181,181,PARTIAL
pga-tour-superstore,PGA Tour Superstore,workday,ACTIVE,NOT_REVIEWED,,,OK,2026-09-08T22:09:05.447Z,187,187,true,false,0,190,190,0,0,NOT_OBSERVED
akira,AKIRA,teamtailor,ACTIVE,NOT_REVIEWED,,,DEGRADED,2026-09-08T22:08:20.700Z,186,,false,false,0,187,187,0,0,NOT_OBSERVED
aroma-zone,Aroma-Zone,teamtailor,ACTIVE,NOT_REVIEWED,,,DEGRADED,2026-09-08T22:08:20.679Z,175,,false,false,0,184,184,0,0,NOT_OBSERVED
suitsupply,Suitsupply,greenhouse,ACTIVE,NOT_REVIEWED,,,OK,2026-09-08T22:08:13.725Z,170,,true,false,0,174,174,0,0,NOT_OBSERVED
galeries-lafayette,Galeries Lafayette,teamtailor,ACTIVE,NOT_REVIEWED,,,DEGRADED,2026-09-08T22:08:09.043Z,160,,false,false,0,169,169,0,0,NOT_OBSERVED
drunk-elephant-2,Shiseido,successfactors,ACTIVE,CERTIFIED,MULTI_BRAND,2026-09-10T06:50:33.154Z,OK,2026-09-10T08:05:42.918Z,161,161,true,false,0,168,168,161,0,OBSERVED_NONE_REVIEWED
gorjana,Gorjana,greenhouse,ACTIVE,NOT_REVIEWED,,,OK,2026-09-08T22:08:16.772Z,167,,true,false,0,167,167,0,0,NOT_OBSERVED
psycho-bunny,Psycho Bunny,generic-listing,ACTIVE,NOT_REVIEWED,,,OK,2026-09-09T20:29:31.040Z,153,153,true,false,0,165,165,153,0,OBSERVED_NONE_REVIEWED
maison-margiela,OTB,successfactors,ACTIVE,CERTIFIED,,2026-09-09T17:26:02.792Z,OK,2026-09-10T08:05:40.518Z,156,156,true,false,0,160,160,156,156,PARTIAL
beiersdorf,Beiersdorf,generic-listing,ACTIVE,CERTIFIED,MULTI_BRAND,2026-09-10T12:35:23.735Z,OK,2026-09-10T13:01:59.858Z,136,136,true,false,0,156,156,136,0,OBSERVED_NONE_REVIEWED
diptyque-workday,Diptyque,workday,ACTIVE,NOT_REVIEWED,,,OK,2026-09-08T22:08:12.636Z,151,151,true,false,0,154,154,0,0,NOT_OBSERVED
clarkson-eyecare,Clarkson Eyecare,greenhouse,ACTIVE,NOT_REVIEWED,,,OK,2026-09-08T22:08:01.930Z,143,,true,false,0,153,153,0,0,NOT_OBSERVED
dr-martens-tf,Dr. Martens,talentfunnel,ACTIVE,NOT_REVIEWED,,,OK,2026-09-08T22:07:50.448Z,149,149,true,false,0,153,153,0,0,NOT_OBSERVED
douglas-sf,Douglas,successfactors,ACTIVE,NOT_REVIEWED,,,DEGRADED,2026-09-08T22:07:20.671Z,136,,false,false,0,151,151,0,0,NOT_OBSERVED
decjuba,DECJUBA,successfactors,ACTIVE,NOT_REVIEWED,,,DEGRADED,2026-09-08T22:08:21.955Z,149,,false,false,0,150,150,0,0,NOT_OBSERVED
prada-group,Prada Group,successfactors,ACTIVE,NOT_REVIEWED,,,DEGRADED,2026-09-08T22:05:48.511Z,54,,false,false,0,149,149,0,0,NOT_OBSERVED
chalhoub,Chalhoub Group,teamtailor,ACTIVE,NOT_REVIEWED,,,DEGRADED,2026-09-08T22:07:01.276Z,138,,false,false,0,148,148,0,0,NOT_OBSERVED
reformation,Reformation,greenhouse,ACTIVE,NOT_REVIEWED,,,OK,2026-09-08T22:07:23.608Z,141,,true,false,0,145,145,0,0,NOT_OBSERVED
hans-anders,Hans Anders,teamtailor,ACTIVE,NOT_REVIEWED,,,DEGRADED,2026-09-08T22:07:54.401Z,138,,false,false,0,144,144,0,0,NOT_OBSERVED
conde-nast-france,Conde Nast France,workday,ACTIVE,NOT_REVIEWED,,,OK,2026-09-08T22:07:45.495Z,140,140,true,false,0,143,143,0,0,NOT_OBSERVED
mejuri,Mejuri,greenhouse,ACTIVE,NOT_REVIEWED,,,OK,2026-09-08T22:07:33.171Z,141,,true,false,0,143,143,0,0,NOT_OBSERVED
burberry,Burberry,successfactors,ACTIVE,NOT_REVIEWED,,,DEGRADED,2026-09-08T22:08:15.712Z,133,,false,false,0,142,142,0,0,NOT_OBSERVED
therealreal,The RealReal,workday,ACTIVE,NOT_REVIEWED,,,OK,2026-09-08T22:07:55.318Z,134,134,true,false,0,138,138,0,0,NOT_OBSERVED
escada-parfums-16,Coty,successfactors,ACTIVE,CERTIFIED,,2026-09-09T12:36:18.065Z,OK,2026-09-09T13:12:08.989Z,131,131,true,false,0,136,136,131,131,PARTIAL
movado,Movado,workday,ACTIVE,NOT_REVIEWED,,,OK,2026-09-08T22:07:19.602Z,131,131,true,false,0,132,132,0,0,NOT_OBSERVED
quince,Quince,greenhouse,ACTIVE,NOT_REVIEWED,,,OK,2026-09-08T22:07:05.552Z,129,,true,false,0,132,132,0,0,NOT_OBSERVED
lagardere-travel-retail,Lagardère Travel Retail,talentsoft,ACTIVE,CERTIFIED,SINGLE_BRAND,2026-09-10T18:30:09.877Z,OK,2026-09-10T18:38:00.272Z,109,109,true,false,0,130,130,109,109,PARTIAL
adopt-parfums,Adopt Parfums,flatchr,ACTIVE,CERTIFIED,,2026-09-08T19:51:46.297Z,OK,2026-09-08T22:07:00.608Z,121,121,true,false,0,121,121,0,0,NOT_OBSERVED
sezane,Sézane,workable,ACTIVE,NOT_REVIEWED,,,DEGRADED,2026-09-08T22:06:53.291Z,115,,false,false,0,118,118,0,0,NOT_OBSERVED
uniqlo-stores,Uniqlo,workday,ACTIVE,CERTIFIED,SINGLE_BRAND,2026-09-10T13:55:28.909Z,OK,2026-09-10T14:49:54.465Z,110,110,true,false,0,116,116,110,110,PARTIAL
de-beers-london,De Beers London,smartrecruiters-whitelabel,ACTIVE,NOT_REVIEWED,,,OK,2026-09-08T22:06:39.712Z,100,100,true,false,0,115,115,0,0,NOT_OBSERVED
groupe-printemps,Groupe Printemps,talentsoft,ACTIVE,NOT_REVIEWED,,,OK,2026-09-08T22:04:40.205Z,110,110,true,false,0,113,113,0,0,NOT_OBSERVED
beauty-success-geodir,Beauty Success,geodirectory,ACTIVE,NOT_REVIEWED,,,OK,2026-09-08T22:06:50.406Z,109,109,true,false,0,110,110,0,0,NOT_OBSERVED
aigle,Aigle,digitalrecruiters,ACTIVE,NOT_REVIEWED,,,OK,2026-09-09T18:00:05.949Z,109,110,true,false,0,109,109,109,0,OBSERVED_NONE_REVIEWED
gant,GANT,digitalrecruiters,ACTIVE,NOT_REVIEWED,,,OK,2026-09-09T18:00:06.033Z,108,112,true,false,0,108,108,108,0,OBSERVED_NONE_REVIEWED
boggi-milano,Boggi Milano,recruitee,ACTIVE,NOT_REVIEWED,,,DEGRADED,2026-09-08T22:06:31.969Z,100,,false,false,0,105,105,0,0,NOT_OBSERVED
canada-goose,Canada Goose,workday,ACTIVE,NOT_REVIEWED,,,OK,2026-09-08T22:06:50.254Z,98,98,true,false,0,101,101,0,0,NOT_OBSERVED
knitwell-us-corporate,KnitWell Group,workday,ACTIVE,CERTIFIED,MULTI_BRAND,2026-09-10T17:09:44.339Z,DEGRADED,2026-09-10T17:13:47.547Z,100,101,true,false,1,99,99,99,99,PROVEN
apm-monaco,APM Monaco,workable,ACTIVE,NOT_REVIEWED,,,DEGRADED,2026-09-08T22:06:29.235Z,95,,false,false,0,98,98,0,0,NOT_OBSERVED
space-nk,Space NK,teamtailor,ACTIVE,NOT_REVIEWED,,,DEGRADED,2026-09-08T22:06:21.937Z,85,,false,false,0,98,98,0,0,NOT_OBSERVED
dolce-gabbana,Dolce & Gabbana,successfactors,ACTIVE,NOT_REVIEWED,,,DEGRADED,2026-09-08T22:06:20.837Z,80,,false,false,0,96,96,0,0,NOT_OBSERVED
audemars-piguet,Audemars Piguet,smartrecruiters-whitelabel,ACTIVE,NOT_REVIEWED,,,OK,2026-09-08T22:06:37.633Z,94,94,true,false,0,95,95,0,0,NOT_OBSERVED
new-balance,New Balance,workday,ACTIVE,CERTIFIED,MULTI_BRAND,2026-09-10T09:09:01.876Z,OK,2026-09-08T22:06:30.255Z,91,91,true,false,0,94,94,0,0,NOT_OBSERVED
my-jewellery,My Jewellery,recruitee,ACTIVE,NOT_REVIEWED,,,DEGRADED,2026-09-08T22:06:23.002Z,89,,false,false,0,91,91,0,0,NOT_OBSERVED
eram-3,Eram +3,magnet,ACTIVE,NOT_REVIEWED,,,DEGRADED,2026-09-08T22:06:26.945Z,83,,false,false,0,89,89,0,0,NOT_OBSERVED
white-stuff,White Stuff,teamtailor,ACTIVE,NOT_REVIEWED,,,DEGRADED,2026-09-08T22:06:16.566Z,82,,false,false,0,86,86,0,0,NOT_OBSERVED
multiopticas,Multiópticas,teamtailor,ACTIVE,NOT_REVIEWED,,,DEGRADED,2026-09-08T22:06:21.837Z,85,,false,false,0,85,85,0,0,NOT_OBSERVED
polene,Polène,ashby,ACTIVE,NOT_REVIEWED,,,DEGRADED,2026-09-08T22:06:19.575Z,82,,false,false,0,83,83,0,0,NOT_OBSERVED
brilliant-earth,Brilliant Earth,greenhouse,ACTIVE,NOT_REVIEWED,,,OK,2026-09-08T22:06:19.242Z,78,,true,false,0,82,82,0,0,NOT_OBSERVED
kult-olymp-hades,KULT | OLYMP&HADES,recruitee,ACTIVE,NOT_REVIEWED,,,DEGRADED,2026-09-08T22:06:16.584Z,75,,false,false,0,80,80,0,0,NOT_OBSERVED
silbon,Silbon,teamtailor,ACTIVE,NOT_REVIEWED,,,DEGRADED,2026-09-08T22:06:14.612Z,71,,false,false,0,79,79,0,0,NOT_OBSERVED
brown-thomas-taleo,Brown Thomas Arnotts,taleo,ACTIVE,NOT_REVIEWED,,,DEGRADED,2026-09-08T22:06:14.137Z,69,,false,false,0,76,76,0,0,NOT_OBSERVED
salomon,Salomon,smartrecruiters-whitelabel,ACTIVE,NOT_REVIEWED,,,OK,2026-09-08T22:06:16.304Z,71,71,true,false,0,76,76,0,0,NOT_OBSERVED
browns-shoes,Browns Shoes,teamtailor,ACTIVE,NOT_REVIEWED,,,DEGRADED,2026-09-08T22:06:04.322Z,67,,false,false,0,72,72,0,0,NOT_OBSERVED
helena-rubinstein-8,Helena Rubinstein +8,wttj,PAUSED,NOT_REVIEWED,,,OK,2026-09-06T13:13:56.115Z,,,,,,72,72,0,0,NOT_OBSERVED
b-s-international,B's International,smartrecruiters-whitelabel,ACTIVE,NOT_REVIEWED,,,OK,2026-09-08T22:05:50.961Z,62,62,true,false,0,71,71,0,0,NOT_OBSERVED
dr-pierre-ricaud,Groupe Rocher,successfactors,ACTIVE,CERTIFIED,MULTI_BRAND,2026-09-10T06:50:33.511Z,OK,2026-09-10T08:05:26.953Z,65,65,true,false,0,71,71,65,0,OBSERVED_NONE_REVIEWED
the-kooples,The Kooples,digitalrecruiters,ACTIVE,NOT_REVIEWED,,,OK,2026-09-09T18:00:01.378Z,69,69,true,false,0,71,71,69,0,OBSERVED_NONE_REVIEWED
jeans-centre,Jeans Centre,recruitee,ACTIVE,NOT_REVIEWED,,,DEGRADED,2026-09-08T22:05:48.642Z,57,,false,false,0,69,69,0,0,NOT_OBSERVED
selfridges,Selfridges,generic-listing,ACTIVE,NOT_REVIEWED,,,OK,2026-09-08T22:05:20.374Z,67,,true,false,0,69,69,0,0,NOT_OBSERVED
asos,ASOS,smartrecruiters-whitelabel,ACTIVE,NOT_REVIEWED,,,OK,2026-09-08T22:06:08.780Z,61,61,true,false,0,66,66,0,0,NOT_OBSERVED
ms-mode,MS Mode,recruitee,ACTIVE,NOT_REVIEWED,,,DEGRADED,2026-09-08T22:06:02.482Z,59,,false,false,0,66,66,0,0,NOT_OBSERVED
zegna-altamira,Zegna,altamira,ACTIVE,NOT_REVIEWED,,,DEGRADED,2026-09-08T22:06:12.784Z,61,,false,false,0,64,64,0,0,NOT_OBSERVED
browns,Farfetch (portail multi-enseignes),lever,ACTIVE,NOT_REVIEWED,,,OK,2026-09-08T22:05:59.520Z,60,,true,false,0,63,63,0,0,NOT_OBSERVED
lovable,Lovable,greenhouse,ACTIVE,NOT_REVIEWED,,,OK,2026-09-08T22:06:01.999Z,62,,true,false,0,63,63,0,0,NOT_OBSERVED
maison-123,Maison 123,teamtailor,ACTIVE,NOT_REVIEWED,,,DEGRADED,2026-09-08T22:05:37.097Z,60,,false,false,0,61,61,0,0,NOT_OBSERVED
bash-talents,ba&sh,bashtalents,ACTIVE,NOT_REVIEWED,,,OK,2026-09-08T22:05:35.360Z,50,50,true,false,0,57,57,0,0,NOT_OBSERVED
luxexperience,LuxExperience,generic-listing,ACTIVE,NOT_REVIEWED,,,DEGRADED,2026-09-08T22:05:35.068Z,52,,false,true,0,57,57,0,0,NOT_OBSERVED
honey-birdette,Honey Birdette,teamtailor,ACTIVE,NOT_REVIEWED,,,DEGRADED,2026-09-08T22:05:50.239Z,53,,false,false,0,56,56,0,0,NOT_OBSERVED
soeur,Soeur,teamtailor,ACTIVE,NOT_REVIEWED,,,DEGRADED,2026-09-08T22:05:38.802Z,55,,false,false,0,56,56,0,0,NOT_OBSERVED
clarins,Clarins,successfactors,ACTIVE,NOT_REVIEWED,,,DEGRADED,2026-09-08T22:05:06.483Z,40,,false,false,0,55,55,0,0,NOT_OBSERVED
la-senza,La Senza,greenhouse,ACTIVE,NOT_REVIEWED,,,OK,2026-09-08T22:05:26.548Z,55,,true,false,0,55,55,0,0,NOT_OBSERVED
nutrire,Tricoci,teamtailor,ACTIVE,CERTIFIED,SINGLE_BRAND,2026-09-10T08:42:42.075Z,OK,2026-09-10T09:04:03.422Z,55,,true,false,0,55,55,55,55,PROVEN
pepco,Pepco,personio,ACTIVE,NOT_REVIEWED,,,DEGRADED,2026-09-08T22:05:36.877Z,55,,false,false,0,55,55,0,0,NOT_OBSERVED
versace,Versace,workday,ACTIVE,NOT_REVIEWED,,,OK,2026-09-08T22:05:43.647Z,54,54,true,false,0,55,55,0,0,NOT_OBSERVED
nars,NARS,radancy,ACTIVE,NOT_REVIEWED,,,DEGRADED,2026-09-08T22:05:28.396Z,53,,false,false,0,54,54,0,0,NOT_OBSERVED
promod,Promod,talentview,ACTIVE,NOT_REVIEWED,,,OK,2026-09-09T07:21:47.181Z,54,,true,false,0,54,54,54,54,PROVEN
asics,ASICS,smartrecruiters-whitelabel,ACTIVE,NOT_REVIEWED,,,OK,2026-09-08T22:05:59.186Z,48,48,true,false,0,53,53,0,0,NOT_OBSERVED
egon-zehnder,Egon Zehnder,workable,ACTIVE,NOT_REVIEWED,,,DEGRADED,2026-09-08T22:05:41.126Z,53,,false,false,0,53,53,0,0,NOT_OBSERVED
capri-jimmy-choo,Jimmy Choo,workday,ACTIVE,NOT_REVIEWED,,,OK,2026-09-09T20:27:12.583Z,51,51,true,false,0,52,52,51,3,PARTIAL
mascot-workwear,MASCOT Workwear,successfactors,ACTIVE,CERTIFIED,SINGLE_BRAND,2026-09-10T08:00:46.644Z,OK,2026-09-10T08:05:24.463Z,50,50,true,false,0,50,50,50,50,PROVEN
undiz,Undiz,teamtailor,ACTIVE,NOT_REVIEWED,,,DEGRADED,2026-09-08T22:05:25.131Z,48,,false,false,0,50,50,0,0,NOT_OBSERVED
blackstore,Blackstore,jobaffinity-wordpress,ACTIVE,CERTIFIED,,2026-09-08T21:07:25.588Z,DEGRADED,2026-09-09T05:56:13.514Z,54,54,true,false,0,48,48,0,0,NOT_OBSERVED
lager-157,LAGER 157,teamtailor,ACTIVE,NOT_REVIEWED,,,DEGRADED,2026-09-08T22:05:13.014Z,47,,false,false,0,48,48,0,0,NOT_OBSERVED
dim,Dim,greenhouse,ACTIVE,NOT_REVIEWED,,,OK,2026-09-08T22:05:09.632Z,45,,true,false,0,47,47,0,0,NOT_OBSERVED
petit-bateau,Petit Bateau,smartrecruiters-whitelabel,ACTIVE,NOT_REVIEWED,,,OK,2026-09-08T22:05:35.473Z,47,47,true,false,0,47,47,0,0,NOT_OBSERVED
rivoli-typesense,Rivoli Group,typesense,ACTIVE,NOT_REVIEWED,,,OK,2026-09-08T22:05:24.978Z,47,47,true,false,0,47,47,0,0,NOT_OBSERVED
belstaff,Belstaff,teamtailor,ACTIVE,NOT_REVIEWED,,,DEGRADED,2026-09-08T22:05:11.363Z,40,,false,false,0,46,46,0,0,NOT_OBSERVED
brunello-cucinelli,Brunello Cucinelli,workday,ACTIVE,NOT_REVIEWED,,,OK,2026-09-08T22:05:19.279Z,44,44,true,false,0,45,45,0,0,NOT_OBSERVED
everlane,Everlane,greenhouse,ACTIVE,NOT_REVIEWED,,,OK,2026-09-08T22:05:10.137Z,45,,true,false,0,45,45,0,0,NOT_OBSERVED
magasin-du-nord,Magasin du Nord,teamtailor,ACTIVE,NOT_REVIEWED,,,DEGRADED,2026-09-08T22:05:00.631Z,40,,false,false,0,45,45,0,0,NOT_OBSERVED
veronica-beard,Veronica Beard,greenhouse,ACTIVE,NOT_REVIEWED,,,OK,2026-09-08T22:05:06.331Z,44,,true,false,0,45,45,0,0,NOT_OBSERVED
boardriders,Boardriders,successfactors,ACTIVE,CERTIFIED,SINGLE_BRAND,2026-09-10T13:16:47.779Z,NEW,2026-09-10T13:21:52.016Z,44,44,true,false,0,44,44,44,44,PROVEN
amiri,AMIRI,lever,ACTIVE,NOT_REVIEWED,,,OK,2026-09-08T22:05:09.034Z,43,,true,false,0,43,43,0,0,NOT_OBSERVED
camper,CAMPER,teamtailor,ACTIVE,NOT_REVIEWED,,,DEGRADED,2026-09-08T22:05:07.856Z,43,,false,false,0,43,43,0,0,NOT_OBSERVED
everything-but-water,Everything But Water,workday,ACTIVE,NOT_REVIEWED,,,OK,2026-09-08T22:05:14.460Z,43,43,true,false,0,43,43,0,0,NOT_OBSERVED
marc-o-polo,Marc O'Polo,generic-listing,ACTIVE,NOT_REVIEWED,,,DEGRADED,2026-09-08T22:04:08.400Z,15,,false,false,0,42,42,0,0,NOT_OBSERVED
thomas-sabo,THOMAS SABO,personio,ACTIVE,NOT_REVIEWED,,,DEGRADED,2026-09-08T22:04:47.552Z,41,,false,false,0,42,42,0,0,NOT_OBSERVED
breitling-sf,Breitling,successfactors,ACTIVE,NOT_REVIEWED,,,DEGRADED,2026-09-08T22:05:09.184Z,41,,false,false,0,41,41,0,0,NOT_OBSERVED
eurofragrance,Eurofragrance,teamtailor,ACTIVE,CERTIFIED,MULTI_BRAND,2026-09-10T07:47:31.797Z,OK,2026-09-10T08:05:19.995Z,40,,true,false,0,41,41,40,40,PARTIAL
lindex-easycruit,Lindex,easycruit,ACTIVE,CERTIFIED,,2026-09-09T16:23:46.645Z,NEW,2026-09-09T16:25:51.071Z,41,,true,false,0,41,41,41,41,PROVEN
monica-vinader,Monica Vinader,teamtailor,ACTIVE,NOT_REVIEWED,,,DEGRADED,2026-09-08T22:04:59.206Z,39,,false,false,0,41,41,0,0,NOT_OBSERVED
skin-laundry,Skin Laundry,greenhouse,ACTIVE,NOT_REVIEWED,,,OK,2026-09-08T22:05:12.010Z,41,,true,false,0,41,41,0,0,NOT_OBSERVED
merkal,Merkal,teamtailor,ACTIVE,NOT_REVIEWED,,,DEGRADED,2026-09-08T22:04:57.685Z,36,,false,false,0,39,39,0,0,NOT_OBSERVED
valentino,Valentino,successfactors,ACTIVE,NOT_REVIEWED,,,DEGRADED,2026-09-08T22:04:50.446Z,28,,false,false,0,39,39,0,0,NOT_OBSERVED
profil-optik,Profil Optik,teamtailor,ACTIVE,NOT_REVIEWED,,,DEGRADED,2026-09-08T22:04:57.583Z,37,,false,false,0,38,38,0,0,NOT_OBSERVED
groupe-chantelle,Groupe Chantelle,talentsoft,ACTIVE,NOT_REVIEWED,,,OK,2026-09-08T22:04:24.229Z,37,37,true,false,0,37,37,0,0,NOT_OBSERVED
pronovias,Pronovias,teamtailor,ACTIVE,CERTIFIED,SINGLE_BRAND,2026-09-10T08:00:47.626Z,OK,2026-09-10T08:05:17.624Z,24,,true,false,0,37,37,24,24,PARTIAL
jonsson-workwear,Jonsson Workwear,greenhouse,ACTIVE,NOT_REVIEWED,,,OK,2026-09-08T22:05:00.272Z,34,,true,false,0,36,36,0,0,NOT_OBSERVED
sessun,Sessùn,wttj,PAUSED,NOT_REVIEWED,,,OK,2026-09-06T13:13:07.486Z,,,,,,36,36,0,0,NOT_OBSERVED
oska,OSKA,generic-listing,ACTIVE,NOT_REVIEWED,,,OK,2026-09-09T20:26:57.715Z,35,35,true,false,0,35,35,35,0,OBSERVED_NONE_REVIEWED
american-vintage-dr,American Vintage,digitalrecruiters,ACTIVE,CERTIFIED,SINGLE_BRAND,2026-09-10T13:16:48.068Z,NEW,2026-09-10T13:21:51.887Z,34,34,true,false,0,34,34,34,34,PROVEN
eric-bompard,Eric Bompard,smartrecruiters-whitelabel,ACTIVE,NOT_REVIEWED,,,OK,2026-09-08T22:04:53.705Z,31,31,true,false,0,34,34,0,0,NOT_OBSERVED
oak-essentials,Oak Essentials,greenhouse,ACTIVE,NOT_REVIEWED,,,OK,2026-09-08T22:04:50.267Z,28,,true,false,0,34,34,0,0,NOT_OBSERVED
frank-darling,Frank Darling,teamtailor,ACTIVE,NOT_REVIEWED,,,DEGRADED,2026-09-08T22:04:56.412Z,33,,false,false,0,33,33,0,0,NOT_OBSERVED
uniqlo-au-stores,Uniqlo,workday,ACTIVE,CERTIFIED,SINGLE_BRAND,2026-09-10T14:46:38.474Z,NEW,2026-09-10T14:49:40.367Z,33,33,true,false,0,33,33,33,33,PROVEN
glitter,Glitter,teamtailor,ACTIVE,NOT_REVIEWED,,,DEGRADED,2026-09-08T22:04:52.554Z,30,,false,false,0,32,32,0,0,NOT_OBSERVED
mr-marvis,MR MARVIS,teamtailor,ACTIVE,NOT_REVIEWED,,,DEGRADED,2026-09-08T22:04:53.612Z,30,,false,false,0,32,32,0,0,NOT_OBSERVED
thirdlove,ThirdLove,greenhouse,ACTIVE,NOT_REVIEWED,,,OK,2026-09-08T22:04:55.601Z,31,,true,false,0,32,32,0,0,NOT_OBSERVED
acne-studios-jobylon,Acne Studios,jobylon,ACTIVE,NOT_REVIEWED,,,OK,2026-09-08T22:04:46.483Z,31,31,true,false,0,31,31,0,0,NOT_OBSERVED
fenwick-volcanic,Fenwick,volcanic,ACTIVE,NOT_REVIEWED,,,OK,2026-09-08T22:05:02.457Z,31,31,true,false,0,31,31,0,0,NOT_OBSERVED
figs,FIGS,greenhouse,ACTIVE,NOT_REVIEWED,,,OK,2026-09-08T22:04:46.422Z,31,,true,false,0,31,31,0,0,NOT_OBSERVED
mulberry,Mulberry,lever,ACTIVE,NOT_REVIEWED,,,OK,2026-09-08T22:04:56.511Z,31,,true,false,0,31,31,0,0,NOT_OBSERVED
kapten-son,Kapten & Son,recruitee,ACTIVE,NOT_REVIEWED,,,DEGRADED,2026-09-08T22:04:46.413Z,27,,false,false,0,30,30,0,0,NOT_OBSERVED
orchestra,Orchestra,greenhouse,ACTIVE,NOT_REVIEWED,,,OK,2026-09-08T22:04:47.314Z,30,,true,false,0,30,30,0,0,NOT_OBSERVED
saltrock-harri,Saltrock,harri,ACTIVE,CERTIFIED,,2026-09-09T14:16:22.910Z,NEW,2026-09-09T14:21:02.897Z,30,30,true,false,0,30,30,30,30,PROVEN
showroomprive,Showroomprive,teamtailor,ACTIVE,CERTIFIED,SINGLE_BRAND,2026-09-10T09:09:02.072Z,DEGRADED,2026-09-08T22:04:51.023Z,30,,false,false,0,30,30,0,0,NOT_OBSERVED
singularu,Singularu,teamtailor,ACTIVE,NOT_REVIEWED,,,DEGRADED,2026-09-08T22:04:54.464Z,27,,false,false,0,30,30,0,0,NOT_OBSERVED
stella-mccartney,Stella McCartney,workday,ACTIVE,NOT_REVIEWED,,,OK,2026-09-08T22:04:59.199Z,29,29,true,false,0,30,30,0,0,NOT_OBSERVED
sisley,Sisley,smartrecruiters-whitelabel,ACTIVE,NOT_REVIEWED,,,OK,2026-09-08T22:04:49.344Z,28,28,true,false,0,29,29,0,0,NOT_OBSERVED
damiani,Damiani,successfactors,ACTIVE,CERTIFIED,SINGLE_BRAND,2026-09-10T08:00:44.657Z,OK,2026-09-10T08:05:20.047Z,28,28,true,false,0,28,28,28,28,PROVEN
dune-london,Dune London,teamtailor,ACTIVE,NOT_REVIEWED,,,DEGRADED,2026-09-08T22:04:41.028Z,24,,false,false,0,28,28,0,0,NOT_OBSERVED
ephemera,EPHEMERA,teamtailor,ACTIVE,NOT_REVIEWED,,,DEGRADED,2026-09-08T22:04:28.699Z,24,,false,false,0,28,28,0,0,NOT_OBSERVED
jojo-maman-bebe,JoJo Maman Bébé,teamtailor,ACTIVE,NOT_REVIEWED,,,DEGRADED,2026-09-08T22:04:41.281Z,26,,false,false,0,28,28,0,0,NOT_OBSERVED
state-of-art,State of Art,recruitee,ACTIVE,NOT_REVIEWED,,,DEGRADED,2026-09-08T22:04:45.508Z,28,,false,false,0,28,28,0,0,NOT_OBSERVED
balmain,Balmain,talentsoft,ACTIVE,NOT_REVIEWED,,,OK,2026-09-08T22:04:21.369Z,27,27,true,false,0,27,27,0,0,NOT_OBSERVED
castore,Castore,teamtailor,ACTIVE,NOT_REVIEWED,,,DEGRADED,2026-09-08T22:04:40.129Z,26,,false,false,0,27,27,0,0,NOT_OBSERVED
la-prairie,La Prairie,successfactors,ACTIVE,CERTIFIED,SINGLE_BRAND,2026-09-10T13:16:50.171Z,NEW,2026-09-10T13:21:48.543Z,27,27,true,false,0,27,27,27,0,OBSERVED_NONE_REVIEWED
longchamp,Longchamp,talentsoft,ACTIVE,NOT_REVIEWED,,,OK,2026-09-08T22:04:24.305Z,27,27,true,false,0,27,27,0,0,NOT_OBSERVED
naos,NAOS,successfactors,ACTIVE,NOT_REVIEWED,,,DEGRADED,2026-09-08T22:04:45.571Z,27,,false,false,0,27,27,0,0,NOT_OBSERVED
glossier,Glossier,greenhouse,ACTIVE,NOT_REVIEWED,,,OK,2026-09-08T22:04:31.074Z,24,,true,false,0,26,26,0,0,NOT_OBSERVED
ounass,Ounass,teamtailor,ACTIVE,NOT_REVIEWED,,,DEGRADED,2026-09-08T22:04:42.240Z,26,,false,false,0,26,26,0,0,NOT_OBSERVED
sephora-france,Sephora,successfactors,ACTIVE,NOT_REVIEWED,,,DEGRADED,2026-09-08T22:04:41.251Z,25,,false,false,0,26,26,0,0,NOT_OBSERVED
peacocks,Peacocks,smartrecruiters-whitelabel,ACTIVE,NOT_REVIEWED,,,OK,2026-09-08T22:04:43.912Z,25,25,true,false,0,25,25,0,0,NOT_OBSERVED
bevilles-jewellers,Bevilles Jewellers,generic-listing,ACTIVE,NOT_REVIEWED,,,OK,2026-09-09T20:27:02.032Z,23,23,true,false,0,24,24,23,0,OBSERVED_NONE_REVIEWED
club-monaco,Club Monaco,greenhouse,ACTIVE,NOT_REVIEWED,,,OK,2026-09-08T22:04:38.323Z,24,,true,false,0,24,24,0,0,NOT_OBSERVED
laverana-gmbh-co-kg,Laverana GmbH & Co. KG,personio,ACTIVE,NOT_REVIEWED,,,DEGRADED,2026-09-08T22:04:41.745Z,24,,false,false,0,24,24,0,0,NOT_OBSERVED
siebel-juweliers,Siebel Juweliers,recruitee,ACTIVE,NOT_REVIEWED,,,DEGRADED,2026-09-08T22:04:29.712Z,22,,false,false,0,24,24,0,0,NOT_OBSERVED
yaya,YAYA,recruitee,ACTIVE,NOT_REVIEWED,,,DEGRADED,2026-09-08T22:04:42.395Z,23,,false,false,0,24,24,0,0,NOT_OBSERVED
ami-paris,AMI Paris,recruitee,ACTIVE,NOT_REVIEWED,,,DEGRADED,2026-09-08T22:04:30.351Z,22,,false,false,0,23,23,0,0,NOT_OBSERVED
funky-buddha,Funky Buddha,smartrecruiters-whitelabel,ACTIVE,NOT_REVIEWED,,,OK,2026-09-08T22:04:20.885Z,23,23,true,false,0,23,23,0,0,NOT_OBSERVED
globus,Globus,generic-listing,ACTIVE,NOT_REVIEWED,,,DEGRADED,2026-09-08T22:04:39.096Z,22,,false,true,0,23,23,0,0,NOT_OBSERVED
kiko-milano,Kiko Milano,recruitee,ACTIVE,NOT_REVIEWED,,,DEGRADED,2026-09-08T22:04:29.097Z,18,,false,false,0,23,23,0,0,NOT_OBSERVED
bzb,BZB,teamtailor,ACTIVE,NOT_REVIEWED,,,OK,2026-09-09T11:27:42.981Z,18,,true,false,0,22,22,18,18,PARTIAL
end-clothing,END.,generic-listing,ACTIVE,NOT_REVIEWED,,,DEGRADED,2026-09-08T22:04:35.486Z,21,,false,false,0,22,22,0,0,NOT_OBSERVED
oh-my-cream,Oh My Cream,teamtailor,ACTIVE,NOT_REVIEWED,,,DEGRADED,2026-09-08T22:04:17.263Z,22,,false,false,0,22,22,0,0,NOT_OBSERVED
uniqlo-headquarters,Uniqlo,workday,ACTIVE,CERTIFIED,SINGLE_BRAND,2026-09-10T13:55:29.440Z,OK,2026-09-10T14:49:38.659Z,20,20,true,false,0,22,22,20,20,PARTIAL
aeropostale,Aéropostale,icims,ACTIVE,NOT_REVIEWED,,,OK,2026-09-09T18:22:53.372Z,20,,true,false,0,21,21,20,0,OBSERVED_NONE_REVIEWED
army-logic,Army Logic,lever,ACTIVE,NOT_REVIEWED,,,OK,2026-09-08T22:04:26.614Z,21,,true,false,0,21,21,0,0,NOT_OBSERVED
blue-banana,Blue Banana,teamtailor,ACTIVE,CERTIFIED,SINGLE_BRAND,2026-09-10T08:00:43.388Z,OK,2026-09-10T08:05:15.394Z,18,,true,false,0,21,21,18,18,PARTIAL
medik8,Medik8,teamtailor,ACTIVE,NOT_REVIEWED,,,DEGRADED,2026-09-08T22:04:17.115Z,19,,false,false,0,21,21,0,0,NOT_OBSERVED
nyx-professional-makeup,NYX Professional Makeup,teamtailor,ACTIVE,NOT_REVIEWED,,,DEGRADED,2026-09-08T22:04:29.530Z,20,,false,false,0,21,21,0,0,NOT_OBSERVED
toteme,Totême,teamtailor,ACTIVE,NOT_REVIEWED,,,DEGRADED,2026-09-08T22:04:30.174Z,17,,false,false,0,21,21,0,0,NOT_OBSERVED
a-p-c,a.p.c,wttj,PAUSED,NOT_REVIEWED,,,OK,2026-09-06T14:24:14.403Z,,,,,,20,20,0,0,NOT_OBSERVED
fred-perry,Fred Perry,teamtailor,ACTIVE,NOT_REVIEWED,,,DEGRADED,2026-09-08T22:04:09.850Z,19,,false,false,0,20,20,0,0,NOT_OBSERVED
prisma-media,Prisma Media,teamtailor,ACTIVE,CERTIFIED,SINGLE_BRAND,2026-09-10T07:47:35.033Z,OK,2026-09-10T08:05:16.511Z,17,,true,false,0,20,20,17,17,PARTIAL
toscane,Toscane,flatchr,ACTIVE,CERTIFIED,,2026-09-08T19:51:49.045Z,OK,2026-09-08T22:04:25.197Z,20,20,true,false,0,20,20,0,0,NOT_OBSERVED
horace,Horace,teamtailor,ACTIVE,NOT_REVIEWED,,,DEGRADED,2026-09-08T22:04:16.278Z,18,,false,false,0,19,19,0,0,NOT_OBSERVED
katie-loxton,Katie Loxton,teamtailor,ACTIVE,CERTIFIED,SINGLE_BRAND,2026-09-10T08:00:45.844Z,OK,2026-09-10T08:05:16.060Z,19,,true,false,0,19,19,19,19,PROVEN
la-fee-maraboutee,La Fée Maraboutée,teamtailor,ACTIVE,CERTIFIED,SINGLE_BRAND,2026-09-10T13:16:49.081Z,NEW,2026-09-10T13:21:45.584Z,19,,true,false,0,19,19,19,19,PROVEN
patek-philippe,Patek Philippe,successfactors,ACTIVE,NOT_REVIEWED,,,DEGRADED,2026-09-08T22:04:12.288Z,17,,false,false,0,19,19,0,0,NOT_OBSERVED
plume-impression,Plume Impression,greenhouse,ACTIVE,NOT_REVIEWED,,,OK,2026-09-08T22:04:15.566Z,19,,true,false,0,19,19,0,0,NOT_OBSERVED
shein,SHEIN,greenhouse,ACTIVE,NOT_REVIEWED,,,OK,2026-09-08T22:04:16.169Z,19,,true,false,0,19,19,0,0,NOT_OBSERVED
catbird,Catbird,lever,ACTIVE,NOT_REVIEWED,,,OK,2026-09-08T22:04:18.488Z,18,,true,false,0,18,18,0,0,NOT_OBSERVED
club-l-london,Club L London,teamtailor,ACTIVE,NOT_REVIEWED,,,DEGRADED,2026-09-08T22:04:08.936Z,18,,false,false,0,18,18,0,0,NOT_OBSERVED
fastrack,Fastrack,teamtailor,ACTIVE,NOT_REVIEWED,,,DEGRADED,2026-09-08T22:04:13.064Z,17,,false,false,0,18,18,0,0,NOT_OBSERVED
loccitane-fr,L'Occitane,teamtailor,ACTIVE,CERTIFIED,SINGLE_BRAND,2026-09-10T09:09:00.886Z,DEGRADED,2026-09-08T22:04:10.522Z,15,,false,false,0,18,18,0,0,NOT_OBSERVED
theory-eu,Theory,workday,ACTIVE,CERTIFIED,SINGLE_BRAND,2026-09-10T14:57:02.377Z,NEW,2026-09-10T14:59:59.580Z,18,18,true,false,0,18,18,18,18,PROVEN
bravissimo,Bravissimo,teamtailor,ACTIVE,NOT_REVIEWED,,,DEGRADED,2026-09-08T22:04:00.423Z,17,,false,false,0,17,17,0,0,NOT_OBSERVED
f-a-e,f.a.e.,greenhouse,ACTIVE,NOT_REVIEWED,,,OK,2026-09-08T22:04:09.931Z,17,,true,false,0,17,17,0,0,NOT_OBSERVED
hot-topic,Hot Topic,lever,ACTIVE,NOT_REVIEWED,,,OK,2026-09-08T22:04:14.487Z,17,,true,false,0,17,17,0,0,NOT_OBSERVED
knitwell-us-distribution,KnitWell Group,workday,ACTIVE,CERTIFIED,MULTI_BRAND,2026-09-10T17:09:44.631Z,NEW,2026-09-10T17:13:35.507Z,17,18,true,false,0,17,17,17,17,PROVEN
molton-brown,Molton Brown,greenhouse,ACTIVE,NOT_REVIEWED,,,OK,2026-09-08T22:04:15.004Z,17,,true,false,0,17,17,0,0,NOT_OBSERVED
rebag,Rebag,greenhouse,ACTIVE,NOT_REVIEWED,,,OK,2026-09-08T22:04:13.572Z,15,,true,false,0,17,17,0,0,NOT_OBSERVED
sioux,Sioux,recruitee,ACTIVE,NOT_REVIEWED,,,DEGRADED,2026-09-08T22:04:11.089Z,17,,false,false,0,17,17,0,0,NOT_OBSERVED
ganni-talentrecruiter,GANNI,talentrecruiter,ACTIVE,CERTIFIED,,2026-09-09T15:41:40.287Z,NEW,2026-09-09T15:44:23.167Z,16,16,true,false,0,16,16,16,16,PROVEN
l-occitane-en-provence-2,L’Occitane en Provence +2,successfactors,ACTIVE,CERTIFIED,MULTI_BRAND,2026-09-10T09:09:01.112Z,DEGRADED,2026-09-08T22:04:07.906Z,15,,false,false,0,16,16,0,0,NOT_OBSERVED
pegador,Pegador,personio,ACTIVE,NOT_REVIEWED,,,DEGRADED,2026-09-08T22:03:59.427Z,10,,false,false,0,16,16,0,0,NOT_OBSERVED
tods,Tod's Group,successfactors,ACTIVE,NOT_REVIEWED,,,DEGRADED,2026-09-08T22:04:04.315Z,14,,false,false,0,16,16,0,0,NOT_OBSERVED
trussardi,Trussardi,teamtailor,ACTIVE,NOT_REVIEWED,,,DEGRADED,2026-09-08T22:04:09.133Z,15,,false,false,0,16,16,0,0,NOT_OBSERVED
good-american,Good American,lever,ACTIVE,NOT_REVIEWED,,,OK,2026-09-08T22:04:05.636Z,15,,true,false,0,15,15,0,0,NOT_OBSERVED
ilia,ILIA,greenhouse,ACTIVE,NOT_REVIEWED,,,OK,2026-09-08T22:03:58.560Z,11,,true,false,0,15,15,0,0,NOT_OBSERVED
lounge,Lounge,teamtailor,ACTIVE,NOT_REVIEWED,,,DEGRADED,2026-09-08T22:03:52.201Z,15,,false,false,0,15,15,0,0,NOT_OBSERVED
madhappy,Madhappy,lever,ACTIVE,NOT_REVIEWED,,,OK,2026-09-08T22:04:06.169Z,15,,true,false,0,15,15,0,0,NOT_OBSERVED
orlebar-brown,Orlebar Brown,teamtailor,ACTIVE,NOT_REVIEWED,,,DEGRADED,2026-09-08T22:04:01.363Z,14,,false,false,0,15,15,0,0,NOT_OBSERVED
riu-paris,RIU Paris,flatchr,ACTIVE,CERTIFIED,,2026-09-08T19:51:47.029Z,OK,2026-09-08T22:04:09.776Z,15,15,true,false,0,15,15,0,0,NOT_OBSERVED
ssense,SSENSE,teamtailor,ACTIVE,NOT_REVIEWED,,,DEGRADED,2026-09-08T22:04:08.442Z,15,,false,false,0,15,15,0,0,NOT_OBSERVED
bellroy,Bellroy,greenhouse,ACTIVE,NOT_REVIEWED,,,OK,2026-09-08T22:03:57.818Z,14,,true,false,0,14,14,0,0,NOT_OBSERVED
closed,CLOSED,personio,ACTIVE,NOT_REVIEWED,,,DEGRADED,2026-09-08T22:04:00.379Z,14,,false,false,0,14,14,0,0,NOT_OBSERVED
john-henric,John Henric,teamtailor,ACTIVE,NOT_REVIEWED,,,DEGRADED,2026-09-08T22:04:00.948Z,14,,false,false,0,14,14,0,0,NOT_OBSERVED
karla-otto,Karla Otto,teamtailor,ACTIVE,CERTIFIED,MULTI_BRAND,2026-09-10T07:47:32.241Z,OK,2026-09-10T08:05:15.202Z,11,,true,false,0,14,14,11,11,PARTIAL
little-words-project,Little Words Project,greenhouse,ACTIVE,NOT_REVIEWED,,,OK,2026-09-08T22:04:05.351Z,14,,true,false,0,14,14,0,0,NOT_OBSERVED
mq-marqet,MQ MarQet,teamtailor,ACTIVE,NOT_REVIEWED,,,DEGRADED,2026-09-08T22:03:59.058Z,9,,false,false,0,14,14,0,0,NOT_OBSERVED
nude-project,Nude Project,teamtailor,ACTIVE,NOT_REVIEWED,,,DEGRADED,2026-09-08T22:03:59.686Z,14,,false,false,0,14,14,0,0,NOT_OBSERVED
passage-du-desir,Passage du Desir,teamtailor,ACTIVE,NOT_REVIEWED,,,DEGRADED,2026-09-08T22:04:06.770Z,14,,false,false,0,14,14,0,0,NOT_OBSERVED
shinola-retail,Shinola,greenhouse,ACTIVE,CERTIFIED,SINGLE_BRAND,2026-09-10T13:16:49.620Z,OK,2026-09-10T14:49:32.907Z,14,,true,false,0,14,14,14,14,PROVEN
uniqlo-us-headquarters,Uniqlo,workday,ACTIVE,CERTIFIED,MULTI_BRAND,2026-09-10T15:05:23.539Z,NEW,2026-09-10T15:08:15.623Z,14,14,true,false,0,14,14,14,14,PROVEN
bombas,Bombas,greenhouse,ACTIVE,NOT_REVIEWED,,,OK,2026-09-08T22:03:57.983Z,11,,true,false,0,13,13,0,0,NOT_OBSERVED
brothers,Brothers,teamtailor,ACTIVE,NOT_REVIEWED,,,DEGRADED,2026-09-08T22:03:47.902Z,13,,false,false,0,13,13,0,0,NOT_OBSERVED
georges,GEORGES,teamtailor,ACTIVE,NOT_REVIEWED,,,DEGRADED,2026-09-08T22:03:52.066Z,11,,false,false,0,13,13,0,0,NOT_OBSERVED
gymshark,Gymshark,greenhouse,ACTIVE,NOT_REVIEWED,,,OK,2026-09-08T22:04:12.941Z,13,,true,false,0,13,13,0,0,NOT_OBSERVED
kicks,Kicks,teamtailor,ACTIVE,NOT_REVIEWED,,,DEGRADED,2026-09-08T22:04:00.960Z,10,,false,false,0,13,13,0,0,NOT_OBSERVED
nutrafol,Nutrafol,greenhouse,ACTIVE,NOT_REVIEWED,,,OK,2026-09-08T22:03:57.359Z,12,,true,false,0,13,13,0,0,NOT_OBSERVED
oh-polly,Oh Polly,teamtailor,ACTIVE,NOT_REVIEWED,,,DEGRADED,2026-09-08T22:03:52.694Z,12,,false,false,0,13,13,0,0,NOT_OBSERVED
vivobarefoot,Vivobarefoot,teamtailor,ACTIVE,NOT_REVIEWED,,,DEGRADED,2026-09-08T22:03:59.963Z,13,,false,false,0,13,13,0,0,NOT_OBSERVED
aime-leon-dore,Aimé Leon Dore,greenhouse,ACTIVE,NOT_REVIEWED,,,OK,2026-09-08T22:03:55.175Z,12,,true,false,0,12,12,0,0,NOT_OBSERVED
ballantynes,Ballantynes,smartrecruiters-whitelabel,ACTIVE,NOT_REVIEWED,,,OK,2026-09-08T22:03:50.987Z,11,11,true,false,0,12,12,0,0,NOT_OBSERVED
fitflop,FitFlop,teamtailor,ACTIVE,NOT_REVIEWED,,,DEGRADED,2026-09-08T22:03:48.792Z,12,,false,false,0,12,12,0,0,NOT_OBSERVED
j-lindeberg,J.Lindeberg,teamtailor,ACTIVE,NOT_REVIEWED,,,DEGRADED,2026-09-08T22:03:48.478Z,12,,false,false,0,12,12,0,0,NOT_OBSERVED
uniqlo-vn-headquarters,Uniqlo,workday,ACTIVE,CERTIFIED,MULTI_BRAND,2026-09-10T15:05:23.888Z,NEW,2026-09-10T15:08:14.893Z,12,12,true,false,0,12,12,12,12,PROVEN
vivienne-westwood,Vivienne Westwood,teamtailor,ACTIVE,NOT_REVIEWED,,,DEGRADED,2026-09-08T22:03:57.579Z,12,,false,false,0,12,12,0,0,NOT_OBSERVED
apivita,Apivita,workable,ACTIVE,NOT_REVIEWED,,,DEGRADED,2026-09-08T22:03:49.755Z,11,,false,false,0,11,11,0,0,NOT_OBSERVED
baccarat,Baccarat,talentview,ACTIVE,NOT_REVIEWED,,,DEGRADED,2026-09-08T22:03:48.119Z,10,,false,false,0,11,11,0,0,NOT_OBSERVED
bego,Bego,recruitee,ACTIVE,NOT_REVIEWED,,,DEGRADED,2026-09-08T22:03:50.648Z,11,,false,false,0,11,11,0,0,NOT_OBSERVED
chico-s,Chico's,workday,ACTIVE,CERTIFIED,MULTI_BRAND,2026-09-10T15:37:34.686Z,OK,2026-09-10T17:13:28.222Z,10,10,true,false,0,11,11,10,10,PARTIAL
dolls-kill,Dolls Kill,lever,ACTIVE,NOT_REVIEWED,,,OK,2026-09-08T22:03:51.815Z,11,,true,false,0,11,11,0,0,NOT_OBSERVED
faguo,FAGUO,teamtailor,ACTIVE,NOT_REVIEWED,,,DEGRADED,2026-09-08T22:03:45.955Z,10,,false,false,0,11,11,0,0,NOT_OBSERVED
olaplex,OLAPLEX,greenhouse,ACTIVE,NOT_REVIEWED,,,OK,2026-09-08T22:03:48.849Z,11,,true,false,0,11,11,0,0,NOT_OBSERVED
peak-performance,Peak Performance,teamtailor,ACTIVE,NOT_REVIEWED,,,DEGRADED,2026-09-08T22:03:49.331Z,11,,false,false,0,11,11,0,0,NOT_OBSERVED
stanley-stella,STANLEY/STELLA,personio,ACTIVE,NOT_REVIEWED,,,DEGRADED,2026-09-08T22:03:53.108Z,11,,false,false,0,11,11,0,0,NOT_OBSERVED
supergoop,Supergoop!,greenhouse,ACTIVE,NOT_REVIEWED,,,OK,2026-09-08T22:03:53.133Z,11,,true,false,0,11,11,0,0,NOT_OBSERVED
uniqlo-graduates,Uniqlo,workday,ACTIVE,CERTIFIED,SINGLE_BRAND,2026-09-10T13:55:29.744Z,OK,2026-09-10T14:49:35.752Z,11,11,true,false,0,11,11,11,11,PROVEN
vestiaire-collective,Vestiaire Collective,lever,ACTIVE,NOT_REVIEWED,,,OK,2026-09-08T22:03:53.855Z,11,,true,false,0,11,11,0,0,NOT_OBSERVED
yse-paris,Ysé,teamtailor,ACTIVE,CERTIFIED,SINGLE_BRAND,2026-09-10T13:16:48.573Z,NEW,2026-09-10T13:21:45.223Z,11,,true,false,0,11,11,11,0,OBSERVED_NONE_REVIEWED
aeyde,aeyde,personio,ACTIVE,NOT_REVIEWED,,,DEGRADED,2026-09-08T22:03:46.896Z,10,,false,false,0,10,10,0,0,NOT_OBSERVED
burnt,Burnt,teamtailor,ACTIVE,CERTIFIED,SINGLE_BRAND,2026-09-10T08:00:44.024Z,OK,2026-09-10T08:05:14.651Z,4,,true,false,0,10,10,4,4,PARTIAL
filson,Filson,greenhouse,ACTIVE,NOT_REVIEWED,,,OK,2026-09-08T22:03:47.825Z,8,,true,false,0,10,10,0,0,NOT_OBSERVED
jules,Jules,talentview,ACTIVE,NOT_REVIEWED,,,DEGRADED,2026-09-08T22:03:49.311Z,10,,false,false,0,10,10,0,0,NOT_OBSERVED
lagardere-travel-retail-de,Lagardère Travel Retail,talentsoft,ACTIVE,CERTIFIED,SINGLE_BRAND,2026-09-10T18:34:29.542Z,NEW,2026-09-10T18:37:47.808Z,10,10,true,false,0,10,10,10,10,PROVEN
madame-figaro,Madame Figaro,wttj,ACTIVE,NOT_REVIEWED,,,OK,2026-09-08T22:03:56.951Z,10,10,true,false,0,10,10,0,0,NOT_OBSERVED
alberto,Alberto,generic-listing,ACTIVE,NOT_REVIEWED,,,OK,2026-09-10T08:53:41.205Z,6,80,true,false,0,9,9,6,0,OBSERVED_NONE_REVIEWED
bright,BRIGHT,recruitee,ACTIVE,NOT_REVIEWED,,,DEGRADED,2026-09-08T22:03:45.011Z,9,,false,false,0,9,9,0,0,NOT_OBSERVED
cambio,CAMBIO,teamtailor,ACTIVE,NOT_REVIEWED,,,DEGRADED,2026-09-08T22:03:45.353Z,9,,false,false,0,9,9,0,0,NOT_OBSERVED
lagardere-duty-free,Lagardère Duty Free,talentsoft,ACTIVE,NOT_REVIEWED,,,OK,2026-09-09T18:22:43.416Z,9,9,true,false,0,9,9,9,0,OBSERVED_NONE_REVIEWED
shinola,Shinola,greenhouse,ACTIVE,NOT_REVIEWED,,,OK,2026-09-08T22:04:04.236Z,9,,true,false,0,9,9,0,0,NOT_OBSERVED
abercrombie,Abercrombie & Fitch,smartrecruiters-whitelabel,ACTIVE,NOT_REVIEWED,,,OK,2026-09-08T22:03:44.481Z,8,8,true,false,0,8,8,0,0,NOT_OBSERVED
cabaia,Cabaia,teamtailor,ACTIVE,NOT_REVIEWED,,,DEGRADED,2026-09-08T22:03:41.815Z,8,,false,false,0,8,8,0,0,NOT_OBSERVED
celio,celio,teamtailor,ACTIVE,NOT_REVIEWED,,,DEGRADED,2026-09-08T22:03:44.378Z,8,,false,false,0,8,8,0,0,NOT_OBSERVED
hanna-andersson,Hanna Andersson,lever,ACTIVE,NOT_REVIEWED,,,OK,2026-09-08T22:03:45.623Z,8,,true,false,0,8,8,0,0,NOT_OBSERVED
hoff,Hoff,teamtailor,ACTIVE,NOT_REVIEWED,,,DEGRADED,2026-09-08T22:03:45.920Z,8,,false,false,0,8,8,0,0,NOT_OBSERVED
minimalist,Minimalist,recruitee,ACTIVE,NOT_REVIEWED,,,DEGRADED,2026-09-08T22:03:44.695Z,7,,false,false,0,8,8,0,0,NOT_OBSERVED
parachute,Parachute,greenhouse,ACTIVE,NOT_REVIEWED,,,OK,2026-09-08T22:03:44.821Z,8,,true,false,0,8,8,0,0,NOT_OBSERVED
typology,Typology,teamtailor,ACTIVE,CERTIFIED,SINGLE_BRAND,2026-09-10T09:09:01.603Z,DEGRADED,2026-09-08T22:03:41.239Z,8,,false,false,0,8,8,0,0,NOT_OBSERVED
vlisco,Vlisco,teamtailor,ACTIVE,NOT_REVIEWED,,,DEGRADED,2026-09-08T22:03:43.879Z,8,,false,false,0,8,8,0,0,NOT_OBSERVED
wunderkind,Wunderkind,greenhouse,ACTIVE,NOT_REVIEWED,,,OK,2026-09-08T22:03:57.021Z,8,,true,false,0,8,8,0,0,NOT_OBSERVED
essilorluxottica,EssilorLuxottica,smartrecruiters-whitelabel,ACTIVE,NOT_REVIEWED,,,OK,2026-09-08T22:03:42.445Z,7,7,true,false,0,7,7,0,0,NOT_OBSERVED
ferrari,Ferrari,successfactors,ACTIVE,NOT_REVIEWED,,,DEGRADED,2026-09-08T22:03:42.827Z,7,,false,false,0,7,7,0,0,NOT_OBSERVED
herschel-supply-co,Herschel Supply Co.,greenhouse,ACTIVE,NOT_REVIEWED,,,OK,2026-09-08T22:03:42.462Z,7,,true,false,0,7,7,0,0,NOT_OBSERVED
jansport,JanSport,workday,ACTIVE,NOT_REVIEWED,,,OK,2026-09-08T22:03:43.781Z,7,7,true,false,0,7,7,0,0,NOT_OBSERVED
miu-miu,Miu Miu,smartrecruiters-whitelabel,ACTIVE,NOT_REVIEWED,,,OK,2026-09-08T22:03:43.314Z,7,7,true,false,0,7,7,0,0,NOT_OBSERVED
monsieur-tshirt,Monsieur Tshirt,wttj,PAUSED,NOT_REVIEWED,,,OK,2026-09-06T14:24:08.178Z,,,,,,7,7,0,0,NOT_OBSERVED
printful,Printful,teamtailor,ACTIVE,NOT_REVIEWED,,,DEGRADED,2026-09-08T22:03:37.005Z,7,,false,false,0,7,7,0,0,NOT_OBSERVED
profuomo,Profuomo,recruitee,ACTIVE,NOT_REVIEWED,,,DEGRADED,2026-09-08T22:03:43.543Z,7,,false,false,0,7,7,0,0,NOT_OBSERVED
uniqlo-my-headquarters,Uniqlo,workday,ACTIVE,CERTIFIED,SINGLE_BRAND,2026-09-10T14:57:00.712Z,NEW,2026-09-10T14:59:58.393Z,7,7,true,false,0,7,7,7,7,PROVEN
bubble,Bubble,greenhouse,ACTIVE,NOT_REVIEWED,,,OK,2026-09-08T22:03:40.519Z,6,,true,false,0,6,6,0,0,NOT_OBSERVED
clarins-wttj,Clarins,wttj,PAUSED,NOT_REVIEWED,,,OK,2026-09-06T13:11:55.088Z,,,,,,6,6,0,0,NOT_OBSERVED
fast-retailing-id-headquarters,Fast Retailing,workday,ACTIVE,CERTIFIED,SINGLE_BRAND,2026-09-10T14:57:02.932Z,NEW,2026-09-10T14:59:56.183Z,6,6,true,false,0,6,6,6,6,PROVEN
iris-van-herpen,Iris van Herpen,recruitee,ACTIVE,NOT_REVIEWED,,,DEGRADED,2026-09-08T22:03:40.717Z,6,,false,false,0,6,6,0,0,NOT_OBSERVED
luhta,Luhta,teamtailor,ACTIVE,CERTIFIED,MULTI_BRAND,2026-09-10T09:09:01.407Z,DEGRADED,2026-09-08T22:03:36.378Z,5,,false,false,0,6,6,0,0,NOT_OBSERVED
pied-de-biche,Pied de Biche,wttj,PAUSED,NOT_REVIEWED,,,OK,2026-09-06T14:24:08.409Z,,,,,,6,6,0,0,NOT_OBSERVED
theory-us-retail,Theory,workday,ACTIVE,CERTIFIED,SINGLE_BRAND,2026-09-10T14:57:02.565Z,NEW,2026-09-10T14:59:56.726Z,6,6,true,false,0,6,6,6,6,PROVEN
tiger-of-sweden,Tiger of Sweden,teamtailor,ACTIVE,NOT_REVIEWED,,,DEGRADED,2026-09-08T22:03:41.198Z,6,,false,false,0,6,6,0,0,NOT_OBSERVED
uniqlo-hkm-headquarters,Uniqlo,workday,ACTIVE,CERTIFIED,SINGLE_BRAND,2026-09-10T14:57:01.055Z,NEW,2026-09-10T14:59:57.452Z,6,6,true,false,0,6,6,6,6,PROVEN
yema,Yema,smartrecruiters-whitelabel,ACTIVE,NOT_REVIEWED,,,OK,2026-09-08T22:03:41.787Z,6,6,true,false,0,6,6,0,0,NOT_OBSERVED
baron,Baron,smartrecruiters-whitelabel,ACTIVE,NOT_REVIEWED,,,OK,2026-09-08T22:03:37.667Z,5,5,true,false,0,5,5,0,0,NOT_OBSERVED
g-label-by-goop,G.Label by Goop,greenhouse,ACTIVE,NOT_REVIEWED,,,OK,2026-09-08T22:03:40.751Z,5,,true,false,0,5,5,0,0,NOT_OBSERVED
genesis,Genesis,lever,ACTIVE,NOT_REVIEWED,,,OK,2026-09-08T22:03:37.325Z,4,,true,false,0,5,5,0,0,NOT_OBSERVED
gu-us-retail,GU,workday,ACTIVE,CERTIFIED,SINGLE_BRAND,2026-09-10T14:57:01.782Z,NEW,2026-09-10T14:59:55.542Z,5,5,true,false,0,5,5,5,5,PROVEN
intersport,INTERSPORT,teamtailor,ACTIVE,NOT_REVIEWED,,,OK,2026-09-09T05:56:05.037Z,4,,true,false,0,5,5,0,0,NOT_OBSERVED
la-redoute-talentview,La Redoute,talentview,ACTIVE,NOT_REVIEWED,,,DEGRADED,2026-09-08T22:03:38.156Z,5,,false,false,0,5,5,0,0,NOT_OBSERVED
lucy-yak,Lucy & Yak,teamtailor,ACTIVE,NOT_REVIEWED,,,DEGRADED,2026-09-08T22:03:38.076Z,4,,false,false,0,5,5,0,0,NOT_OBSERVED
lumentee,Lumentee,generic-listing,ACTIVE,NOT_REVIEWED,,,DEGRADED,2026-09-08T22:03:39.744Z,5,,false,false,0,5,5,0,0,NOT_OBSERVED
naturkompaniet,Naturkompaniet,teamtailor,ACTIVE,NOT_REVIEWED,,,DEGRADED,2026-09-08T22:03:38.674Z,4,,false,false,0,5,5,0,0,NOT_OBSERVED
nexus,Nexus,greenhouse,ACTIVE,NOT_REVIEWED,,,OK,2026-09-08T22:03:38.916Z,4,,true,false,0,5,5,0,0,NOT_OBSERVED
nimble,Nimble,recruitee,ACTIVE,NOT_REVIEWED,,,DEGRADED,2026-09-08T22:03:40.482Z,4,,false,false,0,5,5,0,0,NOT_OBSERVED
rotate,ROTATE,recruitee,ACTIVE,NOT_REVIEWED,,,DEGRADED,2026-09-08T22:03:40.474Z,5,,false,false,0,5,5,0,0,NOT_OBSERVED
ackermans,Ackermans,teamtailor,ACTIVE,NOT_REVIEWED,,,DEGRADED,2026-09-08T22:03:33.468Z,4,,false,false,0,4,4,0,0,NOT_OBSERVED
agency,Agency,smartrecruiters-whitelabel,ACTIVE,NOT_REVIEWED,,,OK,2026-09-08T22:03:33.912Z,4,4,true,false,0,4,4,0,0,NOT_OBSERVED
aim-n,Aim'n,teamtailor,ACTIVE,CERTIFIED,SINGLE_BRAND,2026-09-10T08:00:42.707Z,OK,2026-09-10T08:05:13.915Z,4,,true,false,0,4,4,4,4,PROVEN
annoushka,Annoushka,teamtailor,ACTIVE,NOT_REVIEWED,,,DEGRADED,2026-09-08T22:03:33.703Z,3,,false,false,0,4,4,0,0,NOT_OBSERVED
bespoke-post,Bespoke Post,lever,ACTIVE,NOT_REVIEWED,,,OK,2026-09-08T22:03:33.904Z,4,,true,false,0,4,4,0,0,NOT_OBSERVED
buff,BUFF,teamtailor,ACTIVE,NOT_REVIEWED,,,DEGRADED,2026-09-08T22:03:34.246Z,4,,false,false,0,4,4,0,0,NOT_OBSERVED
dfs,DFS,successfactors,ACTIVE,CERTIFIED,SINGLE_BRAND,2026-09-10T08:00:45.106Z,OK,2026-09-10T08:05:17.180Z,4,4,true,false,0,4,4,4,4,PROVEN
eastpak,Eastpak,smartrecruiters-whitelabel,ACTIVE,NOT_REVIEWED,,,OK,2026-09-08T22:03:34.802Z,4,4,true,false,0,4,4,0,0,NOT_OBSERVED
el-palacio-de-hierro,El Palacio de Hierro,successfactors,ACTIVE,NOT_REVIEWED,,,DEGRADED,2026-09-08T22:03:40.462Z,4,,false,false,0,4,4,0,0,NOT_OBSERVED
ghost,Ghost,greenhouse,ACTIVE,NOT_REVIEWED,,,OK,2026-09-08T22:03:34.998Z,4,,true,false,0,4,4,0,0,NOT_OBSERVED
go-outdoors,Go Outdoors,greenhouse,ACTIVE,NOT_REVIEWED,,,OK,2026-09-08T22:03:35.075Z,4,,true,false,0,4,4,0,0,NOT_OBSERVED
guild-pepper,Guild+Pepper,greenhouse,ACTIVE,NOT_REVIEWED,,,OK,2026-09-08T22:03:35.239Z,4,,true,false,0,4,4,0,0,NOT_OBSERVED
happy-socks,Happy Socks,teamtailor,ACTIVE,NOT_REVIEWED,,,DEGRADED,2026-09-08T22:03:35.675Z,4,,false,false,0,4,4,0,0,NOT_OBSERVED
imi-s,imi's,greenhouse,ACTIVE,NOT_REVIEWED,,,OK,2026-09-08T22:03:35.460Z,4,,true,false,0,4,4,0,0,NOT_OBSERVED
jewells,Jewells,teamtailor,ACTIVE,NOT_REVIEWED,,,DEGRADED,2026-09-08T22:03:35.900Z,4,,false,false,0,4,4,0,0,NOT_OBSERVED
julie-grace,Julie & Grace,personio,ACTIVE,NOT_REVIEWED,,,DEGRADED,2026-09-08T22:03:35.928Z,4,,false,false,0,4,4,0,0,NOT_OBSERVED
kastner-ohler,Kastner & Öhler,generic-listing,ACTIVE,NOT_REVIEWED,,,DEGRADED,2026-09-08T22:03:32.783Z,4,,false,false,0,4,4,0,0,NOT_OBSERVED
margaret-howell,Margaret Howell,teamtailor,ACTIVE,NOT_REVIEWED,,,DEGRADED,2026-09-08T22:03:36.356Z,2,,false,false,0,4,4,0,0,NOT_OBSERVED
nudie-jeans,Nudie Jeans,teamtailor,ACTIVE,NOT_REVIEWED,,,DEGRADED,2026-09-08T22:03:36.513Z,4,,false,false,0,4,4,0,0,NOT_OBSERVED
picard,PICARD,recruitee,ACTIVE,NOT_REVIEWED,,,DEGRADED,2026-09-08T22:03:39.432Z,4,,false,false,0,4,4,0,0,NOT_OBSERVED
subset,Subset,teamtailor,ACTIVE,NOT_REVIEWED,,,DEGRADED,2026-09-08T22:03:37.064Z,4,,false,false,0,4,4,0,0,NOT_OBSERVED
tekla,Tekla,greenhouse,ACTIVE,NOT_REVIEWED,,,OK,2026-09-08T22:03:31.276Z,4,,true,false,0,4,4,0,0,NOT_OBSERVED
tom-wood,Tom Wood,teamtailor,ACTIVE,NOT_REVIEWED,,,DEGRADED,2026-09-08T22:03:31.636Z,4,,false,false,0,4,4,0,0,NOT_OBSERVED
585-gold,585 Gold,smartrecruiters-whitelabel,ACTIVE,NOT_REVIEWED,,,OK,2026-09-08T22:03:31.708Z,3,3,true,false,0,3,3,0,0,NOT_OBSERVED
attaquer,Attaquer,generic-listing,ACTIVE,NOT_REVIEWED,,,DEGRADED,2026-09-08T22:03:33.621Z,3,,false,false,0,3,3,0,0,NOT_OBSERVED
blueland,Blueland,lever,ACTIVE,NOT_REVIEWED,,,OK,2026-09-08T22:03:34.760Z,3,,true,false,0,3,3,0,0,NOT_OBSERVED
cotton-on,Cotton On,smartrecruiters-whitelabel,ACTIVE,NOT_REVIEWED,,,OK,2026-09-08T22:03:32.012Z,3,3,true,false,0,3,3,0,0,NOT_OBSERVED
damart,Damart,teamtailor,ACTIVE,NOT_REVIEWED,,,DEGRADED,2026-09-08T22:03:31.934Z,2,,false,false,0,3,3,0,0,NOT_OBSERVED
fast-retailing-ph-headquarters,Fast Retailing,workday,ACTIVE,CERTIFIED,SINGLE_BRAND,2026-09-10T14:57:02.757Z,NEW,2026-09-10T14:59:54.573Z,3,3,true,false,0,3,3,3,3,PROVEN
got-bag,GOT BAG,personio,ACTIVE,NOT_REVIEWED,,,DEGRADED,2026-09-08T22:03:31.978Z,3,,false,false,0,3,3,0,0,NOT_OBSERVED
joe-fresh,Joe Fresh,smartrecruiters-whitelabel,ACTIVE,NOT_REVIEWED,,,OK,2026-09-08T22:03:32.386Z,3,3,true,false,0,3,3,0,0,NOT_OBSERVED
kate-mcleod,Kate McLeod,greenhouse,ACTIVE,NOT_REVIEWED,,,OK,2026-09-08T22:03:32.300Z,3,,true,false,0,3,3,0,0,NOT_OBSERVED
killstar,KILLSTAR,teamtailor,ACTIVE,NOT_REVIEWED,,,DEGRADED,2026-09-08T22:03:32.684Z,3,,false,false,0,3,3,0,0,NOT_OBSERVED
lensa,Lensa,teamtailor,ACTIVE,NOT_REVIEWED,,,DEGRADED,2026-09-08T22:03:32.769Z,3,,false,false,0,3,3,0,0,NOT_OBSERVED
markham,Markham,lever,ACTIVE,NOT_REVIEWED,,,OK,2026-09-08T22:03:33.087Z,3,,true,false,0,3,3,0,0,NOT_OBSERVED
nikin,NIKIN,recruitee,ACTIVE,NOT_REVIEWED,,,DEGRADED,2026-09-08T22:03:30.865Z,3,,false,false,0,3,3,0,0,NOT_OBSERVED
spinelli-kilcollin,Spinelli Kilcollin,greenhouse,ACTIVE,NOT_REVIEWED,,,OK,2026-09-08T22:03:33.245Z,3,,true,false,0,3,3,0,0,NOT_OBSERVED
wehkamp,Wehkamp,smartrecruiters-whitelabel,ACTIVE,NOT_REVIEWED,,,OK,2026-09-08T22:03:33.468Z,3,3,true,false,0,3,3,0,0,NOT_OBSERVED
alpha-industries,alpha industries,personio,ACTIVE,NOT_REVIEWED,,,DEGRADED,2026-09-08T22:03:29.805Z,2,,false,false,0,2,2,0,0,NOT_OBSERVED
asket,ASKET,teamtailor,ACTIVE,NOT_REVIEWED,,,DEGRADED,2026-09-08T22:03:30.176Z,2,,false,false,0,2,2,0,0,NOT_OBSERVED
axel-arigato,AXEL ARIGATO,teamtailor,ACTIVE,NOT_REVIEWED,,,DEGRADED,2026-09-08T22:03:30.177Z,2,,false,false,0,2,2,0,0,NOT_OBSERVED
bella-canvas,BELLA+CANVAS,greenhouse,ACTIVE,NOT_REVIEWED,,,OK,2026-09-08T22:03:30.057Z,2,,true,false,0,2,2,0,0,NOT_OBSERVED
bloom,Bloom,smartrecruiters-whitelabel,ACTIVE,NOT_REVIEWED,,,OK,2026-09-08T22:03:30.269Z,2,2,true,false,0,2,2,0,0,NOT_OBSERVED
gu-hk-headquarters,GU,workday,ACTIVE,CERTIFIED,SINGLE_BRAND,2026-09-10T14:57:02.173Z,NEW,2026-09-10T14:59:53.661Z,2,2,true,false,0,2,2,2,2,PROVEN
gu-us-headquarters,GU,workday,ACTIVE,CERTIFIED,SINGLE_BRAND,2026-09-10T14:57:01.979Z,NEW,2026-09-10T14:59:54.069Z,2,2,true,false,0,2,2,2,2,PROVEN
indiska,Indiska,teamtailor,ACTIVE,NOT_REVIEWED,,,DEGRADED,2026-09-08T22:03:30.299Z,2,,false,false,0,2,2,0,0,NOT_OBSERVED
klattermusen,Klättermusen,teamtailor,ACTIVE,NOT_REVIEWED,,,DEGRADED,2026-09-08T22:03:30.572Z,2,,false,false,0,2,2,0,0,NOT_OBSERVED
knock-knock,Knock Knock,greenhouse,ACTIVE,NOT_REVIEWED,,,OK,2026-09-08T22:03:30.628Z,2,,true,false,0,2,2,0,0,NOT_OBSERVED
lavish-alice,Lavish Alice,teamtailor,ACTIVE,NOT_REVIEWED,,,DEGRADED,2026-09-08T22:03:30.785Z,2,,false,false,0,2,2,0,0,NOT_OBSERVED
lexington,Lexington,teamtailor,ACTIVE,CERTIFIED,SINGLE_BRAND,2026-09-10T08:00:46.341Z,OK,2026-09-10T08:05:14.023Z,2,,true,false,0,2,2,2,2,PROVEN
merz-b-schwanen,Merz B. Schwanen,personio,ACTIVE,NOT_REVIEWED,,,DEGRADED,2026-09-08T22:03:30.826Z,2,,false,false,0,2,2,0,0,NOT_OBSERVED
method-h-l-a,METHOD H L.A.,greenhouse,ACTIVE,NOT_REVIEWED,,,OK,2026-09-08T22:03:30.898Z,2,,true,false,0,2,2,0,0,NOT_OBSERVED
petrol-industries,Petrol Industries,teamtailor,ACTIVE,NOT_REVIEWED,,,DEGRADED,2026-09-08T22:03:30.887Z,2,,false,false,0,2,2,0,0,NOT_OBSERVED
realself,RealSelf,lever,ACTIVE,NOT_REVIEWED,,,OK,2026-09-08T22:03:29.841Z,2,,true,false,0,2,2,0,0,NOT_OBSERVED
route-one-skin,route one skin,greenhouse,ACTIVE,NOT_REVIEWED,,,OK,2026-09-08T22:03:31.058Z,2,,true,false,0,2,2,0,0,NOT_OBSERVED
sabon,Sabon,teamtailor,ACTIVE,NOT_REVIEWED,,,DEGRADED,2026-09-08T22:03:31.252Z,2,,false,false,0,2,2,0,0,NOT_OBSERVED
saffron,Saffron,teamtailor,ACTIVE,NOT_REVIEWED,,,DEGRADED,2026-09-08T22:03:31.251Z,2,,false,false,0,2,2,0,0,NOT_OBSERVED
taylor-stitch,Taylor Stitch,smartrecruiters-whitelabel,ACTIVE,NOT_REVIEWED,,,OK,2026-09-08T22:03:31.383Z,2,2,true,false,0,2,2,0,0,NOT_OBSERVED
uniqlo-au-graduates,Uniqlo,workday,ACTIVE,CERTIFIED,SINGLE_BRAND,2026-09-10T14:57:01.536Z,NEW,2026-09-10T14:59:54.197Z,2,2,true,false,0,2,2,2,2,PROVEN
uniqlo-th-headquarters,Uniqlo,workday,ACTIVE,CERTIFIED,SINGLE_BRAND,2026-09-10T14:57:01.277Z,NEW,2026-09-10T14:59:53.876Z,2,2,true,false,0,2,2,2,2,PROVEN
bellabeat,Bellabeat,smartrecruiters-whitelabel,ACTIVE,NOT_REVIEWED,,,OK,2026-09-09T05:56:04.836Z,1,1,true,false,0,1,1,0,0,NOT_OBSERVED
bernadette,BERNADETTE,greenhouse,ACTIVE,NOT_REVIEWED,,,OK,2026-09-08T22:03:27.737Z,1,,true,false,0,1,1,0,0,NOT_OBSERVED
blacks,Blacks,greenhouse,ACTIVE,NOT_REVIEWED,,,OK,2026-09-08T22:03:27.699Z,1,,true,false,0,1,1,0,0,NOT_OBSERVED
chisholm-hunter,Chisholm Hunter,smartrecruiters-whitelabel,ACTIVE,NOT_REVIEWED,,,OK,2026-09-08T22:03:27.929Z,1,1,true,false,0,1,1,0,0,NOT_OBSERVED
chrome,Chrome,greenhouse,ACTIVE,NOT_REVIEWED,,,OK,2026-09-08T22:03:27.870Z,1,,true,false,0,1,1,0,0,NOT_OBSERVED
city-beauty,City Beauty,greenhouse,ACTIVE,NOT_REVIEWED,,,OK,2026-09-08T22:03:27.940Z,1,,true,false,0,1,1,0,0,NOT_OBSERVED
cove,Cove,teamtailor,ACTIVE,NOT_REVIEWED,,,DEGRADED,2026-09-08T22:03:28.211Z,1,,false,false,0,1,1,0,0,NOT_OBSERVED
cuyana,Cuyana,greenhouse,ACTIVE,NOT_REVIEWED,,,OK,2026-09-08T22:03:28.034Z,1,,true,false,0,1,1,0,0,NOT_OBSERVED
cynthia-rowley,Cynthia Rowley,smartrecruiters-whitelabel,ACTIVE,NOT_REVIEWED,,,OK,2026-09-08T22:03:28.181Z,1,1,true,false,0,1,1,0,0,NOT_OBSERVED
dna,dna,greenhouse,ACTIVE,NOT_REVIEWED,,,OK,2026-09-08T22:03:28.105Z,1,,true,false,0,1,1,0,0,NOT_OBSERVED
fjallraven,Fjällräven,teamtailor,ACTIVE,NOT_REVIEWED,,,DEGRADED,2026-09-08T22:03:28.109Z,1,,false,false,0,1,1,0,0,NOT_OBSERVED
groundies,Groundies,personio,ACTIVE,NOT_REVIEWED,,,DEGRADED,2026-09-08T22:03:28.282Z,1,,false,false,0,1,1,0,0,NOT_OBSERVED
innisfree,Innisfree,smartrecruiters-whitelabel,ACTIVE,NOT_REVIEWED,,,OK,2026-09-08T22:03:28.435Z,1,1,true,false,0,1,1,0,0,NOT_OBSERVED
it-s-fashion,It's Fashion,smartrecruiters-whitelabel,ACTIVE,NOT_REVIEWED,,,OK,2026-09-08T22:03:28.679Z,1,1,true,false,0,1,1,0,0,NOT_OBSERVED
kidzart,Kidzart,smartrecruiters-whitelabel,ACTIVE,NOT_REVIEWED,,,OK,2026-09-08T22:03:28.632Z,1,1,true,false,0,1,1,0,0,NOT_OBSERVED
lerros,LERROS,personio,ACTIVE,NOT_REVIEWED,,,DEGRADED,2026-09-08T22:03:28.463Z,1,,false,false,0,1,1,0,0,NOT_OBSERVED
loplabbet,Löplabbet,teamtailor,ACTIVE,NOT_REVIEWED,,,DEGRADED,2026-09-08T22:03:28.854Z,1,,false,false,0,1,1,0,0,NOT_OBSERVED
motel,Motel,teamtailor,ACTIVE,CERTIFIED,SINGLE_BRAND,2026-09-10T08:00:46.828Z,OK,2026-09-10T08:05:13.602Z,1,,true,false,0,1,1,1,1,PROVEN
mvmt,MVMT,smartrecruiters-whitelabel,ACTIVE,NOT_REVIEWED,,,OK,2026-09-08T22:03:28.920Z,1,1,true,false,0,1,1,0,0,NOT_OBSERVED
obi-obi,OBI OBI,recruitee,ACTIVE,NOT_REVIEWED,,,DEGRADED,2026-09-08T22:03:28.795Z,1,,false,false,0,1,1,0,0,NOT_OBSERVED
ortovox,ORTOVOX,personio,ACTIVE,NOT_REVIEWED,,,DEGRADED,2026-09-08T22:03:28.906Z,1,,false,false,0,1,1,0,0,NOT_OBSERVED
parco,Parco,smartrecruiters-whitelabel,ACTIVE,NOT_REVIEWED,,,OK,2026-09-08T22:03:29.139Z,1,1,true,false,0,1,1,0,0,NOT_OBSERVED
point-zero,Point Zero,smartrecruiters-whitelabel,ACTIVE,NOT_REVIEWED,,,OK,2026-09-08T22:03:29.320Z,1,1,true,false,0,1,1,0,0,NOT_OBSERVED
sacoor-brothers,Sacoor Brothers,smartrecruiters-whitelabel,ACTIVE,NOT_REVIEWED,,,OK,2026-09-08T22:03:29.402Z,1,1,true,false,0,1,1,0,0,NOT_OBSERVED
tropicfeel,Tropicfeel,teamtailor,ACTIVE,NOT_REVIEWED,,,DEGRADED,2026-09-08T22:03:29.581Z,1,,false,false,0,1,1,0,0,NOT_OBSERVED
united-colors-of-benetton,United Colors of Benetton,smartrecruiters-whitelabel,ACTIVE,NOT_REVIEWED,,,OK,2026-09-08T22:03:29.595Z,1,1,true,false,0,1,1,0,0,NOT_OBSERVED
velvet-canyon,Velvet Canyon,smartrecruiters-whitelabel,ACTIVE,NOT_REVIEWED,,,OK,2026-09-08T22:03:29.944Z,1,1,true,false,0,1,1,0,0,NOT_OBSERVED
visionlab,VisionLab,smartrecruiters-whitelabel,ACTIVE,NOT_REVIEWED,,,OK,2026-09-08T22:03:29.865Z,1,1,true,false,0,1,1,0,0,NOT_OBSERVED
aime,Aime,wttj,RETIRED,NOT_REVIEWED,,,OK,2026-09-06T13:11:56.702Z,,,,,,0,0,0,0,NO_ACTIVE_REPRESENTATION
american-vintage,American Vintage,wttj,RETIRED,NOT_REVIEWED,,,OK,2026-09-06T13:12:45.508Z,,,,,,0,0,0,0,NO_ACTIVE_REPRESENTATION
armand-thiery,Armand Thiery,wttj,RETIRED,NOT_REVIEWED,,,OK,2026-09-06T13:11:59.258Z,,,,,,0,0,0,0,NO_ACTIVE_REPRESENTATION
ashoka,Ashoka (entrepreneuriat social),lever,RETIRED,NOT_REVIEWED,,,OK,2026-09-07T22:01:26.586Z,,,,,,0,0,0,0,NO_ACTIVE_REPRESENTATION
asphalte,Asphalte,wttj,RETIRED,NOT_REVIEWED,,,OK,2026-09-06T13:12:04.858Z,,,,,,0,0,0,0,NO_ACTIVE_REPRESENTATION
atlantis,Atlantis,personio,RETIRED,NOT_REVIEWED,,,DEGRADED,2026-09-08T22:03:31.493Z,3,,false,false,0,0,0,0,0,NO_ACTIVE_REPRESENTATION
aubade,Aubade,wttj,RETIRED,NOT_REVIEWED,,,OK,2026-09-06T14:24:18.900Z,,,,,,0,0,0,0,NO_ACTIVE_REPRESENTATION
avila,Avila,teamtailor,RETIRED,NOT_REVIEWED,,,OK,2026-09-06T13:11:59.113Z,,,,,,0,0,0,0,NO_ACTIVE_REPRESENTATION
b2,B2,teamtailor,RETIRED,NOT_REVIEWED,,,DEGRADED,2026-09-08T22:06:03.997Z,67,,false,false,0,0,0,0,0,NO_ACTIVE_REPRESENTATION
bedrock,Bedrock,wttj,RETIRED,NOT_REVIEWED,,,OK,2026-09-06T14:24:05.984Z,,,,,,0,0,0,0,NO_ACTIVE_REPRESENTATION
bentley,Bentley,successfactors,RETIRED,NOT_REVIEWED,,,OK,2026-09-06T13:14:23.762Z,,,,,,0,0,0,0,NO_ACTIVE_REPRESENTATION
bizzbee,Bizzbee,teamtailor,RETIRED,NOT_REVIEWED,,,DEGRADED,2026-09-08T22:04:27.343Z,19,,false,false,0,0,0,0,0,NO_ACTIVE_REPRESENTATION
blend,"Blend Labs, logiciels bancaires",greenhouse,RETIRED,NOT_REVIEWED,,,OK,2026-09-07T22:01:40.944Z,,,,,,0,0,0,0,NO_ACTIVE_REPRESENTATION
cal-k-holding,Çalık Holding,successfactors,RETIRED,NOT_REVIEWED,,,DEGRADED,2026-09-08T22:03:34.479Z,3,,false,false,0,0,0,0,0,NO_ACTIVE_REPRESENTATION
carla-b,CARLA B,teamtailor,RETIRED,NOT_REVIEWED,,,DEGRADED,2026-09-08T22:03:55.743Z,12,,false,false,0,0,0,0,0,NO_ACTIVE_REPRESENTATION
charlotte-tilbury,Charlotte Tilbury,wttj,RETIRED,NOT_REVIEWED,,,OK,2026-09-06T13:12:15.919Z,,,,,,0,0,0,0,NO_ACTIVE_REPRESENTATION
cleo,"Cleo Communications, intégration logicielle",greenhouse,RETIRED,NOT_REVIEWED,,,OK,2026-09-07T22:01:19.092Z,,,,,,0,0,0,0,NO_ACTIVE_REPRESENTATION
coast,"Coast, cartes de paiement pour flottes",greenhouse,RETIRED,NOT_REVIEWED,,,OK,2026-09-07T22:02:04.938Z,,,,,,0,0,0,0,NO_ACTIVE_REPRESENTATION
columbia-sportswear,Columbia Sportswear,wttj,RETIRED,NOT_REVIEWED,,,OK,2026-09-06T14:24:06.662Z,,,,,,0,0,0,0,NO_ACTIVE_REPRESENTATION
corum,Corum,wttj,RETIRED,NOT_REVIEWED,,,OK,2026-09-06T14:24:08.339Z,,,,,,0,0,0,0,NO_ACTIVE_REPRESENTATION
dept,dept,greenhouse,RETIRED,NOT_REVIEWED,,,OK,2026-09-06T13:16:18.835Z,,,,,,0,0,0,0,NO_ACTIVE_REPRESENTATION
didi,"DiDi, conduite autonome",greenhouse,RETIRED,NOT_REVIEWED,,,OK,2026-09-07T22:01:44.128Z,,,,,,0,0,0,0,NO_ACTIVE_REPRESENTATION
diptyque,Diptyque,wttj,RETIRED,NOT_REVIEWED,,,OK,2026-09-06T14:24:18.998Z,,,,,,0,0,0,0,NO_ACTIVE_REPRESENTATION
dr-jart-13,Dr. Jart+ +13,eightfold,RETIRED,NOT_REVIEWED,,,OK,2026-09-06T05:42:41.337Z,,,,,,0,0,0,0,NO_ACTIVE_REPRESENTATION
eclipse,"Eclipse Laboratories, blockchain",greenhouse,RETIRED,NOT_REVIEWED,,,OK,2026-09-07T22:01:09.306Z,,,,,,0,0,0,0,NO_ACTIVE_REPRESENTATION
embryolisse,Embryolisse,wttj,RETIRED,NOT_REVIEWED,,,OK,2026-09-06T13:11:46.123Z,,,,,,0,0,0,0,NO_ACTIVE_REPRESENTATION
eres,Eres,wttj,RETIRED,NOT_REVIEWED,,,OK,2026-09-06T13:11:46.245Z,,,,,,0,0,0,0,NO_ACTIVE_REPRESENTATION
fashionjobs,FashionJobs,fashionjobs,RETIRED,NOT_REVIEWED,,,OK,2026-09-07T23:07:25.102Z,,,,,,0,0,0,0,NO_ACTIVE_REPRESENTATION
fay,"Fay, plateforme de nutrition et santé",greenhouse,RETIRED,NOT_REVIEWED,,,OK,2026-09-07T22:01:12.025Z,,,,,,0,0,0,0,NO_ACTIVE_REPRESENTATION
figaret,Figaret,wttj,RETIRED,NOT_REVIEWED,,,OK,2026-09-06T14:24:05.840Z,,,,,,0,0,0,0,NO_ACTIVE_REPRESENTATION
frame,FRAME,wttj,RETIRED,NOT_REVIEWED,,,OK,2026-09-06T13:11:46.497Z,,,,,,0,0,0,0,NO_ACTIVE_REPRESENTATION
fusalp,Fusalp,wttj,RETIRED,NOT_REVIEWED,,,OK,2026-09-06T14:24:14.967Z,,,,,,0,0,0,0,NO_ACTIVE_REPRESENTATION
galileo,"Galileo, soins médicaux",greenhouse,RETIRED,NOT_REVIEWED,,,OK,2026-09-07T22:01:52.040Z,,,,,,0,0,0,0,NO_ACTIVE_REPRESENTATION
ganni,GANNI,teamtailor,RETIRED,NOT_REVIEWED,,,DEGRADED,2026-09-08T22:03:51.555Z,11,,false,false,0,0,0,0,0,NO_ACTIVE_REPRESENTATION
gate,"Gate, plateforme de cryptomonnaies",lever,RETIRED,NOT_REVIEWED,,,OK,2026-09-07T22:02:07.307Z,,,,,,0,0,0,0,NO_ACTIVE_REPRESENTATION
giga,Giga,personio,RETIRED,NOT_REVIEWED,,,DEGRADED,2026-09-08T22:03:30.264Z,2,,false,false,0,0,0,0,0,NO_ACTIVE_REPRESENTATION
gridline,"Gridline, investissements privés",lever,RETIRED,NOT_REVIEWED,,,OK,2026-09-07T22:01:19.818Z,,,,,,0,0,0,0,NO_ACTIVE_REPRESENTATION
hades,Hades Resources GmbH,personio,RETIRED,NOT_REVIEWED,,,DEGRADED,2026-09-08T22:03:42.168Z,7,,false,false,0,0,0,0,0,NO_ACTIVE_REPRESENTATION
hindbag,Hindbag,wttj,RETIRED,NOT_REVIEWED,,,OK,2026-09-06T14:24:07.853Z,,,,,,0,0,0,0,NO_ACTIVE_REPRESENTATION
hone,"Hone, formation professionnelle",greenhouse,RETIRED,NOT_REVIEWED,,,OK,2026-09-07T22:01:12.210Z,,,,,,0,0,0,0,NO_ACTIVE_REPRESENTATION
honor,"Honor Technology, aide à domicile",greenhouse,RETIRED,NOT_REVIEWED,,,OK,2026-09-07T22:01:52.419Z,,,,,,0,0,0,0,NO_ACTIVE_REPRESENTATION
huber,HUBER,successfactors,RETIRED,NOT_REVIEWED,,,DEGRADED,2026-09-08T22:04:54.658Z,30,,false,false,0,0,0,0,0,NO_ACTIVE_REPRESENTATION
infuse,Infuse,greenhouse,RETIRED,NOT_REVIEWED,,,OK,2026-09-06T13:18:06.458Z,,,,,,0,0,0,0,NO_ACTIVE_REPRESENTATION
ion,"ION Group, logiciels financiers",lever,RETIRED,NOT_REVIEWED,,,OK,2026-09-07T22:03:35.642Z,,,,,,0,0,0,0,NO_ACTIVE_REPRESENTATION
jako,Jako,personio,RETIRED,NOT_REVIEWED,,,DEGRADED,2026-09-08T22:04:21.456Z,20,,false,false,0,0,0,0,0,NO_ACTIVE_REPRESENTATION
jerome-dreyfuss,Jérôme Dreyfuss,wttj,RETIRED,NOT_REVIEWED,,,OK,2026-09-06T14:24:05.621Z,,,,,,0,0,0,0,NO_ACTIVE_REPRESENTATION
jonak,Jonak,wttj,RETIRED,NOT_REVIEWED,,,OK,2026-09-06T13:12:17.724Z,,,,,,0,0,0,0,NO_ACTIVE_REPRESENTATION
joy,Joy,teamtailor,RETIRED,NOT_REVIEWED,,,DEGRADED,2026-09-08T22:03:30.721Z,2,,false,false,0,0,0,0,0,NO_ACTIVE_REPRESENTATION
kent,KENT Europe GmbH,personio,RETIRED,NOT_REVIEWED,,,DEGRADED,2026-09-08T22:03:58.972Z,13,,false,false,0,0,0,0,0,NO_ACTIVE_REPRESENTATION
la-rosee,La Rosee,wttj,RETIRED,NOT_REVIEWED,,,OK,2026-09-06T13:12:13.397Z,,,,,,0,0,0,0,NO_ACTIVE_REPRESENTATION
le-slip-francais,Le Slip Francais,wttj,RETIRED,NOT_REVIEWED,,,OK,2026-09-06T13:11:42.232Z,,,,,,0,0,0,0,NO_ACTIVE_REPRESENTATION
lectra,Lectra,wttj,RETIRED,NOT_REVIEWED,,,OK,2026-09-06T13:12:36.740Z,,,,,,0,0,0,0,NO_ACTIVE_REPRESENTATION
lindex,Lindex,teamtailor,RETIRED,NOT_REVIEWED,,,DEGRADED,2026-09-08T22:03:42.861Z,7,,false,false,0,0,0,0,0,NO_ACTIVE_REPRESENTATION
loft,LOFT,teamtailor,RETIRED,NOT_REVIEWED,,,DEGRADED,2026-09-08T22:06:01.810Z,62,,false,false,0,0,0,0,0,NO_ACTIVE_REPRESENTATION
louise-misha,Louise Misha,wttj,RETIRED,NOT_REVIEWED,,,OK,2026-09-06T14:24:06.128Z,,,,,,0,0,0,0,NO_ACTIVE_REPRESENTATION
lunettes-pour-tous,Lunettes pour Tous,wttj,RETIRED,NOT_REVIEWED,,,OK,2026-09-06T14:24:06.864Z,,,,,,0,0,0,0,NO_ACTIVE_REPRESENTATION
maison-kitsune,Maison Kitsune,wttj,RETIRED,NOT_REVIEWED,,,OK,2026-09-06T14:24:10.778Z,,,,,,0,0,0,0,NO_ACTIVE_REPRESENTATION
make,MAKE,greenhouse,RETIRED,NOT_REVIEWED,,,OK,2026-09-06T09:12:41.167Z,,,,,,0,0,0,0,NO_ACTIVE_REPRESENTATION
maryruth-s,MaryRuth's,teamtailor,RETIRED,NOT_REVIEWED,,,DEGRADED,2026-09-08T22:03:32.916Z,3,,false,false,0,0,0,0,0,NO_ACTIVE_REPRESENTATION
mateo,Mateo Estate GmbH,personio,RETIRED,NOT_REVIEWED,,,DEGRADED,2026-09-08T22:03:46.285Z,9,,false,false,0,0,0,0,0,NO_ACTIVE_REPRESENTATION
michael-page-france,Michael Page France,generic-listing,RETIRED,NOT_REVIEWED,,,OK,2026-09-06T08:57:00.568Z,,,,,,0,0,0,0,NO_ACTIVE_REPRESENTATION
moea,MoEa,wttj,RETIRED,NOT_REVIEWED,,,OK,2026-09-06T14:24:05.718Z,,,,,,0,0,0,0,NO_ACTIVE_REPRESENTATION
mosaic,Mosaic,smartrecruiters-whitelabel,RETIRED,NOT_REVIEWED,,,OK,2026-09-06T09:12:17.311Z,,,,,,0,0,0,0,NO_ACTIVE_REPRESENTATION
novara,"Novara, logiciels EHS et gestion des risques",lever,RETIRED,NOT_REVIEWED,,,OK,2026-09-07T22:01:27.938Z,,,,,,0,0,0,0,NO_ACTIVE_REPRESENTATION
ohme,ōhme,greenhouse,RETIRED,NOT_REVIEWED,,,OK,2026-09-06T13:12:31.577Z,,,,,,0,0,0,0,NO_ACTIVE_REPRESENTATION
one,ONE,teamtailor,RETIRED,NOT_REVIEWED,,,DEGRADED,2026-09-08T22:03:43.361Z,8,,false,false,0,0,0,0,0,NO_ACTIVE_REPRESENTATION
payot,Payot,wttj,RETIRED,NOT_REVIEWED,,,OK,2026-09-06T13:11:42.741Z,,,,,,0,0,0,0,NO_ACTIVE_REPRESENTATION
peloton,Peloton,greenhouse,RETIRED,NOT_REVIEWED,,,OK,2026-09-06T13:13:35.280Z,,,,,,0,0,0,0,NO_ACTIVE_REPRESENTATION
pina,Pina Technologies GmbH,personio,RETIRED,NOT_REVIEWED,,,DEGRADED,2026-09-08T22:03:31.012Z,2,,false,false,0,0,0,0,0,NO_ACTIVE_REPRESENTATION
public,"Public, plateforme d’investissement",greenhouse,RETIRED,NOT_REVIEWED,,,OK,2026-09-07T22:01:23.373Z,,,,,,0,0,0,0,NO_ACTIVE_REPRESENTATION
puig,Puig,wttj,RETIRED,NOT_REVIEWED,,,OK,2026-09-06T09:12:55.074Z,,,,,,0,0,0,0,NO_ACTIVE_REPRESENTATION
respire,Respire,wttj,RETIRED,NOT_REVIEWED,,,OK,2026-09-06T13:12:27.004Z,,,,,,0,0,0,0,NO_ACTIVE_REPRESENTATION
saltrock,SaltRock GmbH,personio,RETIRED,NOT_REVIEWED,,,DEGRADED,2026-09-08T22:03:33.018Z,3,,false,false,0,0,0,0,0,NO_ACTIVE_REPRESENTATION
samson,Samson & Partner,personio,RETIRED,NOT_REVIEWED,,,DEGRADED,2026-09-08T22:03:29.332Z,1,,false,false,0,0,0,0,0,NO_ACTIVE_REPRESENTATION
seer,"Seer, protéomique et biotechnologies",greenhouse,RETIRED,NOT_REVIEWED,,,OK,2026-09-07T22:01:16.839Z,,,,,,0,0,0,0,NO_ACTIVE_REPRESENTATION
sep,"SEP, ingénierie logicielle",lever,RETIRED,NOT_REVIEWED,,,OK,2026-09-07T22:01:26.106Z,,,,,,0,0,0,0,NO_ACTIVE_REPRESENTATION
simone-perele,Simone Perele,wttj,RETIRED,NOT_REVIEWED,,,OK,2026-09-06T13:11:53.951Z,,,,,,0,0,0,0,NO_ACTIVE_REPRESENTATION
sport-1,Sport 1,teamtailor,RETIRED,NOT_REVIEWED,,,DEGRADED,2026-09-08T22:03:52.730Z,11,,false,false,0,0,0,0,0,NO_ACTIVE_REPRESENTATION
stone-by-stone,Stone By Stone,greenhouse,RETIRED,NOT_REVIEWED,,,OK,2026-09-06T09:19:36.100Z,,,,,,0,0,0,0,NO_ACTIVE_REPRESENTATION
stripe-stare,Stripe & Stare,greenhouse,RETIRED,NOT_REVIEWED,,,OK,2026-09-06T13:20:16.168Z,,,,,,0,0,0,0,NO_ACTIVE_REPRESENTATION
sud-express,Sud Express,wttj,RETIRED,NOT_REVIEWED,,,OK,2026-09-06T14:24:21.293Z,,,,,,0,0,0,0,NO_ACTIVE_REPRESENTATION
tala,"Tala, infrastructure de crédit",lever,RETIRED,NOT_REVIEWED,,,OK,2026-09-07T22:01:40.920Z,,,,,,0,0,0,0,NO_ACTIVE_REPRESENTATION
toast,TOAST,greenhouse,RETIRED,NOT_REVIEWED,,,OK,2026-09-06T13:17:02.993Z,,,,,,0,0,0,0,NO_ACTIVE_REPRESENTATION
towa,Towa,personio,RETIRED,NOT_REVIEWED,,,OK,2026-09-06T13:12:51.389Z,,,,,,0,0,0,0,NO_ACTIVE_REPRESENTATION
tulip,Tulip,greenhouse,RETIRED,NOT_REVIEWED,,,OK,2026-09-06T13:14:04.806Z,,,,,,0,0,0,0,NO_ACTIVE_REPRESENTATION
urbn-stores,URBN Stores,icims,RETIRED,NOT_REVIEWED,,,DEGRADED,2026-09-09T18:30:32.247Z,943,,true,false,23,0,0,0,0,NO_ACTIVE_REPRESENTATION
veja,VEJA,wttj,RETIRED,NOT_REVIEWED,,,OK,2026-09-06T13:12:19.628Z,,,,,,0,0,0,0,NO_ACTIVE_REPRESENTATION
via,Via (mobilité),greenhouse,RETIRED,NOT_REVIEWED,,,OK,2026-09-07T22:05:05.929Z,,,,,,0,0,0,0,NO_ACTIVE_REPRESENTATION
vitamin-a,Vitamin A,teamtailor,RETIRED,NOT_REVIEWED,,,DEGRADED,2026-09-08T22:04:14.356Z,20,,false,false,0,0,0,0,0,NO_ACTIVE_REPRESENTATION
wing,Wing,greenhouse,RETIRED,NOT_REVIEWED,,,OK,2026-09-06T13:13:25.743Z,,,,,,0,0,0,0,NO_ACTIVE_REPRESENTATION
wolf-lingerie,Wolf Lingerie,wttj,RETIRED,NOT_REVIEWED,,,OK,2026-09-06T13:11:47.837Z,,,,,,0,0,0,0,NO_ACTIVE_REPRESENTATION
yes,"YES LLC, installations électriques industrielles",greenhouse,RETIRED,NOT_REVIEWED,,,OK,2026-09-07T22:01:26.274Z,,,,,,0,0,0,0,NO_ACTIVE_REPRESENTATION
