fr,id,jobs,kind,name,active,domain,sector,aliases,atsType,careersUrl,parentGroup,canonicalKey,domainSource,lastJobSyncAt,discoveryStatus
0,cmtkdvxpe1sronf2b4pgv8aru,0,UNKNOWN,23 MAI PARIS,0,,OTHER,,UNKNOWN,,,23_MAI_PARIS,,,PENDING
0,cmtlq3uh81lzzpg2bs51mn11d,0,UNKNOWN,3D TRADE,0,,FASHION,,UNKNOWN,,,3D_TRADE,,,PENDING
0,cmtke7tkh0ae1lp2b57izhi1r,0,UNKNOWN,A-Derma,0,aderma.fr,BEAUTY,,UNKNOWN,,Pierre Fabre,A_DERMA,wikidata,,PENDING
0,cmtkdvwk31sfsnf2bq61mln8j,0,UNKNOWN,A DISTINCT NOISE,0,,OTHER,,UNKNOWN,,,A_DISTINCT_NOISE,,,PENDING
0,cmtlyqizb0moyqf5ktcsftk5m,0,UNKNOWN,Advance Magazine Publishers Inc.,0,,RETAIL,,UNKNOWN,,,ADVANCE_MAGAZINE_PUBLISHERS_INC,,,PENDING
0,cmtkdvv6y1rzenf2bsoxju045,0,UNKNOWN,AGENCE DRESSCODE,0,,OTHER,,UNKNOWN,,,AGENCE_DRESSCODE,,,PENDING
0,cmtkdvx4x1skonf2bnkxmcbw7,0,UNKNOWN,ÂGE PARIS,0,,OTHER,,UNKNOWN,,,AGE_PARIS,,,PENDING
0,cmtkdvwi11sf1nf2bnatrxkov,0,UNKNOWN,ALTER DESIGNS,0,,OTHER,,UNKNOWN,,,ALTER_DESIGNS,,,PENDING
0,cmtm8oyn41hi9pv5jorut827w,0,UNKNOWN,American Converse S.L.,0,,RETAIL,,UNKNOWN,,,AMERICAN_CONVERSE_S_L,,,PENDING
0,cmtkdvv2x1rxunf2b7qkds44w,0,UNKNOWN,AMESKA,0,,OTHER,,UNKNOWN,,,AMESKA,,,PENDING
0,cmtkdvveq1s2cnf2b63n27ss0,0,UNKNOWN,APA CAPITAL,0,,OTHER,,UNKNOWN,,,APA_CAPITAL,,,PENDING
0,cmtkdvw651sbanf2b4uf43ga3,0,UNKNOWN,ARGELLIES RP.,0,,OTHER,,UNKNOWN,,,ARGELLIES_RP,,,PENDING
0,cmtkdvuyc1rw2nf2bexd99q0j,0,UNKNOWN,ATELIER FOUQUET,0,,OTHER,,UNKNOWN,,,ATELIER_FOUQUET,,,PENDING
0,cmtkdvxza1sv6nf2b7a3h5njr,0,UNKNOWN,ATELSON,0,,OTHER,,UNKNOWN,,,ATELSON,,,PENDING
0,cmtp6oxtq2w0dqq4zy3lgvzb2,0,UNKNOWN,Autocar Hong Kong Limited - Succursale de Macao,0,,RETAIL,,UNKNOWN,,,AUTOCAR_HONG_KONG_LIMITED_SUCCURSALE_DE_MACAO,,,PENDING
0,cmtlygac101omqf5kj8gfk05z,0,UNKNOWN,Avila,0,,RETAIL,,UNKNOWN,,,AVILA,,,PENDING
0,cmtkdvv3x1ry6nf2b2zoo462c,0,UNKNOWN,BANANA MOON,0,,OTHER,,UNKNOWN,,,BANANA_MOON,,,PENDING
0,cmtkdvxhe1spanf2bpj5g78ex,0,UNKNOWN,B.BRAND,0,,OTHER,,UNKNOWN,,,B_BRAND,,,PENDING
0,cmtlyejcd0000qf5kibwn6y3z,0,UNKNOWN,Bedrock,0,,RETAIL,,UNKNOWN,,,BEDROCK,,,PENDING
0,cmtkdvx5y1sl0nf2bw87enif4,0,UNKNOWN,BELLEROSE,0,,FASHION,,UNKNOWN,,,BELLEROSE,,,PENDING
0,cmtlyhhlu0351qf5kzrb4v4ld,0,UNKNOWN,Bellroy,0,bellroy.com,RETAIL,,UNKNOWN,,,BELLROY,wikidata,,PENDING
0,cmtlyo2tm0jasqf5k0l9i17c4,0,UNKNOWN,Bentley,0,bentley.com,RETAIL,,UNKNOWN,,,BENTLEY,source-careers,,PENDING
0,cmtks20ee218lp72bwvh5qwss,0,UNKNOWN,BERTO + ZITA,0,,OTHER,,UNKNOWN,,,BERTO_ZITA,,,PENDING
0,cmtkdvvez1s2gnf2blgcl5orb,0,UNKNOWN,BLUEMARBLE,0,,FASHION,,UNKNOWN,,,BLUEMARBLE,,,PENDING
0,cmtkdvwa81scunf2bfu8zyg04,0,UNKNOWN,BOON,0,,OTHER,,UNKNOWN,,,BOON,,,PENDING
0,cmtp25hh70fnbqq4z52gi7f3s,0,UNKNOWN,Broporma Retail Portugal LDA,0,,RETAIL,,UNKNOWN,,,BROPORMA_RETAIL_PORTUGAL_LDA,,,PENDING
0,cmtm8oyxa1hltpv5jqwinzohj,0,UNKNOWN,"BRS Nike Taiwan, Inc.",0,,RETAIL,,UNKNOWN,,,BRS_NIKE_TAIWAN_INC,,,PENDING
0,cmtp22cyf0a7oqq4zdela752d,0,UNKNOWN,BRUNELLO CUCINELLI (ENGLAND) LIMITED,0,,RETAIL,,UNKNOWN,,,BRUNELLO_CUCINELLI_ENGLAND_LIMITED,,,PENDING
0,cmtp22d7q0accqq4zoqpwoenk,0,UNKNOWN,"BRUNELLO CUCINELLI (MACAU) FASHION CO., LTD",0,,FASHION,,UNKNOWN,,,BRUNELLO_CUCINELLI_MACAU_FASHION_CO_LTD,,,PENDING
0,cmtp22d0y0a8wqq4zitiwldi9,0,UNKNOWN,BRUNELLO CUCINELLI RETAIL SPAIN S.L.,0,,RETAIL,,UNKNOWN,,,BRUNELLO_CUCINELLI_RETAIL_SPAIN_S_L,,,PENDING
0,cmtp22cy70a7kqq4zs862c5d5,0,UNKNOWN,BRUNELLO CUCINELLI SPA,0,brunellocucinelli.com,RETAIL,,UNKNOWN,,,BRUNELLO_CUCINELLI_SPA,wikidata,,PENDING
0,cmtp22d1k0a98qq4z14m7w1pj,0,UNKNOWN,BRUNELLO CUCINELLI SUISSE SA,0,,RETAIL,,UNKNOWN,,,BRUNELLO_CUCINELLI_SUISSE,,,PENDING
0,cmtp22d240a9kqq4zxhzbmqou,0,UNKNOWN,BRUNELLO CUCINELLI USA INC,0,,RETAIL,,UNKNOWN,,,BRUNELLO_CUCINELLI_USA_INC,,,PENDING
0,cmtkdvxd01snunf2b3gi645d0,0,UNKNOWN,CALEB PARIS,0,,OTHER,,UNKNOWN,,,CALEB_PARIS,,,PENDING
0,cmtlyffsi00msqf5k8b23l5c6,0,UNKNOWN,Çalık Holding,0,calik.com,RETAIL,,UNKNOWN,,,CALIK_HOLDING,source-careers,,PENDING
0,cmtlyovtf0kg2qf5k7rh4j7jd,0,UNKNOWN,Canada Goose Australia Pty Limited,0,,RETAIL,,UNKNOWN,,,CANADA_GOOSE_AUSTRALIA_PTY_LIMITED,,,PENDING
0,cmtlyovz70khuqf5klh50hzcy,0,UNKNOWN,Canada Goose France Retail SAS,0,,RETAIL,,UNKNOWN,,,CANADA_GOOSE_RETAIL,,,PENDING
0,cmtlyovow0kf1qf5kgf5pzb1z,0,UNKNOWN,Canada Goose Germany Retail GmbH,0,,RETAIL,,UNKNOWN,,,CANADA_GOOSE_GERMANY_RETAIL_GMBH,,,PENDING
0,cmtlyovkg0kdqqf5k83kywzrp,0,UNKNOWN,Canada Goose Inc.,0,,RETAIL,,UNKNOWN,,,CANADA_GOOSE_INC,,,PENDING
0,cmtlyowez0klvqf5k7tmmu48i,0,UNKNOWN,Canada Goose Italy Retail S.R.L.,0,,RETAIL,,UNKNOWN,,,CANADA_GOOSE_ITALY_RETAIL_S_R_L,,,PENDING
0,cmtlyovo50ketqf5ks92xylq9,0,UNKNOWN,Canada Goose Netherlands Retail B.V.,0,,RETAIL,,UNKNOWN,,,CANADA_GOOSE_NETHERLANDS_RETAIL_B_V,,,PENDING
0,cmtlyovme0ke9qf5k7o3bce3g,0,UNKNOWN,Canada Goose UK Retail Limited,0,,RETAIL,,UNKNOWN,,,CANADA_GOOSE_UK_RETAIL_LIMITED,,,PENDING
0,cmtlyovmr0kedqf5k72kqog21,0,UNKNOWN,"Canada Goose, US Inc.",0,,RETAIL,,UNKNOWN,,,CANADA_GOOSE_US_INC,,,PENDING
0,cmtm7vk7813nrpv5jf2vgabx4,0,UNKNOWN,Cartier Logo,0,,JEWELRY_WATCHES,,UNKNOWN,,,CARTIER_LOGO,,,PENDING
0,cmtkdvurp1rtdnf2boo5regmx,0,UNKNOWN,CHAMPION,0,,OTHER,,UNKNOWN,,,CHAMPION,,,PENDING
0,cmtkdw3kf1uipnf2bakgxro7h,0,UNKNOWN,CHASSAGNAC,0,,FASHION,,UNKNOWN,,,CHASSAGNAC,,,PENDING
0,cmtm7vjst13grpv5jf7aqs98v,0,UNKNOWN,Chloe Logo,0,,LUXURY,,UNKNOWN,,,CHLOE_LOGO,,,PENDING
0,cmtks20zm21ctp72brutdjgi6,0,UNKNOWN,CHRISTINE PHUNG DESIGN,0,,OTHER,,UNKNOWN,,,CHRISTINE_PHUNG_DESIGN,,,PENDING
0,cmtp6ox0y2vn1qq4zlamx8wkr,0,UNKNOWN,Coach Consulting Dongguan Co. Ltd,0,,RETAIL,,UNKNOWN,,,COACH_CONSULTING_DONGGUAN_CO_LTD,,,PENDING
0,cmtp6ow4s2v8xqq4zzbsp0n0s,0,UNKNOWN,Coach Korea Limited,0,,RETAIL,,UNKNOWN,,,COACH_KOREA_LIMITED,,,PENDING
0,cmtp6p68t2zb9qq4z8jn0lycn,0,UNKNOWN,Coach Leatherware India Private Limited,0,,RETAIL,,UNKNOWN,,,COACH_LEATHERWARE_INDIA_PRIVATE_LIMITED,,,PENDING
0,cmtp6oz632wl9qq4zsz0dggzv,0,UNKNOWN,"Coach Management (Shanghai) Co., Ltd.",0,,RETAIL,,UNKNOWN,,,COACH_MANAGEMENT_SHANGHAI_CO_LTD,,,PENDING
0,cmtp6oz6j2wlhqq4ztr2fc5wy,0,UNKNOWN,Coach Operations Singapore Pte. Ltd.,0,,RETAIL,,UNKNOWN,,,COACH_OPERATIONS_SINGAPORE_PTE_LTD,,,PENDING
0,cmtp6owzw2vmhqq4zese328w5,0,UNKNOWN,Coach Shanghai Limited,0,,RETAIL,,UNKNOWN,,,COACH_SHANGHAI_LIMITED,,,PENDING
0,cmtp6oyd32w8tqq4zgp987m5d,0,UNKNOWN,Coach Stores Australie,0,,RETAIL,,UNKNOWN,,,COACH_STORES_AUSTRALIE,,,PENDING
0,cmtp6ox042vmlqq4zgxd783di,0,UNKNOWN,Coach Stores Austria GmbH,0,,RETAIL,,UNKNOWN,,,COACH_STORES_AUSTRIA_GMBH,,,PENDING
0,cmtp6owv12vk5qq4zttxl2gmk,0,UNKNOWN,Coach Stores France SARL,0,,RETAIL,,UNKNOWN,,,COACH_STORES,,,PENDING
0,cmtp6owj02vetqq4z1pvty6mn,0,UNKNOWN,Coach Stores Germany GmbH,0,,RETAIL,,UNKNOWN,,,COACH_STORES_GERMANY_GMBH,,,PENDING
0,cmtp6owfa2vdhqq4z8vgmi5ry,0,UNKNOWN,Coach Stores Ireland Limited,0,,RETAIL,,UNKNOWN,,,COACH_STORES_IRELAND_LIMITED,,,PENDING
0,cmtp6ow3y2v8hqq4z1robd01e,0,UNKNOWN,Coach Stores Limited,0,coachaustralia.com,RETAIL,,UNKNOWN,,,COACH_STORES_LIMITED,wikidata,,PENDING
0,cmtp6ow5v2v9hqq4zvwrjcbuw,0,UNKNOWN,"Coach Stores Puerto Rico, Inc.",0,,RETAIL,,UNKNOWN,,,COACH_STORES_PUERTO_RICO_INC,,,PENDING
0,cmtp6p1ds2xhdqq4zma61q3i2,0,UNKNOWN,Coach Vietnam Company Limited,0,,RETAIL,,UNKNOWN,,,COACH_VIETNAM_COMPANY_LIMITED,,,PENDING
0,cmtkdvznu1ta3nf2bxoqpfm5o,0,UNKNOWN,COLD CULTURE,0,,FASHION,,UNKNOWN,,,COLD_CULTURE,,,PENDING
0,cmtkdw3nw1ujrnf2brkg20jem,0,UNKNOWN,COMITÉ COLBERT,0,,FASHION,,UNKNOWN,,,COMITE_COLBERT,,,PENDING
0,cmtkdvv4v1rymnf2bli4c5yus,0,UNKNOWN,COMME TU VEUX,0,,OTHER,,UNKNOWN,,,COMME_TU_VEUX,,,PENDING
0,cmtlyqk520n1qqf5kh7soj978,0,UNKNOWN,Condé Nast Digital Taiwan Co. Ltd,0,,RETAIL,,UNKNOWN,,,CONDE_NAST_DIGITAL_TAIWAN_CO_LTD,,,PENDING
0,cmtlyqjch0msyqf5k52v58bzq,0,UNKNOWN,Condé Nast Germany GmbH,0,,RETAIL,,UNKNOWN,,,CONDE_NAST_GERMANY_GMBH,,,PENDING
0,cmtlyqizz0mp2qf5k96kqbr52,0,UNKNOWN,Condé Nast Holdings Limited,0,,RETAIL,,UNKNOWN,,,CONDE_NAST_HOLDINGS_LIMITED,,,PENDING
0,cmtlyqkce0n46qf5k3z6z166r,0,UNKNOWN,Condé Nast Taiwan Publications Limited,0,,RETAIL,,UNKNOWN,,,CONDE_NAST_TAIWAN_PUBLICATIONS_LIMITED,,,PENDING
0,cmtm8ox3b1gz9pv5jmkrgaq3h,0,UNKNOWN,Converse Deutschland GmbH,0,,RETAIL,,UNKNOWN,,,CONVERSE_DEUTSCHLAND_GMBH,,,PENDING
0,cmtm8p1jr1iddpv5jampes0cf,0,UNKNOWN,"Converse Footwear Technical Service (Zhongshan) Co., Ltd.",0,,RETAIL,,UNKNOWN,,,CONVERSE_FOOTWEAR_TECHNICAL_SERVICE_ZHONGSHAN_CO_LTD,,,PENDING
0,cmtm8owz21gxtpv5jtgo1o25p,0,UNKNOWN,Converse Inc.,0,converse.com,RETAIL,,UNKNOWN,,,CONVERSE_INC,wikidata,,PENDING
0,cmtm8p09w1i1hpv5jdzjlyvg0,0,UNKNOWN,Converse Retail UK Ltd,0,,RETAIL,,UNKNOWN,,,CONVERSE_RETAIL_UK_LTD,,,PENDING
0,cmtlyfuok014yqf5kc77pcedr,0,UNKNOWN,CORUM L'Épargne,0,corum.fr,RETAIL,,UNKNOWN,,,CORUM_L_EPARGNE,wikidata,,PENDING
0,cmtkdw4401uocnf2bejlcwlch,0,UNKNOWN,COUCOT,0,,FASHION,,UNKNOWN,,,COUCOT,,,PENDING
0,cmtkdw44g1uognf2bgy08w25z,0,UNKNOWN,COUCOT- L'ARTISAN CRÉATEUR,0,,FASHION,,UNKNOWN,,,COUCOT_L_ARTISAN_CREATEUR,,,PENDING
0,cmtkdvvs91s72nf2biv8j9ngh,0,UNKNOWN,DANIEL FÉAU CONSEIL IMMOBILIER,0,,OTHER,,UNKNOWN,,,DANIEL_FEAU_CONSEIL_IMMOBILIER,,,PENDING
0,cmtkdvwfb1sdxnf2bbn7x3fcw,0,UNKNOWN,DE BONNE FACTURE,0,,OTHER,,UNKNOWN,,,DE_BONNE_FACTURE,,,PENDING
0,cmtjwfi2008qco72bl5udoek1,0,UNKNOWN,Decathlon,0,decathlon.com,RETAIL,,UNKNOWN,,,DECATHLON,wikidata,,PENDING
0,cmtm7b5zo0rubpv5jrpt4diu2,0,UNKNOWN,dept,0,,RETAIL,,UNKNOWN,,,DEPT,,,PENDING
0,cmtkdvxrm1ssfnf2b3cbw0xug,0,UNKNOWN,DM MEDIA INTERNATIONAL,0,,OTHER,,UNKNOWN,,,DM_MEDIA_INTERNATIONAL,,,PENDING
0,cmtkdvwj11sfdnf2blxj7sfw4,0,UNKNOWN,DROPSHIRT,0,,OTHER,,UNKNOWN,,,DROPSHIRT,,,PENDING
0,cmtp3skzn1dr4qq4zzu4b0t1f,0,UNKNOWN,D. Swarovski Tourism Services GmbH,0,,JEWELRY_WATCHES,,UNKNOWN,,,D_SWAROVSKI_TOURISM_SERVICES_GMBH,,,PENDING
0,cmtlyqjbp0msqqf5k4nabcraf,0,UNKNOWN,Edizioni Condé Nast S.p.A.,0,,RETAIL,,UNKNOWN,,,EDIZIONI_CONDE_NAST_S_P_A,,,PENDING
0,cmtkdvvei1s28nf2b4btt1vo3,0,UNKNOWN,EGONLAB,0,,FASHION,,UNKNOWN,,,EGONLAB,,,PENDING
0,cmtkdw0hr1tiznf2bth7vfiky,0,UNKNOWN,ELLE INTERNATIONAL,0,elleinternational.com,FASHION,,UNKNOWN,,,ELLE_INTERNATIONAL,manual,,PENDING
0,cmtkdvvgw1s38nf2bswuqrmt3,0,UNKNOWN,EMILY MODELS,0,,OTHER,,UNKNOWN,,,EMILY_MODELS,,,PENDING
0,cmtp6owx92vl9qq4zwqx4vl0k,0,UNKNOWN,"Entraîneur de l'Espagne, S.L.",0,,RETAIL,,UNKNOWN,,,ENTRAINEUR_DE_L_ESPAGNE_S_L,,,PENDING
0,cmtp6owzb2vmdqq4zqm30e2fh,0,UNKNOWN,Entraîneur Hong Kong Limited,0,,RETAIL,,UNKNOWN,,,ENTRAINEUR_HONG_KONG_LIMITED,,,PENDING
0,cmtp6ox2b2vnlqq4zbtn28ok8,0,UNKNOWN,Entraîneur Malaysia SDN. BHD.,0,,RETAIL,,UNKNOWN,,,ENTRAINEUR_MALAYSIA_SDN_BHD,,,PENDING
0,cmtp6owy12vlpqq4z9pibkork,0,UNKNOWN,Entraîneur Netherlands B.V.,0,,RETAIL,,UNKNOWN,,,ENTRAINEUR_NETHERLANDS_B_V,,,PENDING
0,cmtp6owgt2ve5qq4zwlgt8sh6,0,UNKNOWN,Entraîneur Netherlands B.V. - Taiwan Branch,0,,RETAIL,,UNKNOWN,,,ENTRAINEUR_NETHERLANDS_B_V_TAIWAN_BRANCH,,,PENDING
0,cmtp6p85e2zyhqq4z6ir86nqj,0,UNKNOWN,Entraîneur Nouvelle-Zélande,0,,RETAIL,,UNKNOWN,,,ENTRAINEUR_NOUVELLE_ZELANDE,,,PENDING
0,cmtp6ozff2woxqq4zwe4hj69l,0,UNKNOWN,Entraîneur Singapore Pte. Ltd.,0,,RETAIL,,UNKNOWN,,,ENTRAINEUR_SINGAPORE_PTE_LTD,,,PENDING
0,cmtkdvvq11s66nf2brixkqyy0,0,UNKNOWN,EPICURISME MAG,0,,OTHER,,UNKNOWN,,,EPICURISME_MAG,,,PENDING
0,cmtkdw3hi1uhqnf2b62dz5l8t,0,UNKNOWN,ERNEST LEOTY,0,,FASHION,,UNKNOWN,,,ERNEST_LEOTY,,,PENDING
0,cmtnac1tt2sn8qq5l3jk84cel,0,UNKNOWN,FAIR FASHION AGENT INTERNATIONAL,0,,FASHION,,UNKNOWN,,,FAIR_FASHION_AGENT_INTERNATIONAL,,,PENDING
0,cmtkdvvyj1s99nf2bz7el23su,0,UNKNOWN,FASHION GREEN HUB,0,,FASHION,,UNKNOWN,,,FASHION_GREEN_HUB,,,PENDING
0,cmtkdw1kp1tuqnf2blnmd3epp,0,UNKNOWN,FASHION JOBS,0,,FASHION,,UNKNOWN,,,FASHION_JOBS,,,PENDING
0,cmtkdvw6f1sbenf2bh5n8yakd,0,UNKNOWN,FAVORI,0,,OTHER,,UNKNOWN,,,FAVORI,,,PENDING
0,cmtkdvxvq1stznf2bxvkawsma,0,UNKNOWN,FAXION,0,,OTHER,,UNKNOWN,,,FAXION,,,PENDING
0,cmtkdw1yi1tyinf2bvy2gtaly,0,UNKNOWN,FLORENCE LE BALC'H DESIGN,0,,OTHER,,UNKNOWN,,,FLORENCE_LE_BALC_H_DESIGN,,,PENDING
0,cmtkdvvm81s4pnf2b3ej52h46,0,UNKNOWN,FOUNDRY MODE,0,,FASHION,,UNKNOWN,,,FOUNDRY_MODE,,,PENDING
0,cmtlyf5pn00e1qf5khh935v7y,0,UNKNOWN,Frame,0,,FASHION,,UNKNOWN,,,FRAME,,,PENDING
0,cmtkdw3mv1ujgnf2bmc86cgmc,0,UNKNOWN,FREAKY DEBBIE,0,,FASHION,,UNKNOWN,,,FREAKY_DEBBIE,,,PENDING
0,cmtks20i0219rp72b0vd2xj9y,0,UNKNOWN,F. SCHUMACHER & CO FRANCE,0,,OTHER,,UNKNOWN,,,F_SCHUMACHER_AND_CO,,,PENDING
0,cmtkdvxuy1stnnf2b5kpzckar,0,UNKNOWN,GALERIES LAFAYETTE MENTON,0,,RETAIL,,UNKNOWN,,,GALERIES_LAFAYETTE_MENTON,,,PENDING
0,cmtlyljbk0cjaqf5kj89hylbo,0,UNKNOWN,Gianni Versace S.r.l.,0,versace.com,RETAIL,,UNKNOWN,,,GIANNI_VERSACE_S_R_L,wikidata,,PENDING
0,cmtkdvw3y1safnf2bwoliwvko,0,UNKNOWN,GIVE BACK BEAUTY,0,,BEAUTY,,UNKNOWN,,,GIVE_BACK_BEAUTY,,,PENDING
0,cmtkdw4c31uqvnf2byqa5k9je,0,UNKNOWN,GOESWRONG,0,,OTHER,,UNKNOWN,,,GOESWRONG,,,PENDING
0,cmtlyf5xz00eeqf5kjz375dze,0,UNKNOWN,GOT BAG,0,got-bag.com,RETAIL,,UNKNOWN,,,GOT_BAG,source-careers,,PENDING
0,cmtk20c3s07asnv2bgt9szt5n,0,UNKNOWN,GQ France,0,,MEDIA_AGENCY,,UNKNOWN,,Conde Nast,GQ,,,PENDING
0,cmtkdvwf21sdtnf2bw5246zos,0,UNKNOWN,GROUPE JAJ,0,,OTHER,,UNKNOWN,,,JAJ,,,PENDING
0,cmtkdvw6s1sbinf2bovqz2f5g,0,UNKNOWN,GROUPE JEAN-FRANCOIS PIEGE,0,,OTHER,,UNKNOWN,,,JEAN_FRANCOIS_PIEGE,,,PENDING
0,cmtkdvxds1so6nf2bcqgzudhz,0,UNKNOWN,GROUPE MARIE CLAIRE,0,,OTHER,,UNKNOWN,,,MARIE_CLAIRE,,,PENDING
0,cmtkdvuqf1rstnf2bhwlokuxf,0,UNKNOWN,Groupe MONOPRIX,0,,OTHER,,UNKNOWN,,,MONOPRIX,,,PENDING
0,cmtp40c1n1ocrqq4zqhsfh0ss,0,UNKNOWN,HBC INDIA PVT LTD,0,,RETAIL,,UNKNOWN,,,HBC_INDIA_PVT_LTD,,,PENDING
0,cmtke3vth02xjlp2b1q64xylk,4,UNKNOWN,Helena Rubinstein,0,,BEAUTY,,UNKNOWN,,L'Oreal,HELENA_RUBINSTEIN,,,PENDING
0,cmtlyfr1600xaqf5kej8v3ztx,0,UNKNOWN,Hindbag,0,,RETAIL,,UNKNOWN,,,HINDBAG,,,PENDING
0,cmtkdvvhg1s3gnf2b1g3nujzn,0,UNKNOWN,HOLIDERMIE,0,,OTHER,,UNKNOWN,,,HOLIDERMIE,,,PENDING
0,cmtks20nu21aep72biqlrdoft,0,UNKNOWN,HOMECORE,0,,OTHER,,UNKNOWN,,,HOMECORE,,,PENDING
0,cmtkdvwhe1setnf2bpao5w51d,0,UNKNOWN,HÔTEL PARTICULIER MONTMARTRE,0,,OTHER,,UNKNOWN,,,HOTEL_PARTICULIER_MONTMARTRE,,,PENDING
0,cmtkdw1u61twznf2bxr87nqid,0,UNKNOWN,HUMILITY,0,,OTHER,,UNKNOWN,,,HUMILITY,,,PENDING
0,cmtkdw1k81tuinf2bjq8n04ul,0,UNKNOWN,ICON-ICON,0,,OTHER,,UNKNOWN,,,ICON_ICON,,,PENDING
0,cmtm7ugv1126ipv5jy342lwg1,0,UNKNOWN,Infuse,0,,RETAIL,,UNKNOWN,,,INFUSE,,,PENDING
0,cmtkdvzwk1tcwnf2bmqw4iyls,0,UNKNOWN,INITIO PARFUMS PRIVÉS,0,,BEAUTY,,UNKNOWN,,,INITIO_PARFUMS_PRIVES,,,PENDING
0,cmtlyqkd50n4iqf5kwzefhtiz,0,UNKNOWN,"Interculture Total Media Service Co., Ltd.",0,,RETAIL,,UNKNOWN,,,INTERCULTURE_TOTAL_MEDIA_SERVICE_CO_LTD,,,PENDING
0,cmtkdvxja1spunf2b3nybpv6s,0,UNKNOWN,IRIE,0,,OTHER,,UNKNOWN,,,IRIE,,,PENDING
0,cmtne4htz0a9xqq4z2phm54no,0,UNKNOWN,Itachoo S.r.l.,0,,RETAIL,,UNKNOWN,,,ITACHOO_S_R_L,,,PENDING
0,cmtkexksm0i95p22bacmnhd81,441,UNKNOWN,IWC Schaffhausen,0,,JEWELRY_WATCHES,,UNKNOWN,,Richemont,IWC_SCHAFFHAUSEN,,,PENDING
0,cmtkdw3h41uhmnf2bx7jc6cmn,0,UNKNOWN,JACQUES SOLOVIERE PARIS,0,,FASHION,,UNKNOWN,,,JACQUES_SOLOVIERE_PARIS,,,PENDING
0,cmtkdvw9n1scmnf2b2q73ad7k,0,UNKNOWN,JADE CIRCLE,0,,OTHER,,UNKNOWN,,,JADE_CIRCLE,,,PENDING
0,cmtm7vk8613obpv5j9y897ni4,0,UNKNOWN,Jaeger LeCoultre logo,0,,JEWELRY_WATCHES,,UNKNOWN,,,JAEGER_LECOULTRE_LOGO,,,PENDING
0,cmtne4hup0aa9qq4zlkknj7mk,0,UNKNOWN,J. Choo Canada Inc,0,,RETAIL,,UNKNOWN,,,J_CHOO_CANADA_INC,,,PENDING
0,cmtne4hxr0abpqq4zvpt12htz,0,UNKNOWN,J Choo Germany GmbH,0,,RETAIL,,UNKNOWN,,,J_CHOO_GERMANY_GMBH,,,PENDING
0,cmtne4hsr0a99qq4za5bd0sn4,0,UNKNOWN,J. Choo Limited,0,jimmychoo.com,RETAIL,,UNKNOWN,,,J_CHOO_LIMITED,wikidata,,PENDING
0,cmtne4i1h0ad9qq4zlis5923n,0,UNKNOWN,J Choo (Switzerland) AG,0,,RETAIL,,UNKNOWN,,,J_CHOO_SWITZERLAND_AG,,,PENDING
0,cmtne4hu80aa1qq4zdmgmod1n,0,UNKNOWN,J Choo USA Inc,0,,RETAIL,,UNKNOWN,,,J_CHOO_USA_INC,,,PENDING
0,cmtne4hts0a9tqq4zooekmjte,0,UNKNOWN,Jimmy Choo Florence Srl,0,,RETAIL,,UNKNOWN,,,JIMMY_CHOO_FLORENCE_SRL,,,PENDING
0,cmtne4i3w0aedqq4z8qmhsz9f,0,UNKNOWN,Jimmy Choo (Shanghai) Trading Co. Limited,0,,RETAIL,,UNKNOWN,,,JIMMY_CHOO_SHANGHAI_TRADING_CO_LIMITED,,,PENDING
0,cmtne4hsi0a95qq4z8dfzc8go,0,UNKNOWN,Jimmy Choo Spain SL,0,,RETAIL,,UNKNOWN,,,JIMMY_CHOO_SPAIN_SL,,,PENDING
0,cmtne4hwf0ab1qq4z2fg8jljx,0,UNKNOWN,Jimmy Choo Tokyo K.K.,0,,RETAIL,,UNKNOWN,,,JIMMY_CHOO_TOKYO_K_K,,,PENDING
0,cmtkdvv6o1rzanf2bfjid1vmn,0,UNKNOWN,JOVOY PARIS,0,,OTHER,,UNKNOWN,,,JOVOY_PARIS,,,PENDING
0,cmtlyext3007fqf5km7qsnjir,0,UNKNOWN,Joy,0,,RETAIL,,UNKNOWN,,,JOY,,,PENDING
0,cmtkdvv4e1ryenf2bcfyixskr,0,UNKNOWN,JULIA HEUER SAS,0,,OTHER,,UNKNOWN,,,JULIA_HEUER,,,PENDING
0,cmtkdw1tg1twnnf2bx97omtjb,0,UNKNOWN,JULIE DE LIBRAN,0,,FASHION,,UNKNOWN,,,JULIE_DE_LIBRAN,,,PENDING
0,cmtlq3ugp1lzrpg2baog6dlca,0,UNKNOWN,KAEMA,0,,FASHION,,UNKNOWN,,,KAEMA,,,PENDING
0,cmtkdvzoe1tabnf2brgx82cfu,0,UNKNOWN,KAVE HOME,0,,FASHION,,UNKNOWN,,,KAVE_HOME,,,PENDING
0,cmtpukv7e29gal35m2mdy2cja,0,UNKNOWN,Kering Group Operations & Technologies,0,kering.com,LUXURY,,UNKNOWN,,,KERING_GROUP_OPERATIONS_AND_TECHNOLOGIES,manual,,PENDING
0,cmtkdw47h1upbnf2bt71uf8nq,0,UNKNOWN,KS BEAUTE,0,,BEAUTY,,UNKNOWN,,,KS_BEAUTE,,,PENDING
0,cmtkdvxv61strnf2blvpva5y3,0,UNKNOWN,Lagardère Travel Retail,0,lagardere-tr.com,RETAIL,,UNKNOWN,,,LAGARDERE_TRAVEL_RETAIL,wikidata,,PENDING
0,cmtkdvuqm1rsxnf2b3p3orvdi,0,UNKNOWN,LE GRAMME,0,,OTHER,,UNKNOWN,,,LE_GRAMME,,,PENDING
0,cmtkdvvhq1s3knf2bdpobkcn2,0,UNKNOWN,LEHERPEUR PARIS,0,,OTHER,,UNKNOWN,,,LEHERPEUR_PARIS,,,PENDING
0,cmtkdvxnf1sr4nf2bkg6rdktd,0,UNKNOWN,LE KASHA,0,,OTHER,,UNKNOWN,,,LE_KASHA,,,PENDING
0,cmtlyf7vt00g7qf5k0baxsc6d,0,UNKNOWN,Lensa,0,,RETAIL,,UNKNOWN,,,LENSA,,,PENDING
0,cmtkdvvtr1s7pnf2b0y72id81,0,UNKNOWN,LES DUNES,0,,OTHER,,UNKNOWN,,,LES_DUNES,,,PENDING
0,cmtkdvwjm1sfknf2bpifugue0,0,UNKNOWN,LES NÉRÉIDES,0,,OTHER,,UNKNOWN,,,LES_NEREIDES,,,PENDING
0,cmtkdvuqx1rt1nf2buov0ybrg,0,UNKNOWN,LEVI'S / TIMBERLAND,0,,OTHER,,UNKNOWN,,,LEVI_S_TIMBERLAND,,,PENDING
0,cmtkdvvgl1s34nf2bpa395iqy,0,UNKNOWN,LITTLE WANDER,0,,OTHER,,UNKNOWN,,,LITTLE_WANDER,,,PENDING
0,cmtm7b3w90r72pv5jgmoe5s3j,0,UNKNOWN,Logo Pierre Fabre,0,,OTHER,,UNKNOWN,,,LOGO_PIERRE_FABRE,,,PENDING
0,cmtkdw3fr1uh6nf2b8bn3r5lg,0,UNKNOWN,LO NEEL,0,,FASHION,,UNKNOWN,,,LO_NEEL,,,PENDING
0,cmtkdvvjp1s48nf2bkz09squc,0,UNKNOWN,LOUISEJACQUELINE,0,,OTHER,,UNKNOWN,,,LOUISEJACQUELINE,,,PENDING
0,cmtkdvwer1sdpnf2b2a2sd4tx,0,UNKNOWN,LOULOU DE SAISON,0,,OTHER,,UNKNOWN,,,LOULOU_DE_SAISON,,,PENDING
0,cmtkdw3la1uixnf2bpd480sai,0,UNKNOWN,LUDOVIC DE SAINT SERNIN,0,,FASHION,,UNKNOWN,,,LUDOVIC_DE_SAINT_SERNIN,,,PENDING
0,cmtm7ckhh0u7dpv5jj2zqbok0,0,UNKNOWN,Lynch DC / Cust Care J.Crew Inc.,0,,RETAIL,,UNKNOWN,,,LYNCH_DC_CUST_CARE_J_CREW_INC,,,PENDING
0,cmtk1x2nx00b4nv2br9nnw2g5,0,UNKNOWN,Madame Figaro,0,lefigaro.fr,MEDIA_AGENCY,,UNKNOWN,,Groupe Figaro,MADAME_FIGARO,wikidata,,PENDING
0,cmtkdw3p31uk6nf2b4l2gk8um,0,UNKNOWN,MAGNA PRESSE,0,,FASHION,,UNKNOWN,,,MAGNA_PRESSE,,,PENDING
0,cmtkdw42y1uo0nf2be07677q4,0,UNKNOWN,MAHO,0,,FASHION,,UNKNOWN,,,MAHO,,,PENDING
0,cmtkdvuu31ruhnf2bb1jd74oo,0,UNKNOWN,MAISON GUILLEMETTE,0,,OTHER,,UNKNOWN,,,GUILLEMETTE,,,PENDING
0,cmtkdvvfq1s2snf2boj2j1pt2,0,UNKNOWN,MAISON LABICHE,0,,OTHER,,UNKNOWN,,,LABICHE,,,PENDING
0,cmtkdvzst1tbsnf2bmqej2qf6,0,UNKNOWN,MAISON STELLA & SUZIE,0,,OTHER,,UNKNOWN,,,STELLA_AND_SUZIE,,,PENDING
0,cmtkf06ej0lqap22bicqm90nc,0,UNKNOWN,Maje,0,,FASHION,,UNKNOWN,,SMCP,MAJE,,,PENDING
0,cmtlyhso703weqf5kbtptb23g,0,UNKNOWN,MAKE,0,,RETAIL,,UNKNOWN,,,MAKE,,,PENDING
0,cmtkdvwau1sd2nf2b1w2pj4wb,0,UNKNOWN,MALFROID SOULIERS,0,,OTHER,,UNKNOWN,,,MALFROID_SOULIERS,,,PENDING
0,cmtkdvw7c1sbqnf2b0mjbyjjf,0,UNKNOWN,MANFIELD,0,,OTHER,,UNKNOWN,,,MANFIELD,,,PENDING
0,cmtn89br4236lqq5lkbzbe5al,0,UNKNOWN,MANGO GARMENTS ROM. SRL.,0,,FASHION,,UNKNOWN,,,MANGO_GARMENTS_ROM_SRL,,,PENDING
0,cmtn89a4b22h1qq5l0kk153vx,0,UNKNOWN,MANGO HONG KONG LIMITED,0,,FASHION,,UNKNOWN,,,MANGO_HONG_KONG_LIMITED,,,PENDING
0,cmtn8950f2019qq5l4eeh3swn,0,UNKNOWN,MANGO Nederland BV,0,,FASHION,,UNKNOWN,,,MANGO_NEDERLAND_BV,,,PENDING
0,cmtn896gy20r9qq5lnqeobxag,0,UNKNOWN,MANGONOR Comércio de Vestuário S.A,0,,RETAIL,,UNKNOWN,,,MANGONOR_COMERCIO_DE_VESTUARIO_S_A,,,PENDING
0,cmtn899cd224xqq5l615ve4mp,0,UNKNOWN,MANGO NY INC,0,,FASHION,,UNKNOWN,,,MANGO_NY_INC,,,PENDING
0,cmtn895pl20dlqq5lcwnaxmwj,0,UNKNOWN,MANGO ÖSTERRREICH HANDELS. GMBH,0,,FASHION,,UNKNOWN,,,MANGO_OSTERRREICH_HANDELS_GMBH,,,PENDING
0,cmtn8954c203dqq5lyrujd9xl,0,UNKNOWN,MANGO SUISSE SA,0,,FASHION,,UNKNOWN,,,MANGO_SUISSE,,,PENDING
0,cmtn89ca523d9qq5lit8eoc18,0,UNKNOWN,MANGO SVERIGE AB,0,,FASHION,,UNKNOWN,,,MANGO_SVERIGE_AB,,,PENDING
0,cmtkdw1oy1tvxnf2bpmf7iumu,0,UNKNOWN,MANSANO,0,,OTHER,,UNKNOWN,,,MANSANO,,,PENDING
0,cmtkdw3c31ufonf2bfzz0mtk3,0,UNKNOWN,MAUBOUSSIN,0,,JEWELRY_WATCHES,,UNKNOWN,,Galeries Lafayette Group,MAUBOUSSIN,,,PENDING
0,cmtp2ds300r9hqq4zn8py7bll,0,UNKNOWN,MECCA Brands NZ Pty Ltd,0,,RETAIL,,UNKNOWN,,,MECCA_BRANDS_NZ_PTY_LTD,,,PENDING
0,cmtp2drv20r5tqq4zke0vhf79,0,UNKNOWN,MECCA Brands Pty Ltd,0,,RETAIL,,UNKNOWN,,,MECCA_BRANDS_PTY_LTD,,,PENDING
0,cmtkdw45o1uosnf2bsoj64om6,0,UNKNOWN,MEDUSA,0,,FASHION,,UNKNOWN,,,MEDUSA,,,PENDING
0,cmtkdvwfw1se5nf2bdwqa4qlh,0,UNKNOWN,MELINE AKA,0,,OTHER,,UNKNOWN,,,MELINE_AKA,,,PENDING
0,cmtkdw1q31twdnf2balavl8si,0,UNKNOWN,MELLE D.,0,,OTHER,,UNKNOWN,,,MELLE_D,,,PENDING
0,cmtk1x53d00gsnv2bs1v5t7uj,0,UNKNOWN,Melvita,0,,BEAUTY,,UNKNOWN,,L'Occitane Group,MELVITA,,,PENDING
0,cmtkdvvu01s7tnf2b8pxsf28o,0,UNKNOWN,MERCI MAMAN,0,,OTHER,,UNKNOWN,,,MERCI_MAMAN,,,PENDING
0,cmtkdvxsb1ssrnf2b1wpmw1b4,0,UNKNOWN,METISEKO,0,,OTHER,,UNKNOWN,,,METISEKO,,,PENDING
0,cmtlypq0s0l3lqf5kof8v6lz7,0,UNKNOWN,MGI Distribution Pte Ltd.,0,,RETAIL,,UNKNOWN,,,MGI_DISTRIBUTION_PTE_LTD,,,PENDING
0,cmtlyppxi0l2hqf5kv0wbx2rg,0,UNKNOWN,MGI Luxury Trading Ltd.,0,,FASHION,,UNKNOWN,,,MGI_LUXURY_TRADING_LTD,,,PENDING
0,cmtlypqel0l7xqf5khhutmzzx,0,UNKNOWN,MGS Distribution Limited,0,,RETAIL,,UNKNOWN,,,MGS_DISTRIBUTION_LIMITED,,,PENDING
0,cmtnfq12717m2qq4z5jo2nsm0,0,UNKNOWN,Michael Kors (Austria) GmbH,0,,RETAIL,,UNKNOWN,,,MICHAEL_KORS_AUSTRIA_GMBH,,,PENDING
0,cmtnfq1eo17smqq4zew5o16gj,0,UNKNOWN,Michael Kors (Bucharest Stores) SRL,0,,RETAIL,,UNKNOWN,,,MICHAEL_KORS_BUCHAREST_STORES_SRL,,,PENDING
0,cmtnfq2531871qq4zjhvwkjny,0,UNKNOWN,Michael Kors (Europe) BV,0,,RETAIL,,UNKNOWN,,,MICHAEL_KORS_EUROPE_BV,,,PENDING
0,cmtnfq10017l2qq4zx329xqc1,0,UNKNOWN,Michael Kors (Germany) GmbH,0,,RETAIL,,UNKNOWN,,,MICHAEL_KORS_GERMANY_GMBH,,,PENDING
0,cmtnfq4m51965qq4zpwrd99q8,0,UNKNOWN,Michael Kors (HongKong) Limited,0,,RETAIL,,UNKNOWN,,,MICHAEL_KORS_HONGKONG_LIMITED,,,PENDING
0,cmtnfq2191855qq4zguvprsna,0,UNKNOWN,Michael Kors (Ireland) limited,0,,RETAIL,,UNKNOWN,,,MICHAEL_KORS_IRELAND_LIMITED,,,PENDING
0,cmtne4huy0aadqq4z399xmbz3,0,UNKNOWN,"Michael Kors Japan, LLC",0,,RETAIL,,UNKNOWN,,,MICHAEL_KORS_JAPAN_LLC,,,PENDING
0,cmtnfq3j518otqq4zhd0om8g4,0,UNKNOWN,Michael Kors (Lithuania) UAB,0,,RETAIL,,UNKNOWN,,,MICHAEL_KORS_LITHUANIA_UAB,,,PENDING
0,cmtnfq1t7180hqq4zmodwp1ob,0,UNKNOWN,Michael Kors (Netherlands) BV,0,,RETAIL,,UNKNOWN,,,MICHAEL_KORS_NETHERLANDS_BV,,,PENDING
0,cmtnfq11g17lqqq4z1y30342j,0,UNKNOWN,Michael Kors (Portugal) lda,0,,RETAIL,,UNKNOWN,,,MICHAEL_KORS_PORTUGAL_LDA,,,PENDING
0,cmtnfq1g617tiqq4zud3w5cba,0,UNKNOWN,Michael Kors Stores LLC,0,,RETAIL,,UNKNOWN,,,MICHAEL_KORS_STORES_LLC,,,PENDING
0,cmtnfq1u41811qq4z5let2nkn,0,UNKNOWN,Michael Kors (Sweden) AB,0,,RETAIL,,UNKNOWN,,,MICHAEL_KORS_SWEDEN_AB,,,PENDING
0,cmtnfq2ka18ehqq4ztq6exqb1,0,UNKNOWN,Michael Kors (Switzerland) GmbH,0,,RETAIL,,UNKNOWN,,,MICHAEL_KORS_SWITZERLAND_GMBH,,,PENDING
0,cmtnfq14j17n6qq4zam179xs7,0,UNKNOWN,Michael Kors (Switzerland) Retail GmbH,0,,RETAIL,,UNKNOWN,,,MICHAEL_KORS_SWITZERLAND_RETAIL_GMBH,,,PENDING
0,cmtnfq16417o2qq4zxact56oi,0,UNKNOWN,Michael Kors (UK) limited,0,,RETAIL,,UNKNOWN,,,MICHAEL_KORS_UK_LIMITED,,,PENDING
0,cmtnfq1bk17quqq4z75zfxf5l,0,UNKNOWN,Michael Kors (USA) Inc,0,,RETAIL,,UNKNOWN,,,MICHAEL_KORS_USA_INC,,,PENDING
0,cmtnfq2l718etqq4zio1elzr8,0,UNKNOWN,Michael Kors Yuhanhoesa,0,,RETAIL,,UNKNOWN,,,MICHAEL_KORS_YUHANHOESA,,,PENDING
0,cmtki4sbe1gdbmn2bhddfzw5g,0,UNKNOWN,Michael Page France,0,,RECRUITER,,UNKNOWN,,PageGroup,MICHAEL_PAGE,,,PENDING
0,cmtkdvxm51sqonf2bdh5yhaw6,0,UNKNOWN,MIRAMAS,0,,OTHER,,UNKNOWN,,,MIRAMAS,,,PENDING
0,cmtkdw1v11txbnf2brkiw78b5,0,UNKNOWN,MIROIR AGENCY,0,,OTHER,,UNKNOWN,,,MIROIR_AGENCY,,,PENDING
0,cmtn8953h202xqq5l0wg4j1gu,0,UNKNOWN,MNG MANGO IRELAND LIMITED,0,,FASHION,,UNKNOWN,,,MNG_MANGO_IRELAND_LIMITED,,,PENDING
0,cmtkdvwy81sjlnf2b2j5x2yr8,0,UNKNOWN,MODENTRÉE,0,,OTHER,,UNKNOWN,,,MODENTREE,,,PENDING
0,cmtk4a6hw1qxrny2bb7jwpoi8,0,UNKNOWN,Moët Hennessy Champagne Services,0,,LUXURY,,UNKNOWN,,,MOET_HENNESSY_CHAMPAGNE_SERVICES,,,PENDING
0,cmtkdvuv91ruunf2bqt5agl0n,0,UNKNOWN,MOISMONT,0,,OTHER,,UNKNOWN,,,MOISMONT,,,PENDING
0,cmtlyfa6x00haqf5kd6jt9oo9,0,UNKNOWN,Mosaic,0,,RETAIL,,UNKNOWN,,,MOSAIC,,,PENDING
0,cmtlypqdy0l7pqf5ks7h8980u,0,UNKNOWN,Movado Group Deutchland GmbH,0,,RETAIL,,UNKNOWN,,,MOVADO_GROUP_DEUTCHLAND_GMBH,,,PENDING
0,cmtlypq9v0l6dqf5kialasi2g,0,UNKNOWN,Movado Group Nederland B.V.,0,,RETAIL,,UNKNOWN,,,MOVADO_GROUP_NEDERLAND_B_V,,,PENDING
0,cmtlypq180l3pqf5kuja1wria,0,UNKNOWN,Movado Group Private Limited,0,,RETAIL,,UNKNOWN,,,MOVADO_GROUP_PRIVATE_LIMITED,,,PENDING
0,cmtkdvupt1rslnf2biqz49iwm,0,UNKNOWN,M.R. AGENCY,0,,OTHER,,UNKNOWN,,,M_R_AGENCY,,,PENDING
0,cmtk1xo5o01r8nv2bdb8gyo9y,0,UNKNOWN,My Blend,0,,BEAUTY,,UNKNOWN,,Clarins Group,MY_BLEND,,,PENDING
0,cmtkdvyfp1t0onf2b16gy3kfe,0,UNKNOWN,MYLO CONCEPT STORE,0,,RETAIL,,UNKNOWN,,,MYLO_CONCEPT_STORE,,,PENDING
0,cmtkdw4791up7nf2bp0ht2j5o,0,UNKNOWN,MYSELF PRODUCTION,0,,FASHION,,UNKNOWN,,,MYSELF_PRODUCTION,,,PENDING
0,cmtkdvx8p1sm6nf2bvy1dc73i,0,UNKNOWN,NATAN SA,0,,OTHER,,UNKNOWN,,,NATAN,,,PENDING
0,cmtp25h5x0fi7qq4zljjhxy3x,0,UNKNOWN,New Balance Athletic Shoes (UK) Limited,0,,RETAIL,,UNKNOWN,,,NEW_BALANCE_ATHLETIC_SHOES_UK_LIMITED,,,PENDING
0,cmtp25hre0fpjqq4zcdhbi10z,0,UNKNOWN,"New Balance Athletics, Inc.",0,,RETAIL,,UNKNOWN,,,NEW_BALANCE_ATHLETICS_INC,,,PENDING
0,cmtp25hrk0fpnqq4zz2kbcb8p,0,UNKNOWN,"New Balance Canada, Inc.",0,,RETAIL,,UNKNOWN,,,NEW_BALANCE_CANADA_INC,,,PENDING
0,cmtp25h4z0fhvqq4zb90y3pdw,0,UNKNOWN,New Balance Europe B.V.,0,,RETAIL,,UNKNOWN,,,NEW_BALANCE_EUROPE_B_V,,,PENDING
0,cmtp25h6e0fifqq4zvel2ucfd,0,UNKNOWN,New Balance France Retail SARL,0,,RETAIL,,UNKNOWN,,,NEW_BALANCE_RETAIL,,,PENDING
0,cmtp25h840fj3qq4zr9xr3rju,0,UNKNOWN,New Balance Germany GmbH,0,,RETAIL,,UNKNOWN,,,NEW_BALANCE_GERMANY_GMBH,,,PENDING
0,cmtp25hd00flbqq4z6jbwcnuv,0,UNKNOWN,New Balance Italy S.R.L.,0,,RETAIL,,UNKNOWN,,,NEW_BALANCE_ITALY_S_R_L,,,PENDING
0,cmtp25h8t0fjfqq4zdp8t3jcb,0,UNKNOWN,New Balance Netherlands BV,0,,RETAIL,,UNKNOWN,,,NEW_BALANCE_NETHERLANDS_BV,,,PENDING
0,cmtkdvvb01s0pnf2bvkmtinwi,0,UNKNOWN,NICEWORK,0,,OTHER,,UNKNOWN,,,NICEWORK,,,PENDING
0,cmtm8oxbd1h21pv5jhmbgddes,0,UNKNOWN,Nike Australia Pty. Ltd.,0,,RETAIL,,UNKNOWN,,,NIKE_AUSTRALIA_PTY_LTD,,,PENDING
0,cmtm8owyb1gxhpv5jz5y1yy2t,0,UNKNOWN,Nike China Holding HK Limited,0,,RETAIL,,UNKNOWN,,,NIKE_CHINA_HOLDING_HK_LIMITED,,,PENDING
0,cmtm8oyzz1hmlpv5jrnmdr5zj,0,UNKNOWN,NIKE Global Trading BV,0,,RETAIL,,UNKNOWN,,,NIKE_GLOBAL_TRADING_BV,,,PENDING
0,cmtm8oxc61h2dpv5jmsaue6rp,0,UNKNOWN,NIKE India Private Limited,0,,RETAIL,,UNKNOWN,,,NIKE_INDIA_PRIVATE_LIMITED,,,PENDING
0,cmtm8oybl1he9pv5jg3vzyzoh,0,UNKNOWN,NIKE Japan Corporation,0,,RETAIL,,UNKNOWN,,,NIKE_JAPAN_CORPORATION,,,PENDING
0,cmtm8owyl1gxlpv5ju60x6qfi,0,UNKNOWN,Nike Japan Group LLC,0,,RETAIL,,UNKNOWN,,,NIKE_JAPAN_GROUP_LLC,,,PENDING
0,cmtm8owqf1gv1pv5jzaptvv27,0,UNKNOWN,NIKE Retail Belgium,0,,RETAIL,,UNKNOWN,,,NIKE_RETAIL_BELGIUM,,,PENDING
0,cmtm8owbz1gqdpv5jzk5s0e9v,0,UNKNOWN,NIKE Retail France,0,,RETAIL,,UNKNOWN,,,NIKE_RETAIL,,,PENDING
0,cmtm8owpd1guppv5j15bqkmn9,0,UNKNOWN,NIKE Retail Spain,0,,RETAIL,,UNKNOWN,,,NIKE_RETAIL_SPAIN,,,PENDING
0,cmtm8ox541gzxpv5j68ld2snr,0,UNKNOWN,"NIKE Sourcing (Guangzhou) Co., Ltd.",0,,RETAIL,,UNKNOWN,,,NIKE_SOURCING_GUANGZHOU_CO_LTD,,,PENDING
0,cmtm8oxqg1h7lpv5jdtq655bl,0,UNKNOWN,NIKE Sourcing India Private Limited,0,,RETAIL,,UNKNOWN,,,NIKE_SOURCING_INDIA_PRIVATE_LIMITED,,,PENDING
0,cmtm8p0f71i39pv5jj8whg3p9,0,UNKNOWN,Nike Taiwan Limited,0,,RETAIL,,UNKNOWN,,,NIKE_TAIWAN_LIMITED,,,PENDING
0,cmtm8oxcz1h2ppv5jdgpf6kjd,0,UNKNOWN,Nike (Thailand) Ltd.,0,,RETAIL,,UNKNOWN,,,NIKE_THAILAND_LTD,,,PENDING
0,cmtpjpi0a2fafpf5ln13si0cm,0,UNKNOWN,Nordstrom Inc,0,nordstrom.com,RETAIL,,UNKNOWN,,,NORDSTROM_INC,wikidata,,PENDING
0,cmtkdvuok1rrtnf2byceui6c7,0,UNKNOWN,NOTSHY,0,,OTHER,,UNKNOWN,,,NOTSHY,,,PENDING
0,cmtm8oxxz1h9tpv5j44j5trtr,0,UNKNOWN,NRBV Admin (inactif),0,,RETAIL,,UNKNOWN,,,NRBV_ADMIN_INACTIF,,,PENDING
0,cmtkdvv941rzynf2b2y3wk2vf,0,UNKNOWN,OFFICINE GÉNÉRALE,0,,FASHION,,UNKNOWN,,,OFFICINE_GENERALE,,,PENDING
0,cmtlyikz3065nqf5k4rcrf5wk,0,UNKNOWN,ōhme,0,ohme.shop,RETAIL,,UNKNOWN,,,OHME,wikidata,,PENDING
0,cmtkdvuki1rq7nf2bru0k9oqb,0,UNKNOWN,ŌKAN STUDIO,0,,OTHER,,UNKNOWN,,,OKAN_STUDIO,,,PENDING
0,cmtkdvul11rqfnf2bhcu5g9al,0,UNKNOWN,PAIN DE SUCRE,0,,OTHER,,UNKNOWN,,,PAIN_DE_SUCRE,,,PENDING
0,cmtkdvvre1s6qnf2brz4pdh60,0,UNKNOWN,PAUL & JOE,0,,OTHER,,UNKNOWN,,,PAUL_AND_JOE,,,PENDING
0,cmtlylkod0crwqf5k1rxzc94t,0,UNKNOWN,Peloton,0,onepeloton.com,RETAIL,,UNKNOWN,,,PELOTON,wikidata,,PENDING
0,cmtkdvut11rtxnf2bbx2stelb,0,UNKNOWN,PERSONAL SELLER PARIS,0,,FASHION,,UNKNOWN,,,PERSONAL_SELLER_PARIS,,,PENDING
0,cmtkdvvps1s62nf2bsgeq4q8i,0,UNKNOWN,PHILIPPE MODEL,0,,OTHER,,UNKNOWN,,,PHILIPPE_MODEL,,,PENDING
0,cmtke4lpz05a4lp2bdckzf8oe,0,UNKNOWN,Philosophy,0,,BEAUTY,,UNKNOWN,,Coty,PHILOSOPHY,,,PENDING
0,cmtkdvxhm1spenf2bhopz9nlc,0,UNKNOWN,PLAQ,0,,OTHER,,UNKNOWN,,,PLAQ,,,PENDING
0,cmtkevx0q0f94p22bzj7l1pu5,0,UNKNOWN,Prada Beauty,0,,BEAUTY,,UNKNOWN,,L'Oreal,PRADA_BEAUTY,,,PENDING
0,cmtkdvvxk1s8znf2bxnfuzkgb,0,UNKNOWN,PRAGMA,0,,OTHER,,UNKNOWN,,,PRAGMA,,,PENDING
0,cmtkdvw4j1sannf2bmoef4bim,0,UNKNOWN,PROJECT X PARIS,0,,FASHION,,UNKNOWN,,,PROJECT_X_PARIS,,,PENDING
0,cmtke8b8q0bqdlp2b0b11m6lb,0,UNKNOWN,Rabanne,0,,FASHION,,UNKNOWN,,Puig,RABANNE,,,PENDING
0,cmtkdw3m71uj9nf2b767u7mkh,0,UNKNOWN,RAG & BONE,0,,FASHION,,UNKNOWN,,,RAG_AND_BONE,,,PENDING
0,cmtp1z8q2042iqq4zlj578r07,0,UNKNOWN,Rebag,0,rebag.com,RETAIL,,UNKNOWN,,,REBAG,wikidata,,PENDING
0,cmtkdvxaf1smunf2b1fvvu80k,0,UNKNOWN,REINER,0,,OTHER,,UNKNOWN,,,REINER,,,PENDING
0,cmtk1zfg905uanv2bia5cvq2s,0,UNKNOWN,Rimmel,0,,BEAUTY,,UNKNOWN,,Coty,RIMMEL,,,PENDING
0,cmtkdvxpz1srwnf2be10ot3rk,0,UNKNOWN,RIVECOUR,0,,OTHER,,UNKNOWN,,,RIVECOUR,,,PENDING
0,cmtkdvykk1t27nf2bys4t6v2k,0,UNKNOWN,ROOM SERVICE,0,,OTHER,,UNKNOWN,,,ROOM_SERVICE,,,PENDING
0,cmtkdvuoc1rrpnf2b0f8dunsp,0,UNKNOWN,ROUJE,0,,FASHION,,UNKNOWN,,,ROUJE,,,PENDING
0,cmtp40a0d1njbqq4zox97m6qz,0,UNKNOWN,SAKS & CO LLC,0,saksfifthavenue.com,RETAIL,,UNKNOWN,,,SAKS_AND_CO_LLC,wikidata,,PENDING
0,cmtp40a9f1nnvqq4zl66v3skj,0,UNKNOWN,SAKS COM LLC,0,,RETAIL,,UNKNOWN,,,SAKS_COM_LLC,,,PENDING
0,cmtk1zlfk066xnv2bvxr547jp,0,UNKNOWN,Sally Hansen,0,,BEAUTY,,UNKNOWN,,Coty,SALLY_HANSEN,,,PENDING
0,cmtkdw1e11tswnf2b6fd0b63d,0,UNKNOWN,SCRUNCHIE IS BACK,0,,OTHER,,UNKNOWN,,,SCRUNCHIE_IS_BACK,,,PENDING
0,cmtkdvunv1rrinf2bgoj9qxls,0,UNKNOWN,SEBAGO,0,,OTHER,,UNKNOWN,,,SEBAGO,,,PENDING
0,cmtkdvv8n1rzunf2bk8t5pcdk,0,UNKNOWN,SHOWROOM MULTIBRAND,0,,OTHER,,UNKNOWN,,,SHOWROOM_MULTIBRAND,,,PENDING
0,cmtkdw3gt1uhinf2bsgiz31tp,0,UNKNOWN,SOLOVIÈRE PARIS,0,,FASHION,,UNKNOWN,,,SOLOVIERE_PARIS,,,PENDING
0,cmtkdvvyr1s9dnf2bl8od2ae3,0,UNKNOWN,SOULIERS MARTINEZ,0,,OTHER,,UNKNOWN,,,SOULIERS_MARTINEZ,,,PENDING
0,cmtkdvv4m1ryinf2bebdy3a0q,0,UNKNOWN,SPORTY & RICH,0,,OTHER,,UNKNOWN,,,SPORTY_AND_RICH,,,PENDING
0,cmtlyjuwu08xuqf5kl43ilrhw,0,UNKNOWN,Stella McCartney America Inc.,0,,RETAIL,,UNKNOWN,,,STELLA_MCCARTNEY_AMERICA_INC,,,PENDING
0,cmtlyjuur08xaqf5klhwkbnba,0,UNKNOWN,Stella McCartney Italia S.r.l,0,,RETAIL,,UNKNOWN,,,STELLA_MCCARTNEY_ITALIA_S_R_L,,,PENDING
0,cmtlyjv1z08zqqf5kcgokabae,0,UNKNOWN,Stella McCartney (Japan) Limited,0,,RETAIL,,UNKNOWN,,,STELLA_MCCARTNEY_JAPAN_LIMITED,,,PENDING
0,cmtlyjuwf08xqqf5k63jvwq7f,0,UNKNOWN,Stella McCartney Limited,0,,RETAIL,,UNKNOWN,,,STELLA_MCCARTNEY_LIMITED,,,PENDING
0,cmtkdvvw71s8inf2bxr5gbjmp,0,UNKNOWN,STEPHANE ROLLAND PARIS,0,,OTHER,,UNKNOWN,,,STEPHANE_ROLLAND_PARIS,,,PENDING
0,cmtm7vn7814r8pv5j6tlcdx9w,0,UNKNOWN,Stone By Stone,0,,RETAIL,,UNKNOWN,,,STONE_BY_STONE,,,PENDING
0,cmtm8m9oo1cjvpv5jkm4cmn9e,0,UNKNOWN,Stripe & Stare,0,,RETAIL,,UNKNOWN,,,STRIPE_AND_STARE,,,PENDING
0,cmtkdvvvz1s8enf2bsrubjbdd,0,UNKNOWN,SUZEL,0,,OTHER,,UNKNOWN,,,SUZEL,,,PENDING
0,cmtkdw49i1uq5nf2b95oar2fi,0,UNKNOWN,SWANN PARIS,0,,FASHION,,UNKNOWN,,,SWANN_PARIS,,,PENDING
0,cmtp3skdu1dhkqq4zs6p5f1lp,0,UNKNOWN,Swarovski Australia Pty.,0,,JEWELRY_WATCHES,,UNKNOWN,,,SWAROVSKI_AUSTRALIA_PTY,,,PENDING
0,cmtp3skpn1dmkqq4zuua1szg8,0,UNKNOWN,Swarovski Belgium N.V.,0,,JEWELRY_WATCHES,,UNKNOWN,,,SWAROVSKI_BELGIUM_N_V,,,PENDING
0,cmtp3sjxu1daoqq4z5wh9yc61,0,UNKNOWN,Swarovski Canada Limited,0,,JEWELRY_WATCHES,,UNKNOWN,,,SWAROVSKI_CANADA_LIMITED,,,PENDING
0,cmtp3skim1djsqq4zox4c98rl,0,UNKNOWN,Swarovski (Deutschland) GmbH,0,,JEWELRY_WATCHES,,UNKNOWN,,,SWAROVSKI_DEUTSCHLAND_GMBH,,,PENDING
0,cmtp3sk0w1dbwqq4z4lszwmdi,0,UNKNOWN,Swarovski France S.A.,0,,JEWELRY_WATCHES,,UNKNOWN,,,SWAROVSKI_S_A,,,PENDING
0,cmtp3slpu1e30qq4zgzgtjqcj,0,UNKNOWN,Swarovski GBS Americas,0,,JEWELRY_WATCHES,,UNKNOWN,,,SWAROVSKI_GBS_AMERICAS,,,PENDING
0,cmtp3skre1dncqq4z07govslp,0,UNKNOWN,Swarovski GBS Asia,0,,JEWELRY_WATCHES,,UNKNOWN,,,SWAROVSKI_GBS_ASIA,,,PENDING
0,cmtp3smnt1ejsqq4zdvtai0x6,0,UNKNOWN,Swarovski Hellas S.A.,0,,JEWELRY_WATCHES,,UNKNOWN,,,SWAROVSKI_HELLAS_S_A,,,PENDING
0,cmtp3smek1efkqq4zscquo3uu,0,UNKNOWN,Swarovski Hong Kong Ltd.,0,,JEWELRY_WATCHES,,UNKNOWN,,,SWAROVSKI_HONG_KONG_LTD,,,PENDING
0,cmtp3sjyl1dawqq4zb37y74of,0,UNKNOWN,Swarovski Ibérica S.A.,0,,JEWELRY_WATCHES,,UNKNOWN,,,SWAROVSKI_IBERICA_S_A,,,PENDING
0,cmtp3sl311dskqq4zt5be6uy2,0,UNKNOWN,Swarovski International Holding AG,0,,JEWELRY_WATCHES,,UNKNOWN,,,SWAROVSKI_INTERNATIONAL_HOLDING_AG,,,PENDING
0,cmtp3sk571ddkqq4zh1sry6bq,0,UNKNOWN,Swarovski Ireland Limited,0,,JEWELRY_WATCHES,,UNKNOWN,,,SWAROVSKI_IRELAND_LIMITED,,,PENDING
0,cmtp3sktw1dogqq4zttcza7uv,0,UNKNOWN,Swarovski Korea Ltd.,0,,JEWELRY_WATCHES,,UNKNOWN,,,SWAROVSKI_KOREA_LTD,,,PENDING
0,cmtp3smcj1eekqq4z0uuyzs5i,0,UNKNOWN,"Swarovski Manufacturing (Thailand) Co., Ltd.",0,,JEWELRY_WATCHES,,UNKNOWN,,,SWAROVSKI_MANUFACTURING_THAILAND_CO_LTD,,,PENDING
0,cmtp3sn2t1eq8qq4zyxivpo7v,0,UNKNOWN,Swarovski Mobility GmbH,0,,JEWELRY_WATCHES,,UNKNOWN,,,SWAROVSKI_MOBILITY_GMBH,,,PENDING
0,cmtp3ske21dhoqq4zhj9bpepd,0,UNKNOWN,Swarovski Netherlands B.V.,0,,JEWELRY_WATCHES,,UNKNOWN,,,SWAROVSKI_NETHERLANDS_B_V,,,PENDING
0,cmtp3skey1di4qq4zh0w3bbt6,0,UNKNOWN,Swarovski North America,0,,JEWELRY_WATCHES,,UNKNOWN,,,SWAROVSKI_NORTH_AMERICA,,,PENDING
0,cmtp3sk2n1dcgqq4z3zhmte6o,0,UNKNOWN,Swarovski (Schweiz) AG,0,,JEWELRY_WATCHES,,UNKNOWN,,,SWAROVSKI_SCHWEIZ_AG,,,PENDING
0,cmtp3smk01ei8qq4zi6nnyv22,0,UNKNOWN,Swarovski Thailand Ltd.,0,,JEWELRY_WATCHES,,UNKNOWN,,,SWAROVSKI_THAILAND_LTD,,,PENDING
0,cmtp3sk3z1dd4qq4ztmg1pznk,0,UNKNOWN,Swarovski UK Ltd.,0,,JEWELRY_WATCHES,,UNKNOWN,,,SWAROVSKI_UK_LTD,,,PENDING
0,cmtkdvvag1s0hnf2bw5zd6uu0,0,UNKNOWN,SWEET PANTS,0,,OTHER,,UNKNOWN,,,SWEET_PANTS,,,PENDING
0,cmtkdvxh51sp6nf2bf378kxvc,0,UNKNOWN,SYNALIA,0,,OTHER,,UNKNOWN,,,SYNALIA,,,PENDING
0,cmtp6oz5m2wl1qq4zllzqhixz,0,UNKNOWN,Tapestry (Cambodge) Company Ltd,0,,RETAIL,,UNKNOWN,,,TAPESTRY_CAMBODGE_COMPANY_LTD,,,PENDING
0,cmtp6owjt2vf5qq4zbtyyz3wf,0,UNKNOWN,"Tapestry Japan, LLC",0,,RETAIL,,UNKNOWN,,,TAPESTRY_JAPAN_LLC,,,PENDING
0,cmtn7sbvi1vosqq5lrj5n5rr8,0,UNKNOWN,THA- Levi Strauss (Thailand) Ltd,0,,RETAIL,,UNKNOWN,,,THA_LEVI_STRAUSS_THAILAND_LTD,,,PENDING
0,cmtkdvvj41s40nf2bmfp6mn82,0,UNKNOWN,THE CLOTHETTE RETAIL,0,,RETAIL,,UNKNOWN,,,THE_CLOTHETTE_RETAIL,,,PENDING
0,cmtlyqj260mpqqf5kg0q0cru8,0,UNKNOWN,The Condé Nast Publications Limited,0,,RETAIL,,UNKNOWN,,,THE_CONDE_NAST_PUBLICATIONS_LIMITED,,,PENDING
0,cmtp2arf30lucqq4z3wnlay93,0,UNKNOWN,"The RealReal, Inc.",0,therealreal.com,RETAIL,,UNKNOWN,,,THE_REALREAL_INC,wikidata,,PENDING
0,cmtkdw14h1tqanf2b2pgvn179,0,UNKNOWN,THIERRY LASRY,0,,OTHER,,UNKNOWN,,,THIERRY_LASRY,,,PENDING
0,cmtm7dyi60wk4pv5jyroy4b19,0,UNKNOWN,TOAST,0,,RETAIL,,UNKNOWN,,,TOAST,,,PENDING
0,cmtkdvw3o1sabnf2btjprd7tw,0,UNKNOWN,TOPOLOGIE,0,,OTHER,,UNKNOWN,,,TOPOLOGIE,,,PENDING
0,cmtlyj63g07idqf5kwrpgkxnx,0,UNKNOWN,Towa,0,,RETAIL,,UNKNOWN,,,TOWA,,,PENDING
0,cmtlynbus0gwqqf5kd2jj09cp,0,UNKNOWN,Tulip,0,,RETAIL,,UNKNOWN,,,TULIP,,,PENDING
0,cmtn5a6a304zqqq5llvh08n5h,0,UNKNOWN,UNIQLO EUROPE LIMITED,0,,FASHION,,UNKNOWN,,,UNIQLO_EUROPE_LIMITED,,,PENDING
0,cmtp3x7v21harqq4z4w0ut49g,0,UNKNOWN,United States of Aritzia Inc.,0,,RETAIL,,UNKNOWN,,,UNITED_STATES_OF_ARITZIA_INC,,,PENDING
0,cmtk23whh0dgnnv2b2136d7se,0,UNKNOWN,Uriage,0,,BEAUTY,,UNKNOWN,,Puig,URIAGE,,,PENDING
0,cmtk21a5m08kpnv2bdz6a1b8s,0,UNKNOWN,Vanity Fair France,0,,MEDIA_AGENCY,,UNKNOWN,,Conde Nast,VANITY_FAIR,,,PENDING
0,cmtk1zrls06jknv2bk040kacx,0,UNKNOWN,Vera Wang Parfums,0,,BEAUTY,,UNKNOWN,,Coty,VERA_WANG_PARFUMS,,,PENDING
0,cmtmws95i0aakso4zzrkmzqjr,0,UNKNOWN,Versace Austria GMBH,0,,RETAIL,,UNKNOWN,,,VERSACE_AUSTRIA_GMBH,,,PENDING
0,cmtlylj4f0chmqf5ki5bcjo6p,0,UNKNOWN,Versace Canada,0,,RETAIL,,UNKNOWN,,,VERSACE_CANADA,,,PENDING
0,cmtlyljci0cjmqf5krn8qvljx,0,UNKNOWN,Versace Deutschland GmbH,0,,RETAIL,,UNKNOWN,,,VERSACE_DEUTSCHLAND_GMBH,,,PENDING
0,cmtlyljmv0cmiqf5kjicddtz7,0,UNKNOWN,"Versace Japan Co., Ltd.",0,,RETAIL,,UNKNOWN,,,VERSACE_JAPAN_CO_LTD,,,PENDING
0,cmtlyljgg0ckpqf5kw7pafgba,0,UNKNOWN,Versace Suisse SA,0,,RETAIL,,UNKNOWN,,,VERSACE_SUISSE,,,PENDING
0,cmtlylj7c0ci6qf5kmfivkt10,0,UNKNOWN,"Versace USA, Inc.",0,,RETAIL,,UNKNOWN,,,VERSACE_USA_INC,,,PENDING
0,cmtlyev26004tqf5k2u68ppc5,0,UNKNOWN,VisionLab,0,visionlab.es,RETAIL,,UNKNOWN,,,VISIONLAB,wikidata,,PENDING
0,cmtk20yns085env2b2i9ccyg2,0,UNKNOWN,Vogue France,0,,MEDIA_AGENCY,,UNKNOWN,,Conde Nast,VOGUE,,,PENDING
0,cmtkdvvje1s44nf2b0y8tncyi,0,UNKNOWN,WEEKEND MAXMARA,0,,OTHER,,UNKNOWN,,,WEEKEND_MAXMARA,,,PENDING
0,cmtlyl7vy0bxcqf5kczwfj72i,0,UNKNOWN,Wing,0,,RETAIL,,UNKNOWN,,,WING,,,PENDING
0,cmtkdw1to1twrnf2b34qv04xc,0,UNKNOWN,YALLÄ,0,,OTHER,,UNKNOWN,,,YALLA,,,PENDING
0,cmtkdw3ow1uk2nf2bn2aldzt4,0,UNKNOWN,YOUNIC BY DINA,0,,FASHION,,UNKNOWN,,,YOUNIC_BY_DINA,,,PENDING
