id,title,countryCode,isFrance,city,location,url,externalId,source,postedAt,firstSeenAt,lastSeenAt,validThrough,jobFunction,seniority,canonicalSourceKey,description_hash,description_length,company
cmtk1x7ep00mynv2b1el1hv8l,Gestionnaire Systèmes d'Informations (H/F),CH,False,Saint-Imier,"Saint-Imier, CH",https://careers.patek.com/job/Saint-Imier-Gestionnaire-Syst%C3%A8mes-d&amp;apos;Informations-%28HF%29/1358617755/,1358617755,SUCCESSFACTORS,2026-08-23T02:00:00,2026-09-02T12:07:30.242,2026-09-06T13:12:14.124,2026-09-06T22:00:00,hr-talent,MID,,15d81cd244c3b246e19fa58a42075c57,2358,Patek Philippe
cmtk1x7jh00ninv2b33p7wx18,Responsable d'Atelier Assemblage Séquentiel (H/F),CH,False,Plan-les-Ouates,"Plan-Les-Ouates, CH",https://careers.patek.com/job/Plan-Les-Ouates-Responsable-d&amp;apos;Atelier-Assemblage-S%C3%A9quentiel-%28HF%29/1360288355/,1360288355,SUCCESSFACTORS,2026-08-11T02:00:00,2026-09-02T12:07:30.413,2026-09-06T13:12:14.168,2026-09-06T22:00:00,atelier-craft,MANAGER,,83ebee103e3538c730bb4886aeca9ca1,1537,Patek Philippe
cmtk20ok107vonv2bdxgagbz1,"Engineer I, Security Operations",IN,False,Dlf,"DLF Downtown1, Chennai, IN",https://condenast.wd115.myworkdayjobs.com/CondeCareers/job/DLF-Downtown1-Chennai-IN/Engineer-I--Security-Operations_R-24576,Engineer-I--Security-Operations_R-24576,WORKDAY,2026-08-13T00:00:00,2026-09-02T12:10:12.434,2026-09-06T13:15:21.414,2026-09-08T00:00:00,it-data,MID,,c7e64cab85ac3dd6a65045657ae5e252,4721,Condé Nast
cmtk22ssf0bqznv2bn7j7d6ei,Coach de ventas Interzonas Multimarca,ES,False,Espagne - Reseau,Spain - Networks,https://pierrefabre.wd3.myworkdayjobs.com/External_Career_Site/job/Spain---Networks/Coach-de-ventas-Interzonas-Multimarca_JR113741,Coach-de-ventas-Interzonas-Multimarca_JR113741,WORKDAY,2026-08-24T00:00:00,2026-09-02T12:11:51.231,2026-09-06T13:16:31.08,2026-09-07T00:00:00,retail-client-advisor,MID,,51e3b8298a18e35317500b1ada278927,2718,Pierre Fabre
cmtk239v30cpknv2bto4mcy8s,Stage - Développement Produit Prêt-À-Porter (H/F) - Octobre 2026,FR,True,Paris,"Paris, FR",https://jobs.puig.com/job/Paris-Stage-D%C3%A9veloppement-Produit-Pr%C3%AAt-%C3%80-Porter-%28HF%29-Octobre-2026/1402537933/,1402537933,SUCCESSFACTORS,2026-09-04T02:00:00,2026-09-02T12:12:13.359,2026-09-06T13:16:39.954,2026-09-06T22:00:00,product-development-rd,,,75c2613c3ad2e165f2463e779823e38b,1618,JEAN PAUL GAULTIER
cmtk2abeb0p10nv2b0nq0e1pj,CDD - Charge(e) de Recouvrement Des Ijss H/F,FR,True,Pantin,"PANTIN, 93500",https://www.welcometothejungle.com/fr/companies/hermes/jobs/cdd-charge-e-de-recouvrement-des-ijss-h-f_pantin,3168a930-8092-437d-8cf3-ece2b0d83707,WTTJ,2026-09-04T12:22:50,2026-09-02T12:17:41.939,2026-09-06T15:32:53.743,2026-09-06T22:00:00,finance,MID,,38e2a18068393ab1deb53265b7f5e789,19235,Hermès
cmtk3fqyx0q77ny2bk516s69p,Beauty confidant ECI,ES,False,Valencia,Valencia,https://cc.wd3.myworkdayjobs.com/ChanelCareers/job/Valencia/Beauty-confidant-ECI_JOBREQ00116491-1,Beauty-confidant-ECI_JOBREQ00116491-1,WORKDAY,2026-09-01T00:00:00,2026-09-02T12:49:55.018,2026-09-06T13:27:13.044,2026-09-08T00:00:00,beauty-advisor,MID,,6cafaf97c4b066368a45c5f31d79105f,2700,Parfums Chanel
cmtk3fr0s0q87ny2bu4q3td6r,Beauty confidant ECI,ES,False,Granada,Granada,https://cc.wd3.myworkdayjobs.com/ChanelCareers/job/Granada/Beauty-confidant-ECI_JOBREQ00116492,Beauty-confidant-ECI_JOBREQ00116492,WORKDAY,2026-09-01T00:00:00,2026-09-02T12:49:55.085,2026-09-06T13:27:13.102,2026-09-08T00:00:00,beauty-advisor,MID,,6cafaf97c4b066368a45c5f31d79105f,2700,Parfums Chanel
cmtk3fsc10qp6ny2beunk5rix,Boutique Seasonal Support,AU,False,Sydney,SYDNEY,https://cc.wd3.myworkdayjobs.com/ChanelCareers/job/SYDNEY/Fashion-Advisor_JOBREQ00115826,Fashion-Advisor_JOBREQ00115826,WORKDAY,2026-08-24T00:00:00,2026-09-02T12:49:56.786,2026-09-06T13:27:14.313,2026-09-08T00:00:00,,MID,,f1fe46d03115608dd9a847fc7a2b7e8d,2817,Parfums Chanel
cmtk3fsgx0qreny2b9013xr8e,Accounts Payable Specialist (Maternity Cover),ES,False,Madrid,Madrid,https://cc.wd3.myworkdayjobs.com/ChanelCareers/job/Madrid/Accounts-Payable-Specialist--Maternity-Cover-_JOBREQ00116187,Accounts-Payable-Specialist--Maternity-Cover-_JOBREQ00116187,WORKDAY,2026-08-21T00:00:00,2026-09-02T12:49:56.962,2026-09-06T13:27:14.402,2026-09-07T00:00:00,finance,MID,,aea2b28377c8eb1d1272700dcf34044c,5888,Parfums Chanel
cmtkoe3km01dcmr2b59mwzga3,IT Financial Analyst,IT,False,Milan,"Milano, IT",https://jobs.valentino.com/job/Milano-IT-Financial-Analyst/1412986033/,1412986033,SUCCESSFACTORS,2026-09-04T02:00:00,2026-09-02T22:36:29.974,2026-09-07T22:02:36.691,2026-09-07T22:00:00,finance,MID,,74fb52af31885d9406935454a2c43673,4400,Valentino
cmtlv81rc06m53nk5mcjmfpa6,Senior Client Advisor,SG,False,Singapour,"Singapore, SG",https://jobs.valentino.com/job/Singapore-Senior-Client-Advisor/1424157133/,1424157133,SUCCESSFACTORS,2026-09-05T02:00:00,2026-09-03T08:38:30.064,2026-09-06T13:12:56.602,2026-09-06T16:00:00,retail-client-advisor,SENIOR,,45e6ce472f9368a5213db340162bb2b0,3674,Valentino
cmtlvcm7508sj3nk5bhkeu8ag,Beauty Advisor,AU,False,Western Australia,Western Australia,https://cc.wd3.myworkdayjobs.com/ChanelCareers/job/Western-Australia/Skincare-Specialist_JOBREQ00108897-1,Skincare-Specialist_JOBREQ00108897-1,WORKDAY,2026-08-21T00:00:00,2026-09-02T12:49:57.043,2026-09-06T13:27:14.473,2026-09-08T00:00:00,beauty-advisor,MID,,7b4d83df17ba13624ec486569dc701a3,5010,Parfums Chanel
cmtlyffso00muqf5krtanmxe7,Bakım Kontrol Mühendisi (Uzman Yardımcısı)_Yedaş,TR,False,Yurtiçi Merkez,"Yurtiçi Merkez, TR",https://careers.calik.com/job/Yurti%C3%A7i-Merkez-Bak%C4%B1m-Kontrol-M%C3%BChendisi-%28Uzman-Yard%C4%B1mc%C4%B1s%C4%B1%29_Yeda%C5%9F/1368628857/,1368628857,SUCCESSFACTORS,2026-09-03T02:00:00,2026-09-03T20:05:14.808,2026-09-06T13:11:48.66,2026-09-07T21:00:00,,MID,,fbfdf1cf0c2c6e1690bef3cad88f694f,1543,Çalık
cmtlyknxl0aniqf5kryp921zz,Key Holder,US,False,Santa Barbara,"Santa Barbara, CA",https://everythingbutwater.wd5.myworkdayjobs.com/External/job/Santa-Barbara-CA/Key-Holder_JR102869,Key-Holder_JR102869,WORKDAY,2026-08-25T00:00:00,2026-09-03T20:09:18.634,2026-09-07T22:02:53.454,2026-09-08T00:00:00,retail-client-advisor,MID,,c1558c46ed9ad99b5047de0668f32498,1956,Orlando Bathing Suit
cmtlyko1l0aouqf5k3ihyhutg,Key Holder,US,False,King of Prussia,"King of Prussia, PA",https://everythingbutwater.wd5.myworkdayjobs.com/External/job/King-of-Prussia-PA/Key-Holder-1_JR102117,Key-Holder-1_JR102117,WORKDAY,2026-08-14T00:00:00,2026-09-03T20:09:18.777,2026-09-06T13:13:17.861,2026-09-07T00:00:00,retail-client-advisor,MID,,4ef8582ca79e0718de1ea9b9f85e25b6,2451,Orlando Bathing Suit
cmtm8ow4u1gobpv5j277ufgze,"Lead Designer, Training Graphic Design Speed",US,False,Beaverton,"Beaverton, Oregon",https://nike.wd1.myworkdayjobs.com/nke/job/Beaverton-Oregon/Lead-Designer--Training-Graphic-Design-Speed_R-83678,Lead-Designer--Training-Graphic-Design-Speed_R-83678,WORKDAY,2026-09-03T00:00:00,2026-09-04T00:52:32.046,2026-09-07T22:12:05.405,2026-09-08T00:00:00,marketing-communication,SENIOR,,9b76b6d882732781bd90640f77ac8334,4293,NIKE
cmtm8owz61gxvpv5jga7d6pba,Senior Administrative Assistant - Converse,US,False,Boston,"Boston, Massachusetts",https://nike.wd1.myworkdayjobs.com/nke/job/Boston-Massachusetts/Senior-Administrative-Assistant---Converse_R-91137,Senior-Administrative-Assistant---Converse_R-91137,WORKDAY,2026-09-01T00:00:00,2026-09-04T00:52:33.138,2026-09-07T22:12:06.077,2026-09-08T00:00:00,admin-facilities,SENIOR,,21d51336bfde5061c6fb9b4427ec8202,6031,Converse
cmtm8ox8s1h13pv5jadwzbpcb,"Software Engineer III - Fullstack, ITC",IN,False,Karnataka,"Karnataka, India",https://nike.wd1.myworkdayjobs.com/nke/job/Karnataka-India/Software-Engineer-III---Fullstack--ITC_R-86937,Software-Engineer-III---Fullstack--ITC_R-86937,WORKDAY,2026-09-01T00:00:00,2026-09-04T00:52:33.484,2026-09-06T13:23:05.508,2026-09-08T00:00:00,it-data,SENIOR,,28284a7ac9165f6f394814b12e9b1f19,3914,NIKE
cmtm8oxgf1h3vpv5j3vhr5w3p,Coach Stockroom - Gerente de Almacén - Nike Unite GDL,MX,False,Zapopan,"Zapopan, Mexico",https://nike.wd1.myworkdayjobs.com/nke/job/Zapopan-Mexico/Coach-Stockroom---Gerente-de-Almacn---Nike-Unite-GDL_R-91027-1,Coach-Stockroom---Gerente-de-Almacn---Nike-Unite-GDL_R-91027-1,WORKDAY,2026-08-31T00:00:00,2026-09-04T00:52:33.759,2026-09-06T13:23:05.705,2026-09-07T00:00:00,retail-operations,MANAGER,,bb722868963390045d14bf4934e2b9d1,3942,NIKE
cmtm8oxgq1h3zpv5jvmzna6g6,Lead Stockroom - Jefe de Almacén – NFS MX Puebla,MX,False,Puebla,"Puebla, Mexico",https://nike.wd1.myworkdayjobs.com/nke/job/Puebla-Mexico/Lead-Stockroom---Jefe-de-Almacn---NFS-MX-Puebla_R-90882,Lead-Stockroom---Jefe-de-Almacn---NFS-MX-Puebla_R-90882,WORKDAY,2026-08-31T00:00:00,2026-09-04T00:52:33.77,2026-09-07T22:12:06.538,2026-09-08T00:00:00,retail-operations,SENIOR,,31202cfde8532b69c95dec1a9075520c,3949,"NIKE de Mexico, S. de R.L. de C.V."
cmtm8oxhc1h47pv5jsemri4me,"Manager, Digital User Experience - Converse",US,False,Boston,"Boston, Massachusetts",https://nike.wd1.myworkdayjobs.com/nke/job/Boston-Massachusetts/Manager--Digital-User-Experience---Converse_R-89566,Manager--Digital-User-Experience---Converse_R-89566,WORKDAY,2026-08-31T00:00:00,2026-09-04T00:52:33.792,2026-09-06T13:23:05.735,2026-09-07T00:00:00,ecommerce-digital,MANAGER,,19f56cc974ffa4253ad3b3f4bdd03c24,4434,Converse
cmtm8oxhl1h4bpv5j6ns0dybm,Distribution Center Operations Manager,US,False,Memphis,"Memphis, Tennessee",https://nike.wd1.myworkdayjobs.com/nke/job/Memphis-Tennessee/Distribution-Center-Operations-Manager_R-83374,Distribution-Center-Operations-Manager_R-83374,WORKDAY,2026-08-31T00:00:00,2026-09-04T00:52:33.801,2026-09-06T13:23:05.743,2026-09-07T00:00:00,supply-chain-logistics,MANAGER,,9bb4ee23aa6f38f7157c941ba3f09495,2934,NIKE
cmtm8oxn41h6bpv5j5k58l0gb,Senior Applied Analytics Manager,US,False,Beaverton,"Beaverton, Oregon",https://nike.wd1.myworkdayjobs.com/nke/job/Beaverton-Oregon/Senior-Applied-Analytics-Manager_R-89428-1,Senior-Applied-Analytics-Manager_R-89428-1,WORKDAY,2026-08-31T00:00:00,2026-09-04T00:52:34.001,2026-09-06T13:23:05.921,2026-09-07T00:00:00,it-data,MANAGER,,d4cbed17d2819ee5da49a44e7427aa2d,4054,NIKE
cmtm8oxom1h6vpv5jou5pyz9q,"Lead, Performance Management - EMEA",NL,False,Hilversum,"Hilversum, Netherlands",https://nike.wd1.myworkdayjobs.com/nke/job/Hilversum-Netherlands/Lead--Performance-Management---EMEA_R-91044,Lead--Performance-Management---EMEA_R-91044,WORKDAY,2026-08-31T00:00:00,2026-09-04T00:52:34.054,2026-09-06T13:23:05.961,2026-09-07T00:00:00,strategy-management,SENIOR,,2c9a47b8263975d48b17b37630ef45b2,5637,NIKE
cmtm8oxp81h73pv5jpsxgbygp,Human Resources Partners Specialist,FR,True,Paris,"Paris, France",https://nike.wd1.myworkdayjobs.com/nke/job/Paris-France/Human-Resources-Partners-Specialist_R-90277,Human-Resources-Partners-Specialist_R-90277,WORKDAY,2026-08-31T00:00:00,2026-09-04T00:52:34.076,2026-09-06T13:23:05.977,2026-09-08T00:00:00,hr-talent,MID,,2e9304bcd07cf057d15fd7faf50d34b0,4988,NIKE
cmtm8oxsk1h8bpv5j0m39evjh,"Stores Location Planner, LATAM",MX,False,Mexico City,"Ciudad de México, Mexico",https://nike.wd1.myworkdayjobs.com/nke/job/Ciudad-de-Mxico-Mexico/Stores-Location-Planner--LATAM_R-90888,Stores-Location-Planner--LATAM_R-90888,WORKDAY,2026-08-28T00:00:00,2026-09-04T00:52:34.196,2026-09-06T13:23:06.082,2026-09-07T00:00:00,,MID,,60579d49b928b07626783e4c3f991a30,2910,NIKE
cmtm8oxsz1h8fpv5jo39jbwi5,"Assortment Planning Analyst, LATAM",MX,False,Mexico City,"Ciudad de México, Mexico",https://nike.wd1.myworkdayjobs.com/nke/job/Ciudad-de-Mxico-Mexico/Assortment-Planning-Analyst--LATAM_R-90887,Assortment-Planning-Analyst--LATAM_R-90887,WORKDAY,2026-08-28T00:00:00,2026-09-04T00:52:34.211,2026-09-06T13:23:06.099,2026-09-07T00:00:00,merchandising-buying,MID,,1b03e010ede0912d227a4ab5a7c0843a,2043,NIKE
cmtm8oxxj1h9npv5jojzkhqsu,"Lead Merchant, Nike Digital Merchandising Running Footwear & ACG",NL,False,Hilversum,"Hilversum, Netherlands",https://nike.wd1.myworkdayjobs.com/nke/job/Hilversum-Netherlands/Lead-Merchant--Nike-Digital-Merchandising-Running-Footwear---ACG_R-88547,Lead-Merchant--Nike-Digital-Merchandising-Running-Footwear---ACG_R-88547,WORKDAY,2026-08-28T00:00:00,2026-09-04T00:52:34.375,2026-09-06T13:23:06.154,2026-09-08T00:00:00,ecommerce-digital,SENIOR,,8ca4105838e3b38045f4cbb38a452dda,5002,NIKE
cmtm8oy4m1hbrpv5j13377sr3,"Lead, Logistics Process Manager",US,False,Bloomington,"Bloomington, California",https://nike.wd1.myworkdayjobs.com/nke/job/Bloomington-California/Lead--Logistics-Process-Manager_R-90248-1,Lead--Logistics-Process-Manager_R-90248-1,WORKDAY,2026-08-27T00:00:00,2026-09-04T00:52:34.63,2026-09-06T13:23:06.257,2026-09-07T00:00:00,manufacturing-quality,MANAGER,,64d9ff27b5902e8cd77bf9550062c674,4386,NIKE
cmtm8oyq01hjbpv5j9n848l50,Sales Director Sportswear Specialty/Energy EMEA,NL,False,Hilversum,"Hilversum, Netherlands",https://nike.wd1.myworkdayjobs.com/nke/job/Hilversum-Netherlands/Sales-Director-Sportswear-Speciality-Energy-EMEA_R-90305,Sales-Director-Sportswear-Speciality-Energy-EMEA_R-90305,WORKDAY,2026-08-25T00:00:00,2026-09-04T00:52:35.401,2026-09-06T13:23:06.87,2026-09-08T00:00:00,wholesale-b2b,DIRECTOR,,74d0f935fe6ec683f3d94b8e59ac4c2c,3428,NIKE
cmtm8oyv91hl3pv5jaehswtf2,"Lead Technical Product Manager Finance, ITC",IN,False,Karnataka,"Karnataka, India",https://nike.wd1.myworkdayjobs.com/nke/job/Karnataka-India/Lead-Technical-Product-Manager-Finance--ITC_R-90514,Lead-Technical-Product-Manager-Finance--ITC_R-90514,WORKDAY,2026-08-24T00:00:00,2026-09-04T00:52:35.589,2026-09-06T13:23:06.977,2026-09-07T00:00:00,finance,SENIOR,,b976187cb5312eeb8f20eec7543cacc2,3763,NIKE
cmtn74efm1d7qqq5layj8cxzp,Athlete / Asesor.a de Venta PT 24H Medio Tiempo - Nike Gran Terraza Coapa,MX,False,Mexico City,"Ciudad de México, Mexico",https://nike.wd1.myworkdayjobs.com/nke/job/Ciudad-de-Mxico-Mexico/Athlete----Asesora-de-Venta-PT-24H-Medio-Tiempo---Nike-Gran-Terraza-Coapa_R-89505,Athlete----Asesora-de-Venta-PT-24H-Medio-Tiempo---Nike-Gran-Terraza-Coapa_R-89505,WORKDAY,2026-09-04T00:00:00,2026-09-04T16:56:22.547,2026-09-06T13:23:04.296,2026-09-07T00:00:00,retail-client-advisor,MID,,09851d3aaac5c68a854a067bc96d58ca,3347,NIKE
cmtn7s1pf1rpyqq5lunpeyiut,Compliance & Privacy Analyst,IN,False,Bangalore,"India, Bangalore - Office",https://levistraussandco.wd5.myworkdayjobs.com/External/job/India-Bangalore---Office/Compliance---Privacy-Analyst_R-0153273-1,Compliance---Privacy-Analyst_R-0153273-1,WORKDAY,2026-09-04T00:00:00,2026-09-04T17:14:45.795,2026-09-06T13:30:26.893,2026-09-07T00:00:00,legal-compliance,MID,,da84260b1b4e703ccc13f27ab79bc67a,4684,Levi's
cmtn8956c204bqq5lplpf0x1q,SALES ASSISTANT,ES,False,Huelva,"Huelva, Andalusia, Spain",https://mango.wd3.myworkdayjobs.com/Mango_Work_Your_Passion/job/Huelva-Andalusia-Spain/VENDEDOR-A-20H-HUELVA-CCOMERCIAL-HOLEA_JR140988-1,VENDEDOR-A-20H-HUELVA-CCOMERCIAL-HOLEA_JR140988-1,WORKDAY,2026-09-04T00:00:00,2026-09-04T17:28:03.444,2026-09-06T13:34:48.229,2026-09-08T00:00:00,retail-client-advisor,MID,,1c2c57bbe09e6ace24f5c03ff2565efa,1521,Mango
cmto3mzmo06w2qq4z0nb0lycy,Client Advisor,KR,False,Séoul,"Seoul, KR",https://jobs.valentino.com/job/Seoul-Client-Advisor/1434181633/,1434181633,SUCCESSFACTORS,2026-09-05T00:00:00,2026-09-05T08:06:37.536,2026-09-06T13:12:56.646,2026-09-07T15:00:00,retail-client-advisor,MID,,29c3f44e0511b710fd37f7d67dbd2ae5,1986,Valentino
cmtp1x2zk036jqq4zdofe5tj6,Outlet Supply Chain Intern,IT,False,Sant'Elpidio A Mare,"SANT'ELPIDIO A MARE, IT",https://jobs.todsgroup.com/job/SANT&amp;apos;ELPIDIO-A-MARE-Outlet-Supply-Chain-Intern-FM/1358775255/,1358775255,SUCCESSFACTORS,2026-08-26T02:00:00,2026-09-06T00:06:15.393,2026-09-06T13:12:11.25,2026-09-06T22:00:00,supply-chain-logistics,,,490559b6cca51547e281e975992a6803,1942,Tod's Group
cmtp22cz30a82qq4z08v8cjwc,PRODUCT INVENTORY ASSOCIATE,IT,False,Solomeo,SOLOMEO,https://brunellocucinelli.wd3.myworkdayjobs.com/Cucinelli/job/SOLOMEO/PRODUCT-INVENTORY-ASSOCIATE_JR101175,PRODUCT-INVENTORY-ASSOCIATE_JR101175,WORKDAY,2026-09-01T00:00:00,2026-09-06T00:10:21.616,2026-09-06T13:13:24.796,2026-09-07T00:00:00,retail-operations,MID,,6057cf199c1a8ce6114c0d41f1459271,3313,BRUNELLO CUCINELLI
cmtp2dry60r77qq4zyhhtzcme,Maxima Wintergarden - Zone Manager,AU,False,Queensland,Queensland,https://mecca.wd3.myworkdayjobs.com/careers/job/Queensland/Maxima-Wintergarden---Zone-Manager_R015668,Maxima-Wintergarden---Zone-Manager_R015668,WORKDAY,2026-08-28T00:00:00,2026-09-06T00:19:14.238,2026-09-06T13:16:03.143,2026-09-07T00:00:00,retail-area-management,MANAGER,,6375d71f2032477c6f29c9c2ed778425,2367,MECCA Brands
cmtp2ds010r87qq4zalo9jslt,"Creative Lead, MECCA-Maginations",AU,False,Richmond,Richmond,https://mecca.wd3.myworkdayjobs.com/careers/job/Richmond/Creative-Lead--MECCA-Maginations_R015087,Creative-Lead--MECCA-Maginations_R015087,WORKDAY,2026-08-24T00:00:00,2026-09-06T00:19:14.305,2026-09-06T13:16:03.232,2026-09-07T00:00:00,design-creation,SENIOR,,048a14cdc0fc7d1a6137fe43c4422a2e,5022,MECCA Brands
cmtp2kz7110ssqq4z5q12uf0r,Supervisor - Nike Bellevue,US,False,Bellevue,"Bellevue, Washington",https://nike.wd1.myworkdayjobs.com/nke2/job/Bellevue-Washington/Supervisor---Nike-Bellevue_R-90380-1,Supervisor---Nike-Bellevue_R-90380-1,WORKDAY,2026-09-01T00:00:00,2026-09-06T00:24:50.222,2026-09-07T22:07:41.337,2026-09-08T00:00:00,retail-store-management,MANAGER,,07fda8891c4cc21d538a5d8e9e06c218,3942,NIKE
cmtp2kza210u8qq4zhmbl67st,Supervisor - Nike Watertown,US,False,Watertown,"Watertown, Massachusetts",https://nike.wd1.myworkdayjobs.com/nke2/job/Watertown-Massachusetts/Supervisor---Nike-Watertown_R-91103-1,Supervisor---Nike-Watertown_R-91103-1,WORKDAY,2026-08-31T00:00:00,2026-09-06T00:24:50.331,2026-09-07T22:07:41.452,2026-09-08T00:00:00,retail-store-management,MANAGER,,039da8564d7d08953afbe78d77a8c69e,3831,NIKE
cmtp2kzap10ukqq4zp5tb5qxw,Coach - Nike Desert Ridge,US,False,Phoenix,"Phoenix, Arizona",https://nike.wd1.myworkdayjobs.com/nke2/job/Phoenix-Arizona/Coach---Nike-Desert-Ridge_R-91094,Coach---Nike-Desert-Ridge_R-91094,WORKDAY,2026-08-31T00:00:00,2026-09-06T00:24:50.353,2026-09-07T22:07:41.479,2026-09-08T00:00:00,hr-talent,MID,,738b50aba244e25f453d0cee70c7f885,3853,NIKE
cmtp2kzm510zkqq4zlb416tq8,"Retail Associate, PT – Nike Thornton (14-29 hours/week)",US,False,Thornton,"Thornton, Colorado",https://nike.wd1.myworkdayjobs.com/nke2/job/Thornton-Colorado/Retail-Associate--PT---Nike-Thornton--14-29-hours-week-_R-88000,Retail-Associate--PT---Nike-Thornton--14-29-hours-week-_R-88000,WORKDAY,2026-08-25T00:00:00,2026-09-06T00:24:50.765,2026-09-07T22:07:41.885,2026-09-08T00:00:00,retail-client-advisor,MID,,56cb7d159b663b16d58eebd9df9f6921,3145,NIKE
cmtp2kzp11110qq4zwnmjkkho,Retail Supervisor - Nike Leesburg,US,False,Leesburg,"Leesburg, Virginia",https://nike.wd1.myworkdayjobs.com/nke2/job/Leesburg-Virginia/Retail-Supervisor---Nike-Leesburg_R-90551,Retail-Supervisor---Nike-Leesburg_R-90551,WORKDAY,2026-08-24T00:00:00,2026-09-06T00:24:50.87,2026-09-06T13:17:59.857,2026-09-07T00:00:00,retail-store-management,MANAGER,,69f92138b554d1492f254dd9196462f1,3609,NIKE
cmtp2kzqm111gqq4zi1cpip36,"Retail Associate, FT - Nike Thornton (30-40 hours/week)",US,False,Thornton,"Thornton, Colorado",https://nike.wd1.myworkdayjobs.com/nke2/job/Thornton-Colorado/Retail-Associate--FT---Nike-Thornton--30-40-hours-week-_R-90447,Retail-Associate--FT---Nike-Thornton--30-40-hours-week-_R-90447,WORKDAY,2026-08-24T00:00:00,2026-09-06T00:24:50.926,2026-09-06T13:17:59.891,2026-09-07T00:00:00,retail-client-advisor,MID,,880b7ec24f58cad06adcc087c1b358dd,3145,NIKE
cmtp2kzuw1130qq4zubdk26ys,Supervisor - Nike Livermore,US,False,Livermore,"Livermore, California",https://nike.wd1.myworkdayjobs.com/nke2/job/Livermore-California/Supervisor---Nike-Livermore_R-90384-1,Supervisor---Nike-Livermore_R-90384-1,WORKDAY,2026-08-20T00:00:00,2026-09-06T00:24:51.08,2026-09-07T22:07:42.163,2026-09-08T00:00:00,retail-store-management,MANAGER,,5198af6b8e6a0a2c5bba26691c9c8a90,3661,NIKE
cmtp3317614lcqq4zwrajg8yh,Assistant Allocator - UGG (12 Month FTC),GB,False,Londres,"London, England",https://deckers.wd5.myworkdayjobs.com/Deckers/job/London-England/Assistant-Allocator---UGG--12-Month-FTC-_21596,Assistant-Allocator---UGG--12-Month-FTC-_21596,WORKDAY,2026-08-25T00:00:00,2026-09-06T00:38:52.627,2026-09-07T22:08:19.029,2026-09-08T00:00:00,merchandising-buying,MID,,4444aef08d8e7cf89f757a658705c554,3918,Deckers
cmtp331ag14msqq4z0x68spxu,Reception & Team Assistant,ES,False,Madrid,"Madrid, Spain",https://deckers.wd5.myworkdayjobs.com/Deckers/job/Madrid-Spain/Reception---Team-Assistant_21566,Reception---Team-Assistant_21566,WORKDAY,2026-08-25T00:00:00,2026-09-06T00:38:52.744,2026-09-06T13:18:38.342,2026-09-08T00:00:00,admin-facilities,MID,,fa2417a773ecfbea94ceb72e80007e07,4838,Deckers
cmtp40bfk1o2tqq4zpvd5slfg,"Associate, Buying Operations",IN,False,Sg 9001 India,SG_9001_India,https://saks.wd1.myworkdayjobs.com/careers_at_saks/job/SG_9001_India/Associate--Buying-Operations_R-108138,Associate--Buying-Operations_R-108138,WORKDAY,2026-08-31T00:00:00,2026-09-06T01:04:45.536,2026-09-06T13:21:49.924,2026-09-08T00:00:00,merchandising-buying,MID,,0b3d4f3c501439dbb77e3ace64ffedf1,3380,NEIMAN MARCUS GROUP TECHNOLOGY SERVICES PRIVATE LIMITED (INDIA)
cmtp525el2e21qq4zy9zr08up,Temporary Boutique Assistant,US,False,New York,NEW YORK,https://richemont.wd3.myworkdayjobs.com/Richemont/job/NEW-YORK/Temporary-Boutique-Assistant_JR132650,Temporary-Boutique-Assistant_JR132650,WORKDAY,2026-08-17T00:00:00,2026-09-06T01:34:10.653,2026-09-06T13:32:16.885,2026-09-07T00:00:00,retail-client-advisor,MID,,6393f8a6fb73dafd8eb34c0dc295800b,4727,Richemont
cmtp52axo2g94qq4zwf7r18hu,ASSOCIATE WATCH ADVISOR,HK,False,Hong Kong,"HONG KONG SAR, China",https://richemont.wd3.myworkdayjobs.com/Richemont/job/HONG-KONG-SAR-China/ASSOCIATE-WATCH-ADVISOR_JR129822-1,ASSOCIATE-WATCH-ADVISOR_JR129822-1,WORKDAY,2026-06-08T00:00:00,2026-09-06T01:34:17.821,2026-09-06T13:32:24.143,2026-09-08T00:00:00,retail-client-advisor,MID,,e7500266334e5dbb115bdf74de172417,4546,A.Lange and Sohne
cmtp6ow7t2vafqq4zpmacwpqf,Sales Associate III,CA,False,Pointe-Claire,"Pointe-Claire, Quebec, CAN(Fairview Pointe-Claire - Coach)",https://tapestry.wd108.myworkdayjobs.com/Tapestry_Careers/job/Pointe-Claire-Quebec-CANFairview-Pointe-Claire---Coach/Sales-Associate-III_JR14692-1,Sales-Associate-III_JR14692-1,WORKDAY,2026-09-04T00:00:00,2026-09-06T02:19:51.449,2026-09-06T13:37:50.251,2026-09-07T00:00:00,retail-client-advisor,SENIOR,,aa4633c97d5cff476c7ae2f90dce95c7,9955,Coach
cmtp6owib2venqq4zmhhynhkh,Senior Sales Associate,IE,False,Kildare,"Kildare, IRL (Coach Kildare Outlet - Coach)",https://tapestry.wd108.myworkdayjobs.com/Tapestry_Careers/job/Kildare-IRL-Coach-Kildare-Outlet---Coach/Senior-Sales-Associate_JR14646,Senior-Sales-Associate_JR14646,WORKDAY,2026-09-04T00:00:00,2026-09-06T02:19:51.828,2026-09-06T13:37:50.716,2026-09-07T00:00:00,retail-client-advisor,SENIOR,,34b23caf0a6d611b49625d9f62455f8c,9540,Coach
cmtp6owlo2vg3qq4z4kpw4czk,Supervisor I,US,False,Atlanta,"Atlanta, Georgia, USA (Lenox Square Mall - Kate Spade)",https://tapestry.wd108.myworkdayjobs.com/Tapestry_Careers/job/Atlanta-Georgia-USA-Lenox-Square-Mall---Kate-Spade/Supervisor-I_JR14619,Supervisor-I_JR14619,WORKDAY,2026-09-03T00:00:00,2026-09-06T02:19:51.948,2026-09-06T13:37:50.868,2026-09-07T00:00:00,retail-store-management,MANAGER,,2fc1e21017c4d5e7b82ef230d53c1d3a,11234,Tapestry
cmtp6oxdh2vszqq4z8cohtdhz,Temporary Sales Associate,KR,False,Incheon,"Incheon, KOR(Coh Kr Incheon Hd Songdo Outlet - Coach)",https://tapestry.wd108.myworkdayjobs.com/Tapestry_Careers/job/Incheon-KORCoh-Kr-Incheon-Hd-Songdo-Outlet---Coach/Temporary-Sales-Associate_JR14395,Temporary-Sales-Associate_JR14395,WORKDAY,2026-09-02T00:00:00,2026-09-06T02:19:52.949,2026-09-06T13:37:52.146,2026-09-08T00:00:00,retail-client-advisor,MID,,f62b5f2350a9f291975e0aee016a7449,4611,Coach
cmtp6oxtf2w07qq4z2r98df42,Temporary Sales Associate,KR,False,Coach,"Gyeonggi-Do, KOR(Coh Kr Gyeonggi Ssg Paju Outlet - Coach)",https://tapestry.wd108.myworkdayjobs.com/Tapestry_Careers/job/Gyeonggi-Do-KORCoh-Kr-Gyeonggi-Ssg-Paju-Outlet---Coach/Temporary-Sales-Associate_JR14277,Temporary-Sales-Associate_JR14277,WORKDAY,2026-09-01T00:00:00,2026-09-06T02:19:53.523,2026-09-06T13:37:52.743,2026-09-08T00:00:00,retail-client-advisor,MID,,f62b5f2350a9f291975e0aee016a7449,4611,Coach
cmtp6oy9x2w7fqq4zp6tonr7g,Sales Associate,KR,False,Coh Kr Gyeonggi Lotte Ilsan,"Gyeonggi-Do, KOR(Coh Kr Gyeonggi Lotte Ilsan - Coach)",https://tapestry.wd108.myworkdayjobs.com/Tapestry_Careers/job/Gyeonggi-Do-KORCoh-Kr-Gyeonggi-Lotte-Ilsan---Coach/Sales-Associate_JR14078,Sales-Associate_JR14078,WORKDAY,2026-08-31T00:00:00,2026-09-06T02:19:54.117,2026-09-06T13:37:53.458,2026-09-08T00:00:00,retail-client-advisor,MID,,2a1d9da99d5ab1a8872d610fe95be7fb,4442,Coach
cmtp6oya52w7jqq4zz3qni10j,Sales Associate,KR,False,Séoul,"Seoul, KOR(Coh Kr Seoul Ssg Gangnam 4F - Coach)",https://tapestry.wd108.myworkdayjobs.com/Tapestry_Careers/job/Seoul-KORCoh-Kr-Seoul-Ssg-Gangnam-4F---Coach/Sales-Associate_JR14075,Sales-Associate_JR14075,WORKDAY,2026-08-31T00:00:00,2026-09-06T02:19:54.125,2026-09-06T13:37:53.468,2026-09-08T00:00:00,retail-client-advisor,MID,,2a1d9da99d5ab1a8872d610fe95be7fb,4442,Coach
cmtp6oybb2w83qq4zmdujpusv,Sales Associate,KR,False,Séoul,"Seoul, KOR(Coh Kr Seoul Lotte Nowon - Coach)",https://tapestry.wd108.myworkdayjobs.com/Tapestry_Careers/job/Seoul-KORCoh-Kr-Seoul-Lotte-Nowon---Coach/Sales-Associate_JR14069,Sales-Associate_JR14069,WORKDAY,2026-08-31T00:00:00,2026-09-06T02:19:54.167,2026-09-06T13:37:53.534,2026-09-08T00:00:00,retail-client-advisor,MID,,2a1d9da99d5ab1a8872d610fe95be7fb,4442,Coach
cmtp6p09z2x13qq4z0vdx2u70,Assistant Store Leader,US,False,Southaven,"Southaven, Mississippi, USA (Tanger Outlets Southaven - Kate Spade)",https://tapestry.wd108.myworkdayjobs.com/Tapestry_Careers/job/Southaven-Mississippi-USA-Tanger-Outlets-Southaven---Kate-Spade/Assistant-Store-Leader_JR13213,Assistant-Store-Leader_JR13213,WORKDAY,2026-08-22T00:00:00,2026-09-06T02:19:56.711,2026-09-06T13:37:56.762,2026-09-07T00:00:00,retail-store-management,MANAGER,,637e95965680f5b88af24efc8c6dc282,10719,Tapestry
cmtp6p0ic2x4fqq4z7wuwt5uq,Sales Associate,GB,False,Cannock,"Cannock, GBR (Coach West Midlands Outlet - Coach)",https://tapestry.wd108.myworkdayjobs.com/Tapestry_Careers/job/Cannock-GBR-Coach-West-Midlands-Outlet---Coach/Sales-Associate_JR13107,Sales-Associate_JR13107,WORKDAY,2026-08-21T00:00:00,2026-09-06T02:19:57.013,2026-09-06T13:37:57.105,2026-09-07T00:00:00,retail-client-advisor,MID,,c0996621e97283f0f14c1eedab3b1b52,9742,Coach
cmtpap7wz0bxsqq4zex98es0o,"Miu Miu Client Advisor, Bal Harbour",US,False,Miami,"Miami, US",https://jobs.pradagroup.com/job/Miami-Miu-Miu-Client-Advisor%2C-Bal-Harbour-OH/1400505533/,1400505533,SUCCESSFACTORS,2026-08-29T02:00:00,2026-09-06T04:12:05.075,2026-09-06T13:13:42.57,2026-09-07T04:00:00,retail-client-advisor,MID,,f949c7424f87bb172e96e53aa877b9c5,3254,Prada Group
cmtpiwd1t0asopf5lxv6pk3hm,Sales Associate - Cheese and Deli (37.5 hours),GB,False,Londres,"London, W1U 1QU",https://jobsearch.selfridges.com/jobs/job/Sales-Associate-Cheese-and-Deli-375-hours/7091,c477479d02da4f453d2bc356cf159f94de2e78b1,GENERIC_JSONLD,2026-08-17T00:00:00,2026-09-06T08:01:35.249,2026-09-06T13:13:20.741,2026-09-06T00:00:00,retail-client-advisor,MID,,646095eff71e4db38790fcf4d7c1a114,2931,Selfridges
cmtpiwd2h0asvpf5lqxuwjwbf,Sales Associate - Christmas Shop (37.5 Hours),GB,False,Londres,"London, W1U 1AT",https://jobsearch.selfridges.com/jobs/job/Sales-Associate-Christmas-Shop-375-Hours/7088,c0f417f7be27283b79ab1bcf174abb57f9e4bbfb,GENERIC_JSONLD,2026-08-14T00:00:00,2026-09-06T08:01:35.273,2026-09-06T13:13:20.748,2026-09-06T00:00:00,retail-client-advisor,MID,,cb1fc861a135978e5dc7261a08264f2b,3025,Selfridges
cmtpiwd9f0au0pf5lhpv6fmzk,Health & Safety Advisor,GB,False,Londres,"London, W1U 1AT",https://jobsearch.selfridges.com/jobs/job/Health-Safety-Advisor/7070,671f91ad6ccefbacf56f9a4eca84f0c256fe8083,GENERIC_JSONLD,2026-08-07T00:00:00,2026-09-06T08:01:35.523,2026-09-06T13:13:20.835,2026-09-06T00:00:00,retail-client-advisor,MID,,d028876b3cad5a44ae8325c9744c9ebd,3217,Selfridges
cmtpiwda30au4pf5lgoy7km5d,Waiter 37.5 (Temp),GB,False,Londres,"London, W1U 1QS",https://jobsearch.selfridges.com/jobs/job/Waiter-375-Temp/7069,39ae1c4a0c30730ca62c1774f6df2cf53aa91544,GENERIC_JSONLD,2026-08-07T00:00:00,2026-09-06T08:01:35.547,2026-09-07T22:02:57.476,2026-09-07T00:00:00,hospitality,MID,,ff0ee5087ee4eb530ae1814d03263034,1638,Selfridges
cmtpiwdd40auopf5las3a0b6y,Department Manager Women's Body Studio,GB,False,Londres,"London, W1A 1AB",https://jobsearch.selfridges.com/jobs/job/Department-Manager-Womens-Body-Studio/6995,ba6b11840b00456123e8aad73fb53e116265dafb,GENERIC_JSONLD,2026-07-13T00:00:00,2026-09-06T08:01:35.656,2026-09-06T13:13:20.891,2026-09-06T00:00:00,retail-store-management,MANAGER,,d41d8cd98f00b204e9800998ecf8427e,,Selfridges
cmtpiwdfs0av4pf5lttg6m64g,Lead Project Manager (Property),GB,False,Londres,"London, W1U 1QS",https://jobsearch.selfridges.com/jobs/job/Lead-Project-Manager-Property/6858,be36be0d50a649ee35038037b4f3fe69e0929f8c,GENERIC_JSONLD,2026-06-03T00:00:00,2026-09-06T08:01:35.752,2026-09-06T13:13:20.946,2026-09-06T00:00:00,strategy-management,SENIOR,,cb8a0ffa87bcd78fb4037e5847940657,6172,Selfridges
cmtpkdu0v48mzpf5lm3oznke3,Stylist,US,False,Grand Junction,"Grand Junction, Colorado",https://careers.ulta.com/jobs/518984?lang=en-us,518984,JIBE,2026-09-01T14:00:00,2026-09-06T08:43:10.016,2026-09-07T22:30:51.292,2026-09-08T04:55:00,beauty-advisor,MID,,0bc699ec70f6950f7b8ec469d15572d8,8925,Ulta Beauty
cmtpkdu9148obpf5ls21op1e7,Beauty Advisor,US,False,Grand Junction,"Grand Junction, Colorado",https://careers.ulta.com/jobs/524003?lang=en-us,524003,JIBE,2026-09-01T13:15:00,2026-09-06T08:43:10.31,2026-09-07T22:30:51.456,2026-09-08T04:55:00,beauty-advisor,MID,,a77b6a575c0cc74beed238f70e018308,7155,Ulta Beauty
cmtpkdu9p48ofpf5lso5je79a,Master Stylist,US,False,Grand Junction,"Grand Junction, Colorado",https://careers.ulta.com/jobs/518986?lang=en-us,518986,JIBE,2026-09-01T13:13:00,2026-09-06T08:43:10.333,2026-09-07T22:30:51.466,2026-09-08T04:55:00,beauty-advisor,SENIOR,,1925f9efff3ef24fe12c52c30359680a,8715,Ulta Beauty
cmtpkduah48ojpf5lehcjlj27,Elite Stylist,US,False,Grand Junction,"Grand Junction, Colorado",https://careers.ulta.com/jobs/518985?lang=en-us,518985,JIBE,2026-09-01T13:13:00,2026-09-06T08:43:10.362,2026-09-07T22:30:51.478,2026-09-08T04:55:00,beauty-advisor,SENIOR,,7263182c77e592c03978644351314a6c,8710,Ulta Beauty
cmtpkdy02498upf5lavi0yavw,Specialty Beauty Advisor - Clinique,US,False,Aurora,"Aurora, Colorado",https://careers.ulta.com/jobs/488976?lang=en-us,488976,JIBE,2026-08-30T22:51:00,2026-09-06T08:43:15.17,2026-09-06T13:39:19.297,2026-09-07T05:55:00,beauty-advisor,MID,,6dadfe6abc8db533d6055d84d82e117b,7852,Ulta Beauty
cmtpkdy0y498ypf5lpbqjflv7,Brow Waxing Expert,US,False,Aurora,"Aurora, Colorado",https://careers.ulta.com/jobs/499780?lang=en-us,499780,JIBE,2026-08-30T22:50:00,2026-09-06T08:43:15.202,2026-09-06T13:39:19.307,2026-09-07T05:55:00,beauty-advisor,MID,,c20daa5bd51260fed0eac2e35a3b4e56,8420,Ulta Beauty
cmtpkdymt49cepf5l2jgmqfnl,Prestige Beauty Advisor,US,False,Grand Junction,"Grand Junction, Colorado",https://careers.ulta.com/jobs/503842?lang=en-us,503842,JIBE,2026-08-29T22:18:00,2026-09-06T08:43:15.989,2026-09-07T22:30:53.878,2026-09-08T02:55:00,beauty-advisor,MID,,96909aafe5bb15b8f9ef2dc46c1e8090,7642,Ulta Beauty
cmtpkecjl4bi0pf5ldki5wulf,Lead Cashier,US,False,Colorado Springs,"Colorado Springs, Colorado",https://careers.ulta.com/jobs/520528?lang=en-us,520528,JIBE,2026-08-21T16:36:00,2026-09-06T08:43:34.018,2026-09-07T22:31:02.321,2026-09-08T06:00:00,retail-operations,SENIOR,,c8aeece4ea056a73d48468f9cde4ad2a,8766,Ulta Beauty
cmtpkeuxf4e5epf5lwao7jsfg,Specialty Artist - MAC,US,False,Daytona Beach,"Daytona Beach, Florida",https://careers.ulta.com/jobs/517090?lang=en-us,517090,JIBE,2026-08-11T15:13:00,2026-09-06T08:43:57.843,2026-09-07T22:31:12.357,2026-09-08T04:00:00,beauty-advisor,MID,,e2f5024bbc8e5ceb50c102dd727c0069,8834,Ulta Beauty
cmtpkgvbx4nd2pf5lrwmulcx9,Prestige Beauty Advisor,US,False,Louisville,"Louisville, Kentucky",https://careers.ulta.com/jobs/498273?lang=en-us,498273,JIBE,2026-06-08T15:39:00,2026-09-06T08:45:31.677,2026-09-06T13:40:14.916,2026-09-07T04:00:00,beauty-advisor,MID,,9424c2db3c7b3043d76f05352cdf30da,6977,Ulta Beauty
