jobId,titre_canonique,pays_canonique,url_canonique,sources
cmtk48pde1fqxny2b25hrrukm,Client Advisor - St. Louis (Plaza Frontenac),US,https://eljs.fa.us2.oraclecloud.com/hcmUI/CandidateExperience/en/sites/CX/job/62441,"[{""url"": ""https://eljs.fa.us2.oraclecloud.com/hcmUI/CandidateExperience/en/sites/CX/job/62441"", ""jobId"": ""cmtk48pde1fqxny2b25hrrukm"", ""title"": ""Client Advisor - St. Louis (Plaza Frontenac)"", ""isActive"": true, ""postedAt"": null, ""sourceKey"": ""lvmh"", ""externalId"": ""62441"", ""lastSeenAt"": ""2026-09-07T22:28:07.935"", ""sourceTier"": ""EMPLOYER_DIRECT"", ""firstSeenAt"": ""2026-09-02T13:12:25.971""}, {""url"": ""https://eljs.fa.us2.oraclecloud.com/hcmUI/CandidateExperience/en/sites/CX/job/63460"", ""jobId"": ""cmtk48pde1fqxny2b25hrrukm"", ""title"": ""Client Advisor, Temporary - St. Louis (Plaza Frontenac)"", ""isActive"": true, ""postedAt"": ""2026-07-22T19:55:09"", ""sourceKey"": ""tiffany-oracle"", ""externalId"": ""63460"", ""lastSeenAt"": ""2026-09-07T22:08:30.391"", ""sourceTier"": ""EMPLOYER_DIRECT"", ""firstSeenAt"": ""2026-09-06T08:08:03.241""}]"
cmtk48j4e1dw6ny2bdchietsk,"Client Advisor, Contact Center - Seasonal",US,https://eljs.fa.us2.oraclecloud.com/hcmUI/CandidateExperience/en/sites/CX/job/63713,"[{""url"": ""https://eljs.fa.us2.oraclecloud.com/hcmUI/CandidateExperience/en/sites/CX/job/63713"", ""jobId"": ""cmtk48j4e1dw6ny2bdchietsk"", ""title"": ""Client Advisor, Contact Center - Seasonal"", ""isActive"": true, ""postedAt"": null, ""sourceKey"": ""lvmh"", ""externalId"": ""63713"", ""lastSeenAt"": ""2026-09-07T22:28:02.398"", ""sourceTier"": ""EMPLOYER_DIRECT"", ""firstSeenAt"": ""2026-09-02T13:12:17.871""}, {""url"": ""https://eljs.fa.us2.oraclecloud.com/hcmUI/CandidateExperience/en/sites/CX/job/61893"", ""jobId"": ""cmtk48j4e1dw6ny2bdchietsk"", ""title"": ""Client Advisor, Contact Center Night Shift (Temp to Perm)"", ""isActive"": true, ""postedAt"": ""2025-09-11T18:51:43"", ""sourceKey"": ""tiffany-oracle"", ""externalId"": ""61893"", ""lastSeenAt"": ""2026-09-07T22:08:28.443"", ""sourceTier"": ""EMPLOYER_DIRECT"", ""firstSeenAt"": ""2026-09-06T08:07:58.81""}]"
cmtk495nl1j2wny2b62johe4v,Banco de Talentos | Client Advisor Cidade Jardim,BR,https://eljs.fa.us2.oraclecloud.com/hcmUI/CandidateExperience/en/sites/CX/job/63545,"[{""url"": ""https://eljs.fa.us2.oraclecloud.com/hcmUI/CandidateExperience/en/sites/CX/job/63545"", ""jobId"": ""cmtk495nl1j2wny2b62johe4v"", ""title"": ""Banco de Talentos | Client Advisor Cidade Jardim"", ""isActive"": true, ""postedAt"": null, ""sourceKey"": ""lvmh"", ""externalId"": ""63545"", ""lastSeenAt"": ""2026-09-07T22:28:21.096"", ""sourceTier"": ""EMPLOYER_DIRECT"", ""firstSeenAt"": ""2026-09-02T13:12:47.073""}, {""url"": ""https://eljs.fa.us2.oraclecloud.com/hcmUI/CandidateExperience/en/sites/CX/job/62761"", ""jobId"": ""cmtk495nl1j2wny2b62johe4v"", ""title"": ""Banco de Talentos | Client Advisor São Paulo"", ""isActive"": true, ""postedAt"": ""2026-03-10T19:17:30"", ""sourceKey"": ""tiffany-oracle"", ""externalId"": ""62761"", ""lastSeenAt"": ""2026-09-07T22:08:29.031"", ""sourceTier"": ""EMPLOYER_DIRECT"", ""firstSeenAt"": ""2026-09-06T08:07:59.966""}]"
cmtlvfkmh0adb3nk509l811lq,Client Advisor - Wailea,US,https://eljs.fa.us2.oraclecloud.com/hcmUI/CandidateExperience/en/sites/CX/job/63681,"[{""url"": ""https://eljs.fa.us2.oraclecloud.com/hcmUI/CandidateExperience/en/sites/CX/job/63681"", ""jobId"": ""cmtlvfkmh0adb3nk509l811lq"", ""title"": ""Client Advisor - Wailea"", ""isActive"": true, ""postedAt"": null, ""sourceKey"": ""lvmh"", ""externalId"": ""63681"", ""lastSeenAt"": ""2026-09-07T22:28:06.543"", ""sourceTier"": ""EMPLOYER_DIRECT"", ""firstSeenAt"": ""2026-09-02T13:12:23.834""}, {""url"": ""https://eljs.fa.us2.oraclecloud.com/hcmUI/CandidateExperience/en/sites/CX/job/63683"", ""jobId"": ""cmtlvfkmh0adb3nk509l811lq"", ""title"": ""Client Advisor - Wailea"", ""isActive"": true, ""postedAt"": ""2026-08-25T20:20:56"", ""sourceKey"": ""tiffany-oracle"", ""externalId"": ""63683"", ""lastSeenAt"": ""2026-09-07T22:08:27.64"", ""sourceTier"": ""EMPLOYER_DIRECT"", ""firstSeenAt"": ""2026-09-06T08:07:57.12""}]"
cmtope7h62n3yqq4zku1rs2gt,Client Advisor - Fort Worth,US,https://eljs.fa.us2.oraclecloud.com/hcmUI/CandidateExperience/en/sites/CX/job/63749,"[{""url"": ""https://eljs.fa.us2.oraclecloud.com/hcmUI/CandidateExperience/en/sites/CX/job/63749"", ""jobId"": ""cmtope7h62n3yqq4zku1rs2gt"", ""title"": ""Client Advisor - Fort Worth"", ""isActive"": true, ""postedAt"": ""2026-09-05T17:18:21"", ""sourceKey"": ""lvmh"", ""externalId"": ""63749"", ""lastSeenAt"": ""2026-09-07T22:27:50.277"", ""sourceTier"": ""EMPLOYER_DIRECT"", ""firstSeenAt"": ""2026-09-05T18:15:39.354""}, {""url"": ""https://eljs.fa.us2.oraclecloud.com/hcmUI/CandidateExperience/en/sites/CX/job/63592"", ""jobId"": ""cmtope7h62n3yqq4zku1rs2gt"", ""title"": ""Client Advisor - Fort Worth"", ""isActive"": true, ""postedAt"": ""2026-08-18T20:31:13"", ""sourceKey"": ""tiffany-oracle"", ""externalId"": ""63592"", ""lastSeenAt"": ""2026-09-07T22:08:31.117"", ""sourceTier"": ""EMPLOYER_DIRECT"", ""firstSeenAt"": ""2026-09-06T08:08:05.025""}]"
cmtlvgh1g0au53nk5t1xkgf26,"Client Advisor - La Jolla, UTC (Mandarin Speaker)",US,https://eljs.fa.us2.oraclecloud.com/hcmUI/CandidateExperience/en/sites/CX/job/63444,"[{""url"": ""https://eljs.fa.us2.oraclecloud.com/hcmUI/CandidateExperience/en/sites/CX/job/63444"", ""jobId"": ""cmtlvgh1g0au53nk5t1xkgf26"", ""title"": ""Client Advisor - La Jolla, UTC (Mandarin Speaker)"", ""isActive"": true, ""postedAt"": null, ""sourceKey"": ""lvmh"", ""externalId"": ""63444"", ""lastSeenAt"": ""2026-09-07T22:28:31.719"", ""sourceTier"": ""EMPLOYER_DIRECT"", ""firstSeenAt"": ""2026-09-02T13:13:04.816""}, {""url"": ""https://eljs.fa.us2.oraclecloud.com/hcmUI/CandidateExperience/en/sites/CX/job/61360"", ""jobId"": ""cmtlvgh1g0au53nk5t1xkgf26"", ""title"": ""Client Advisor- La Jolla, UTC"", ""isActive"": true, ""postedAt"": ""2025-11-18T15:10:17"", ""sourceKey"": ""tiffany-oracle"", ""externalId"": ""61360"", ""lastSeenAt"": ""2026-09-07T22:08:28.247"", ""sourceTier"": ""EMPLOYER_DIRECT"", ""firstSeenAt"": ""2026-09-06T08:07:58.481""}]"
cmtk48s5j1gj1ny2b5cxpxoc3,"Client Advisor, Full-Time, Yorkdale",CA,https://eljs.fa.us2.oraclecloud.com/hcmUI/CandidateExperience/en/sites/CX/job/62928,"[{""url"": ""https://eljs.fa.us2.oraclecloud.com/hcmUI/CandidateExperience/en/sites/CX/job/62928"", ""jobId"": ""cmtk48s5j1gj1ny2b5cxpxoc3"", ""title"": ""Client Advisor, Full-Time, Yorkdale"", ""isActive"": true, ""postedAt"": null, ""sourceKey"": ""lvmh"", ""externalId"": ""62928"", ""lastSeenAt"": ""2026-09-07T22:28:10.397"", ""sourceTier"": ""EMPLOYER_DIRECT"", ""firstSeenAt"": ""2026-09-02T13:12:29.575""}, {""url"": ""https://eljs.fa.us2.oraclecloud.com/hcmUI/CandidateExperience/en/sites/CX/job/63537"", ""jobId"": ""cmtk48s5j1gj1ny2b5cxpxoc3"", ""title"": ""Client Advisor Contact Centre, Full-Time, Toronto Bloor Street"", ""isActive"": true, ""postedAt"": ""2026-08-06T19:22:38"", ""sourceKey"": ""tiffany-oracle"", ""externalId"": ""63537"", ""lastSeenAt"": ""2026-09-07T22:08:30.76"", ""sourceTier"": ""EMPLOYER_DIRECT"", ""firstSeenAt"": ""2026-09-06T08:08:04.087""}]"
cmtk48p8o1fozny2by5hxwepm,Store Manager - Istanbul,TR,https://eljs.fa.us2.oraclecloud.com/hcmUI/CandidateExperience/en/sites/CX/job/63646,"[{""url"": ""https://eljs.fa.us2.oraclecloud.com/hcmUI/CandidateExperience/en/sites/CX/job/63646"", ""jobId"": ""cmtk48p8o1fozny2by5hxwepm"", ""title"": ""Store Manager - Istanbul"", ""isActive"": true, ""postedAt"": null, ""sourceKey"": ""lvmh"", ""externalId"": ""63646"", ""lastSeenAt"": ""2026-09-07T22:28:07.792"", ""sourceTier"": ""EMPLOYER_DIRECT"", ""firstSeenAt"": ""2026-09-02T13:12:25.801""}, {""url"": ""https://eljs.fa.us2.oraclecloud.com/hcmUI/CandidateExperience/en/sites/CX/job/63254"", ""jobId"": ""cmtk48p8o1fozny2by5hxwepm"", ""title"": ""Team Manager (Assistant Store Manager) | Istanbul Istinye Park"", ""isActive"": true, ""postedAt"": ""2026-06-16T09:53:55"", ""sourceKey"": ""tiffany-oracle"", ""externalId"": ""63254"", ""lastSeenAt"": ""2026-09-07T22:08:29.747"", ""sourceTier"": ""EMPLOYER_DIRECT"", ""firstSeenAt"": ""2026-09-06T08:08:01.771""}]"
cmtlvfnim0aer3nk5gzq9cltj,Team Manager (Assistant Store Manager) | Istanbul Istinye Park,TR,https://eljs.fa.us2.oraclecloud.com/hcmUI/CandidateExperience/en/sites/CX/job/63254,"[{""url"": ""https://eljs.fa.us2.oraclecloud.com/hcmUI/CandidateExperience/en/sites/CX/job/63254"", ""jobId"": ""cmtlvfnim0aer3nk5gzq9cltj"", ""title"": ""Team Manager (Assistant Store Manager) | Istanbul Istinye Park"", ""isActive"": true, ""postedAt"": null, ""sourceKey"": ""lvmh"", ""externalId"": ""63254"", ""lastSeenAt"": ""2026-09-07T22:28:37.813"", ""sourceTier"": ""EMPLOYER_DIRECT"", ""firstSeenAt"": ""2026-09-02T13:13:18.821""}, {""url"": ""https://eljs.fa.us2.oraclecloud.com/hcmUI/CandidateExperience/en/sites/CX/job/63646"", ""jobId"": ""cmtlvfnim0aer3nk5gzq9cltj"", ""title"": ""Store Manager - Istanbul"", ""isActive"": true, ""postedAt"": ""2026-08-24T18:36:51"", ""sourceKey"": ""tiffany-oracle"", ""externalId"": ""63646"", ""lastSeenAt"": ""2026-09-07T22:08:27.319"", ""sourceTier"": ""EMPLOYER_DIRECT"", ""firstSeenAt"": ""2026-09-06T08:07:56.532""}]"
cmtlvh5t30b853nk5g8xgjgjy,Client Advisor-Rockefeller Center (Mandarin Speaker),US,https://eljs.fa.us2.oraclecloud.com/hcmUI/CandidateExperience/en/sites/CX/job/60969,"[{""url"": ""https://eljs.fa.us2.oraclecloud.com/hcmUI/CandidateExperience/en/sites/CX/job/60969"", ""jobId"": ""cmtlvh5t30b853nk5g8xgjgjy"", ""title"": ""Client Advisor-Rockefeller Center (Mandarin Speaker)"", ""isActive"": true, ""postedAt"": null, ""sourceKey"": ""lvmh"", ""externalId"": ""60969"", ""lastSeenAt"": ""2026-09-07T22:28:39.44"", ""sourceTier"": ""EMPLOYER_DIRECT"", ""firstSeenAt"": ""2026-09-02T13:13:21.307""}, {""url"": ""https://eljs.fa.us2.oraclecloud.com/hcmUI/CandidateExperience/en/sites/CX/job/59606"", ""jobId"": ""cmtlvh5t30b853nk5g8xgjgjy"", ""title"": ""Client Advisor-Manhasset"", ""isActive"": true, ""postedAt"": ""2026-06-02T13:37:03"", ""sourceKey"": ""tiffany-oracle"", ""externalId"": ""59606"", ""lastSeenAt"": ""2026-09-07T22:08:28.037"", ""sourceTier"": ""EMPLOYER_DIRECT"", ""firstSeenAt"": ""2026-09-06T08:07:58.017""}]"
cmtrsla9p1610pg5mo0wtb1id,Senior Client Advisor | Full-time | Gold Coast,FR,https://eljs.fa.us2.oraclecloud.com/hcmUI/CandidateExperience/en/sites/CX/job/63763,"[{""url"": ""https://eljs.fa.us2.oraclecloud.com/hcmUI/CandidateExperience/en/sites/CX/job/63762"", ""jobId"": ""cmtrsla9p1610pg5mo0wtb1id"", ""title"": ""Senior Client Advisor | Full-time | Gold Coast"", ""isActive"": true, ""postedAt"": ""2026-09-07T02:18:35"", ""sourceKey"": ""tiffany-oracle"", ""externalId"": ""63762"", ""lastSeenAt"": ""2026-09-07T22:08:26.922"", ""sourceTier"": ""EMPLOYER_DIRECT"", ""firstSeenAt"": ""2026-09-07T22:08:26.942""}, {""url"": ""https://eljs.fa.us2.oraclecloud.com/hcmUI/CandidateExperience/en/sites/CX/job/63763"", ""jobId"": ""cmtrsla9p1610pg5mo0wtb1id"", ""title"": ""CDD - Client Advisor (F/H) - Paris"", ""isActive"": true, ""postedAt"": ""2026-09-07T12:10:16"", ""sourceKey"": ""lvmh"", ""externalId"": ""63763"", ""lastSeenAt"": ""2026-09-07T22:27:47.167"", ""sourceTier"": ""EMPLOYER_DIRECT"", ""firstSeenAt"": ""2026-09-07T22:27:47.189""}]"
cmtrslaab1615pg5m8dosnymn,CDD - Client Advisor (F/H) - Paris,AU,https://eljs.fa.us2.oraclecloud.com/hcmUI/CandidateExperience/en/sites/CX/job/63762,"[{""url"": ""https://eljs.fa.us2.oraclecloud.com/hcmUI/CandidateExperience/en/sites/CX/job/63763"", ""jobId"": ""cmtrslaab1615pg5m8dosnymn"", ""title"": ""CDD - Client Advisor (F/H) - Paris"", ""isActive"": true, ""postedAt"": ""2026-09-07T12:10:16"", ""sourceKey"": ""tiffany-oracle"", ""externalId"": ""63763"", ""lastSeenAt"": ""2026-09-07T22:08:26.947"", ""sourceTier"": ""EMPLOYER_DIRECT"", ""firstSeenAt"": ""2026-09-07T22:08:26.963""}, {""url"": ""https://eljs.fa.us2.oraclecloud.com/hcmUI/CandidateExperience/en/sites/CX/job/63762"", ""jobId"": ""cmtrslaab1615pg5m8dosnymn"", ""title"": ""Senior Client Advisor | Full-time | Gold Coast"", ""isActive"": true, ""postedAt"": ""2026-09-07T02:18:35"", ""sourceKey"": ""lvmh"", ""externalId"": ""63762"", ""lastSeenAt"": ""2026-09-07T22:27:47.626"", ""sourceTier"": ""EMPLOYER_DIRECT"", ""firstSeenAt"": ""2026-09-07T22:27:47.644""}]"
cmtlvhdp20bc53nk58l7vfcry,Client Advisor - Mandarin Speaking - Atlanta Lenox,US,https://eljs.fa.us2.oraclecloud.com/hcmUI/CandidateExperience/en/sites/CX/job/58678,"[{""url"": ""https://eljs.fa.us2.oraclecloud.com/hcmUI/CandidateExperience/en/sites/CX/job/61596"", ""jobId"": ""cmtlvhdp20bc53nk58l7vfcry"", ""title"": ""Client Advisor - Atlanta Lenox"", ""isActive"": true, ""postedAt"": ""2025-07-25T15:22:00"", ""sourceKey"": ""tiffany-oracle"", ""externalId"": ""61596"", ""lastSeenAt"": ""2026-09-07T22:08:28.335"", ""sourceTier"": ""EMPLOYER_DIRECT"", ""firstSeenAt"": ""2026-09-06T08:07:58.643""}, {""url"": ""https://eljs.fa.us2.oraclecloud.com/hcmUI/CandidateExperience/en/sites/CX/job/58678"", ""jobId"": ""cmtlvhdp20bc53nk58l7vfcry"", ""title"": ""Client Advisor - Mandarin Speaking - Atlanta Lenox"", ""isActive"": true, ""postedAt"": null, ""sourceKey"": ""lvmh"", ""externalId"": ""58678"", ""lastSeenAt"": ""2026-09-07T22:28:46.964"", ""sourceTier"": ""EMPLOYER_DIRECT"", ""firstSeenAt"": ""2026-09-02T13:13:35.134""}]"
cmtlvha9h0baj3nk511yko6ep,Senior Client Advisor | Full-time | Sydney Westfield,AU,https://eljs.fa.us2.oraclecloud.com/hcmUI/CandidateExperience/en/sites/CX/job/62523,"[{""url"": ""https://eljs.fa.us2.oraclecloud.com/hcmUI/CandidateExperience/en/sites/CX/job/62523"", ""jobId"": ""cmtlvha9h0baj3nk511yko6ep"", ""title"": ""Senior Client Advisor | Full-time | Sydney Westfield"", ""isActive"": true, ""postedAt"": null, ""sourceKey"": ""lvmh"", ""externalId"": ""62523"", ""lastSeenAt"": ""2026-09-07T22:28:42.896"", ""sourceTier"": ""EMPLOYER_DIRECT"", ""firstSeenAt"": ""2026-09-02T13:13:27.2""}, {""url"": ""https://eljs.fa.us2.oraclecloud.com/hcmUI/CandidateExperience/en/sites/CX/job/63117"", ""jobId"": ""cmtlvha9h0baj3nk511yko6ep"", ""title"": ""Client Advisor | Opportunities across the Sydney Market"", ""isActive"": true, ""postedAt"": ""2026-05-20T01:13:24"", ""sourceKey"": ""tiffany-oracle"", ""externalId"": ""63117"", ""lastSeenAt"": ""2026-09-07T22:08:29.537"", ""sourceTier"": ""EMPLOYER_DIRECT"", ""firstSeenAt"": ""2026-09-06T08:08:01.298""}]"
cmtlvh9u30bab3nk5gpw9i8wf,"Client Advisor, Part-Time, Vancouver Oakridge Park",CA,https://eljs.fa.us2.oraclecloud.com/hcmUI/CandidateExperience/en/sites/CX/job/62492,"[{""url"": ""https://eljs.fa.us2.oraclecloud.com/hcmUI/CandidateExperience/en/sites/CX/job/62492"", ""jobId"": ""cmtlvh9u30bab3nk5gpw9i8wf"", ""title"": ""Client Advisor, Part-Time, Vancouver Oakridge Park"", ""isActive"": true, ""postedAt"": null, ""sourceKey"": ""lvmh"", ""externalId"": ""62492"", ""lastSeenAt"": ""2026-09-07T22:28:43.077"", ""sourceTier"": ""EMPLOYER_DIRECT"", ""firstSeenAt"": ""2026-09-02T13:13:27.46""}, {""url"": ""https://eljs.fa.us2.oraclecloud.com/hcmUI/CandidateExperience/en/sites/CX/job/61803"", ""jobId"": ""cmtlvh9u30bab3nk5gpw9i8wf"", ""title"": ""Client Advisor, Full-Time, Vancouver Burrard"", ""isActive"": true, ""postedAt"": ""2026-04-02T13:50:38"", ""sourceKey"": ""tiffany-oracle"", ""externalId"": ""61803"", ""lastSeenAt"": ""2026-09-07T22:08:28.401"", ""sourceTier"": ""EMPLOYER_DIRECT"", ""firstSeenAt"": ""2026-09-06T08:07:58.738""}]"
cmtk49cxj1ku9ny2bfbihsv41,"Client Advisor - Fashion Valley, San Diego",US,https://eljs.fa.us2.oraclecloud.com/hcmUI/CandidateExperience/en/sites/CX/job/62587,"[{""url"": ""https://eljs.fa.us2.oraclecloud.com/hcmUI/CandidateExperience/en/sites/CX/job/62587"", ""jobId"": ""cmtk49cxj1ku9ny2bfbihsv41"", ""title"": ""Client Advisor - Fashion Valley, San Diego"", ""isActive"": true, ""postedAt"": null, ""sourceKey"": ""lvmh"", ""externalId"": ""62587"", ""lastSeenAt"": ""2026-09-07T22:28:26.924"", ""sourceTier"": ""EMPLOYER_DIRECT"", ""firstSeenAt"": ""2026-09-02T13:12:56.504""}, {""url"": ""https://eljs.fa.us2.oraclecloud.com/hcmUI/CandidateExperience/en/sites/CX/job/63444"", ""jobId"": ""cmtk49cxj1ku9ny2bfbihsv41"", ""title"": ""Client Advisor - La Jolla, UTC (Mandarin Speaker)"", ""isActive"": true, ""postedAt"": ""2026-07-20T18:54:43"", ""sourceKey"": ""tiffany-oracle"", ""externalId"": ""63444"", ""lastSeenAt"": ""2026-09-07T22:08:30.296"", ""sourceTier"": ""EMPLOYER_DIRECT"", ""firstSeenAt"": ""2026-09-06T08:08:03.044""}]"
cmtlvfoiv0af93nk5yqd84dac,"Client Advisor, Temporary - St. Louis (Plaza Frontenac)",US,https://eljs.fa.us2.oraclecloud.com/hcmUI/CandidateExperience/en/sites/CX/job/63460,"[{""url"": ""https://eljs.fa.us2.oraclecloud.com/hcmUI/CandidateExperience/en/sites/CX/job/63460"", ""jobId"": ""cmtlvfoiv0af93nk5yqd84dac"", ""title"": ""Client Advisor, Temporary - St. Louis (Plaza Frontenac)"", ""isActive"": true, ""postedAt"": null, ""sourceKey"": ""lvmh"", ""externalId"": ""63460"", ""lastSeenAt"": ""2026-09-07T22:28:30.184"", ""sourceTier"": ""EMPLOYER_DIRECT"", ""firstSeenAt"": ""2026-09-02T13:13:02.209""}, {""url"": ""https://eljs.fa.us2.oraclecloud.com/hcmUI/CandidateExperience/en/sites/CX/job/62441"", ""jobId"": ""cmtlvfoiv0af93nk5yqd84dac"", ""title"": ""Client Advisor - St. Louis (Plaza Frontenac)"", ""isActive"": true, ""postedAt"": ""2026-08-24T15:19:31"", ""sourceKey"": ""tiffany-oracle"", ""externalId"": ""62441"", ""lastSeenAt"": ""2026-09-07T22:08:27.24"", ""sourceTier"": ""EMPLOYER_DIRECT"", ""firstSeenAt"": ""2026-09-06T08:07:56.297""}]"
cmtlvhdmf0bc33nk59079fowe,Client Advisor - Atlanta Lenox,US,https://eljs.fa.us2.oraclecloud.com/hcmUI/CandidateExperience/en/sites/CX/job/61596,"[{""url"": ""https://eljs.fa.us2.oraclecloud.com/hcmUI/CandidateExperience/en/sites/CX/job/61596"", ""jobId"": ""cmtlvhdmf0bc33nk59079fowe"", ""title"": ""Client Advisor - Atlanta Lenox"", ""isActive"": true, ""postedAt"": null, ""sourceKey"": ""lvmh"", ""externalId"": ""61596"", ""lastSeenAt"": ""2026-09-07T22:28:44.995"", ""sourceTier"": ""EMPLOYER_DIRECT"", ""firstSeenAt"": ""2026-09-02T13:13:30.8""}, {""url"": ""https://eljs.fa.us2.oraclecloud.com/hcmUI/CandidateExperience/en/sites/CX/job/58678"", ""jobId"": ""cmtlvhdmf0bc33nk59079fowe"", ""title"": ""Client Advisor - Mandarin Speaking - Atlanta Lenox"", ""isActive"": true, ""postedAt"": ""2024-02-21T17:43:45"", ""sourceKey"": ""tiffany-oracle"", ""externalId"": ""58678"", ""lastSeenAt"": ""2026-09-07T22:08:27.921"", ""sourceTier"": ""EMPLOYER_DIRECT"", ""firstSeenAt"": ""2026-09-06T08:07:57.701""}]"
cmtk48w1u1h73ny2bxybvsp2q,Client Advisor - Fort Worth,US,https://eljs.fa.us2.oraclecloud.com/hcmUI/CandidateExperience/en/sites/CX/job/63592,"[{""url"": ""https://eljs.fa.us2.oraclecloud.com/hcmUI/CandidateExperience/en/sites/CX/job/63592"", ""jobId"": ""cmtk48w1u1h73ny2bxybvsp2q"", ""title"": ""Client Advisor - Fort Worth"", ""isActive"": true, ""postedAt"": null, ""sourceKey"": ""lvmh"", ""externalId"": ""63592"", ""lastSeenAt"": ""2026-09-07T22:28:12.832"", ""sourceTier"": ""EMPLOYER_DIRECT"", ""firstSeenAt"": ""2026-09-02T13:12:34.626""}, {""url"": ""https://eljs.fa.us2.oraclecloud.com/hcmUI/CandidateExperience/en/sites/CX/job/63749"", ""jobId"": ""cmtk48w1u1h73ny2bxybvsp2q"", ""title"": ""Client Advisor - Fort Worth"", ""isActive"": true, ""postedAt"": ""2026-09-05T17:18:21"", ""sourceKey"": ""tiffany-oracle"", ""externalId"": ""63749"", ""lastSeenAt"": ""2026-09-07T22:08:26.816"", ""sourceTier"": ""EMPLOYER_DIRECT"", ""firstSeenAt"": ""2026-09-06T08:07:55.518""}]"
cmtk49vi91ol5ny2bomvlbsze,Client Advisor - White Plains (Spanish Speaker),US,https://eljs.fa.us2.oraclecloud.com/hcmUI/CandidateExperience/en/sites/CX/job/63208,"[{""url"": ""https://eljs.fa.us2.oraclecloud.com/hcmUI/CandidateExperience/en/sites/CX/job/63208"", ""jobId"": ""cmtk49vi91ol5ny2bomvlbsze"", ""title"": ""Client Advisor - White Plains (Spanish Speaker)"", ""isActive"": true, ""postedAt"": null, ""sourceKey"": ""lvmh"", ""externalId"": ""63208"", ""lastSeenAt"": ""2026-09-07T22:28:38.909"", ""sourceTier"": ""EMPLOYER_DIRECT"", ""firstSeenAt"": ""2026-09-02T13:13:20.578""}, {""url"": ""https://eljs.fa.us2.oraclecloud.com/hcmUI/CandidateExperience/en/sites/CX/job/61466"", ""jobId"": ""cmtk49vi91ol5ny2bomvlbsze"", ""title"": ""Client Advisor - White Plains"", ""isActive"": true, ""postedAt"": ""2026-06-03T19:27:37"", ""sourceKey"": ""tiffany-oracle"", ""externalId"": ""61466"", ""lastSeenAt"": ""2026-09-07T22:08:28.276"", ""sourceTier"": ""EMPLOYER_DIRECT"", ""firstSeenAt"": ""2026-09-06T08:07:58.536""}]"
cmtlvha330baf3nk5yqbojxds,Client Advisor | Opportunities across the Sydney Market,AU,https://eljs.fa.us2.oraclecloud.com/hcmUI/CandidateExperience/en/sites/CX/job/63117,"[{""url"": ""https://eljs.fa.us2.oraclecloud.com/hcmUI/CandidateExperience/en/sites/CX/job/63117"", ""jobId"": ""cmtlvha330baf3nk5yqbojxds"", ""title"": ""Client Advisor | Opportunities across the Sydney Market"", ""isActive"": true, ""postedAt"": null, ""sourceKey"": ""lvmh"", ""externalId"": ""63117"", ""lastSeenAt"": ""2026-09-07T22:28:39.922"", ""sourceTier"": ""EMPLOYER_DIRECT"", ""firstSeenAt"": ""2026-09-02T13:13:22.023""}, {""url"": ""https://eljs.fa.us2.oraclecloud.com/hcmUI/CandidateExperience/en/sites/CX/job/62523"", ""jobId"": ""cmtlvha330baf3nk5yqbojxds"", ""title"": ""Senior Client Advisor | Full-time | Sydney Westfield"", ""isActive"": true, ""postedAt"": ""2026-01-20T05:58:11"", ""sourceKey"": ""tiffany-oracle"", ""externalId"": ""62523"", ""lastSeenAt"": ""2026-09-07T22:08:28.866"", ""sourceTier"": ""EMPLOYER_DIRECT"", ""firstSeenAt"": ""2026-09-06T08:07:59.638""}]"
cmtk49xqh1p3cny2bp0frvoz1,Client Advisor- Waikiki,US,https://eljs.fa.us2.oraclecloud.com/hcmUI/CandidateExperience/en/sites/CX/job/63035,"[{""url"": ""https://eljs.fa.us2.oraclecloud.com/hcmUI/CandidateExperience/en/sites/CX/job/63035"", ""jobId"": ""cmtk49xqh1p3cny2bp0frvoz1"", ""title"": ""Client Advisor- Waikiki"", ""isActive"": true, ""postedAt"": null, ""sourceKey"": ""lvmh"", ""externalId"": ""63035"", ""lastSeenAt"": ""2026-09-07T22:28:40.677"", ""sourceTier"": ""EMPLOYER_DIRECT"", ""firstSeenAt"": ""2026-09-02T13:13:23.466""}, {""url"": ""https://eljs.fa.us2.oraclecloud.com/hcmUI/CandidateExperience/en/sites/CX/job/63034"", ""jobId"": ""cmtk49xqh1p3cny2bp0frvoz1"", ""title"": ""Client Advisor- Ala Moana"", ""isActive"": true, ""postedAt"": ""2026-05-04T19:17:42"", ""sourceKey"": ""tiffany-oracle"", ""externalId"": ""63034"", ""lastSeenAt"": ""2026-09-07T22:08:29.41"", ""sourceTier"": ""EMPLOYER_DIRECT"", ""firstSeenAt"": ""2026-09-06T08:08:01.001""}]"
cmtlvhcm50bbn3nk5tmqstsbr,Client Advisor- Ala Moana,US,https://eljs.fa.us2.oraclecloud.com/hcmUI/CandidateExperience/en/sites/CX/job/63034,"[{""url"": ""https://eljs.fa.us2.oraclecloud.com/hcmUI/CandidateExperience/en/sites/CX/job/63034"", ""jobId"": ""cmtlvhcm50bbn3nk5tmqstsbr"", ""title"": ""Client Advisor- Ala Moana"", ""isActive"": true, ""postedAt"": null, ""sourceKey"": ""lvmh"", ""externalId"": ""63034"", ""lastSeenAt"": ""2026-09-07T22:28:40.687"", ""sourceTier"": ""EMPLOYER_DIRECT"", ""firstSeenAt"": ""2026-09-02T13:13:23.474""}, {""url"": ""https://eljs.fa.us2.oraclecloud.com/hcmUI/CandidateExperience/en/sites/CX/job/63035"", ""jobId"": ""cmtlvhcm50bbn3nk5tmqstsbr"", ""title"": ""Client Advisor- Waikiki"", ""isActive"": true, ""postedAt"": ""2026-05-04T19:21:23"", ""sourceKey"": ""tiffany-oracle"", ""externalId"": ""63035"", ""lastSeenAt"": ""2026-09-07T22:08:29.422"", ""sourceTier"": ""EMPLOYER_DIRECT"", ""firstSeenAt"": ""2026-09-06T08:08:01.025""}]"
cmtlvh5y60b873nk5q6wj6jfs,Client Advisor (Part Time) - The Landmark,US,https://eljs.fa.us2.oraclecloud.com/hcmUI/CandidateExperience/en/sites/CX/job/63031,"[{""url"": ""https://eljs.fa.us2.oraclecloud.com/hcmUI/CandidateExperience/en/sites/CX/job/63031"", ""jobId"": ""cmtlvh5y60b873nk5q6wj6jfs"", ""title"": ""Client Advisor (Part Time) - The Landmark"", ""isActive"": true, ""postedAt"": null, ""sourceKey"": ""lvmh"", ""externalId"": ""63031"", ""lastSeenAt"": ""2026-09-07T22:28:40.699"", ""sourceTier"": ""EMPLOYER_DIRECT"", ""firstSeenAt"": ""2026-09-02T13:13:23.51""}, {""url"": ""https://eljs.fa.us2.oraclecloud.com/hcmUI/CandidateExperience/en/sites/CX/job/60969"", ""jobId"": ""cmtlvh5y60b873nk5q6wj6jfs"", ""title"": ""Client Advisor-Rockefeller Center (Mandarin Speaker)"", ""isActive"": true, ""postedAt"": ""2026-05-28T17:14:42"", ""sourceKey"": ""tiffany-oracle"", ""externalId"": ""60969"", ""lastSeenAt"": ""2026-09-07T22:08:28.148"", ""sourceTier"": ""EMPLOYER_DIRECT"", ""firstSeenAt"": ""2026-09-06T08:07:58.249""}]"
cmtlvh9ro0ba93nk5zogec5ef,"Client Advisor, Full-Time, Vancouver Burrard",CA,https://eljs.fa.us2.oraclecloud.com/hcmUI/CandidateExperience/en/sites/CX/job/61803,"[{""url"": ""https://eljs.fa.us2.oraclecloud.com/hcmUI/CandidateExperience/en/sites/CX/job/61803"", ""jobId"": ""cmtlvh9ro0ba93nk5zogec5ef"", ""title"": ""Client Advisor, Full-Time, Vancouver Burrard"", ""isActive"": true, ""postedAt"": null, ""sourceKey"": ""lvmh"", ""externalId"": ""61803"", ""lastSeenAt"": ""2026-09-07T22:28:41.536"", ""sourceTier"": ""EMPLOYER_DIRECT"", ""firstSeenAt"": ""2026-09-02T13:13:24.721""}, {""url"": ""https://eljs.fa.us2.oraclecloud.com/hcmUI/CandidateExperience/en/sites/CX/job/60552"", ""jobId"": ""cmtlvh9ro0ba93nk5zogec5ef"", ""title"": ""Client Advisor, Full-Time, Vancouver Oakridge Park"", ""isActive"": true, ""postedAt"": ""2025-01-13T18:08:27"", ""sourceKey"": ""tiffany-oracle"", ""externalId"": ""60552"", ""lastSeenAt"": ""2026-09-07T22:08:28.095"", ""sourceTier"": ""EMPLOYER_DIRECT"", ""firstSeenAt"": ""2026-09-06T08:07:58.131""}]"
cmtlvgaie0aqv3nk57apmube9,Banco de Talentos | Client Advisor São Paulo,BR,https://eljs.fa.us2.oraclecloud.com/hcmUI/CandidateExperience/en/sites/CX/job/62761,"[{""url"": ""https://eljs.fa.us2.oraclecloud.com/hcmUI/CandidateExperience/en/sites/CX/job/62761"", ""jobId"": ""cmtlvgaie0aqv3nk57apmube9"", ""title"": ""Banco de Talentos | Client Advisor São Paulo"", ""isActive"": true, ""postedAt"": null, ""sourceKey"": ""lvmh"", ""externalId"": ""62761"", ""lastSeenAt"": ""2026-09-07T22:28:41.995"", ""sourceTier"": ""EMPLOYER_DIRECT"", ""firstSeenAt"": ""2026-09-02T13:13:25.559""}, {""url"": ""https://eljs.fa.us2.oraclecloud.com/hcmUI/CandidateExperience/en/sites/CX/job/63545"", ""jobId"": ""cmtlvgaie0aqv3nk57apmube9"", ""title"": ""Banco de Talentos | Client Advisor Cidade Jardim"", ""isActive"": true, ""postedAt"": ""2026-08-10T14:43:24"", ""sourceKey"": ""tiffany-oracle"", ""externalId"": ""63545"", ""lastSeenAt"": ""2026-09-07T22:08:30.795"", ""sourceTier"": ""EMPLOYER_DIRECT"", ""firstSeenAt"": ""2026-09-06T08:08:04.148""}]"
cmtk49rid1nqvny2bw7hzxast,Client Advisor-Rockefeller Center,US,https://eljs.fa.us2.oraclecloud.com/hcmUI/CandidateExperience/en/sites/CX/job/58927,"[{""url"": ""https://eljs.fa.us2.oraclecloud.com/hcmUI/CandidateExperience/en/sites/CX/job/58927"", ""jobId"": ""cmtk49rid1nqvny2bw7hzxast"", ""title"": ""Client Advisor-Rockefeller Center"", ""isActive"": true, ""postedAt"": null, ""sourceKey"": ""lvmh"", ""externalId"": ""58927"", ""lastSeenAt"": ""2026-09-07T22:28:36.258"", ""sourceTier"": ""EMPLOYER_DIRECT"", ""firstSeenAt"": ""2026-09-02T13:13:15.397""}, {""url"": ""https://eljs.fa.us2.oraclecloud.com/hcmUI/CandidateExperience/en/sites/CX/job/63031"", ""jobId"": ""cmtk49rid1nqvny2bw7hzxast"", ""title"": ""Client Advisor (Part Time) - The Landmark"", ""isActive"": true, ""postedAt"": ""2026-05-04T15:36:55"", ""sourceKey"": ""tiffany-oracle"", ""externalId"": ""63031"", ""lastSeenAt"": ""2026-09-07T22:08:29.395"", ""sourceTier"": ""EMPLOYER_DIRECT"", ""firstSeenAt"": ""2026-09-06T08:08:00.976""}]"
cmtlvg3rp0an73nk5tukp9xq9,PT Client Advisor - Coral Gables,US,https://eljs.fa.us2.oraclecloud.com/hcmUI/CandidateExperience/en/sites/CX/job/62701,"[{""url"": ""https://eljs.fa.us2.oraclecloud.com/hcmUI/CandidateExperience/en/sites/CX/job/62701"", ""jobId"": ""cmtlvg3rp0an73nk5tukp9xq9"", ""title"": ""PT Client Advisor - Coral Gables"", ""isActive"": true, ""postedAt"": null, ""sourceKey"": ""lvmh"", ""externalId"": ""62701"", ""lastSeenAt"": ""2026-09-07T22:28:42.246"", ""sourceTier"": ""EMPLOYER_DIRECT"", ""firstSeenAt"": ""2026-09-02T13:13:26.082""}, {""url"": ""https://eljs.fa.us2.oraclecloud.com/hcmUI/CandidateExperience/en/sites/CX/job/63572"", ""jobId"": ""cmtlvg3rp0an73nk5tukp9xq9"", ""title"": ""Client Advisor - Coral Gables"", ""isActive"": true, ""postedAt"": ""2026-08-14T21:01:44"", ""sourceKey"": ""tiffany-oracle"", ""externalId"": ""63572"", ""lastSeenAt"": ""2026-09-07T22:08:30.942"", ""sourceTier"": ""EMPLOYER_DIRECT"", ""firstSeenAt"": ""2026-09-06T08:08:04.505""}]"
cmtlvgh440au73nk5k0cck4sj,"Client Advisor- La Jolla, UTC",US,https://eljs.fa.us2.oraclecloud.com/hcmUI/CandidateExperience/en/sites/CX/job/61360,"[{""url"": ""https://eljs.fa.us2.oraclecloud.com/hcmUI/CandidateExperience/en/sites/CX/job/61360"", ""jobId"": ""cmtlvgh440au73nk5k0cck4sj"", ""title"": ""Client Advisor- La Jolla, UTC"", ""isActive"": true, ""postedAt"": null, ""sourceKey"": ""lvmh"", ""externalId"": ""61360"", ""lastSeenAt"": ""2026-09-07T22:28:44.249"", ""sourceTier"": ""EMPLOYER_DIRECT"", ""firstSeenAt"": ""2026-09-02T13:13:29.388""}, {""url"": ""https://eljs.fa.us2.oraclecloud.com/hcmUI/CandidateExperience/en/sites/CX/job/62587"", ""jobId"": ""cmtlvgh440au73nk5k0cck4sj"", ""title"": ""Client Advisor - Fashion Valley, San Diego"", ""isActive"": true, ""postedAt"": ""2026-07-28T22:27:25"", ""sourceKey"": ""tiffany-oracle"", ""externalId"": ""62587"", ""lastSeenAt"": ""2026-09-07T22:08:28.889"", ""sourceTier"": ""EMPLOYER_DIRECT"", ""firstSeenAt"": ""2026-09-06T08:07:59.687""}]"
cmtk492d21i3iny2byrmg9jrx,Client Advisor - Coral Gables,US,https://eljs.fa.us2.oraclecloud.com/hcmUI/CandidateExperience/en/sites/CX/job/63572,"[{""url"": ""https://eljs.fa.us2.oraclecloud.com/hcmUI/CandidateExperience/en/sites/CX/job/63572"", ""jobId"": ""cmtk492d21i3iny2byrmg9jrx"", ""title"": ""Client Advisor - Coral Gables"", ""isActive"": true, ""postedAt"": null, ""sourceKey"": ""lvmh"", ""externalId"": ""63572"", ""lastSeenAt"": ""2026-09-07T22:28:16.7"", ""sourceTier"": ""EMPLOYER_DIRECT"", ""firstSeenAt"": ""2026-09-02T13:12:42.807""}, {""url"": ""https://eljs.fa.us2.oraclecloud.com/hcmUI/CandidateExperience/en/sites/CX/job/62701"", ""jobId"": ""cmtk492d21i3iny2byrmg9jrx"", ""title"": ""PT Client Advisor - Coral Gables"", ""isActive"": true, ""postedAt"": ""2026-02-24T18:08:18"", ""sourceKey"": ""tiffany-oracle"", ""externalId"": ""62701"", ""lastSeenAt"": ""2026-09-07T22:08:28.966"", ""sourceTier"": ""EMPLOYER_DIRECT"", ""firstSeenAt"": ""2026-09-06T08:07:59.882""}]"
cmtlvfv6a0ait3nk52gukokwf,"Client Advisor Contact Centre, Full-Time, Toronto Bloor Street",CA,https://eljs.fa.us2.oraclecloud.com/hcmUI/CandidateExperience/en/sites/CX/job/63537,"[{""url"": ""https://eljs.fa.us2.oraclecloud.com/hcmUI/CandidateExperience/en/sites/CX/job/63537"", ""jobId"": ""cmtlvfv6a0ait3nk52gukokwf"", ""title"": ""Client Advisor Contact Centre, Full-Time, Toronto Bloor Street"", ""isActive"": true, ""postedAt"": null, ""sourceKey"": ""lvmh"", ""externalId"": ""63537"", ""lastSeenAt"": ""2026-09-07T22:28:22.437"", ""sourceTier"": ""EMPLOYER_DIRECT"", ""firstSeenAt"": ""2026-09-02T13:12:49.064""}, {""url"": ""https://eljs.fa.us2.oraclecloud.com/hcmUI/CandidateExperience/en/sites/CX/job/62928"", ""jobId"": ""cmtlvfv6a0ait3nk52gukokwf"", ""title"": ""Client Advisor, Full-Time, Yorkdale"", ""isActive"": true, ""postedAt"": ""2026-08-20T15:03:06"", ""sourceKey"": ""tiffany-oracle"", ""externalId"": ""62928"", ""lastSeenAt"": ""2026-09-07T22:08:29.3"", ""sourceTier"": ""EMPLOYER_DIRECT"", ""firstSeenAt"": ""2026-09-06T08:08:00.709""}]"
cmtlvg9qu0aqh3nk57vy2ugoc,"Client Advisor-Full Time-Natick, MA",US,https://eljs.fa.us2.oraclecloud.com/hcmUI/CandidateExperience/en/sites/CX/job/63351,"[{""url"": ""https://eljs.fa.us2.oraclecloud.com/hcmUI/CandidateExperience/en/sites/CX/job/63351"", ""jobId"": ""cmtlvg9qu0aqh3nk57vy2ugoc"", ""title"": ""Client Advisor-Full Time-Natick, MA"", ""isActive"": true, ""postedAt"": null, ""sourceKey"": ""lvmh"", ""externalId"": ""63351"", ""lastSeenAt"": ""2026-09-07T22:28:35.897"", ""sourceTier"": ""EMPLOYER_DIRECT"", ""firstSeenAt"": ""2026-09-02T13:13:14.647""}, {""url"": ""https://eljs.fa.us2.oraclecloud.com/hcmUI/CandidateExperience/en/sites/CX/job/61315"", ""jobId"": ""cmtlvg9qu0aqh3nk57vy2ugoc"", ""title"": ""Client Advisor-Mandarin Speaker-Natick"", ""isActive"": true, ""postedAt"": ""2026-08-11T14:33:10"", ""sourceKey"": ""tiffany-oracle"", ""externalId"": ""61315"", ""lastSeenAt"": ""2026-09-07T22:08:28.213"", ""sourceTier"": ""EMPLOYER_DIRECT"", ""firstSeenAt"": ""2026-09-06T08:07:58.407""}]"
cmtlvh9yx0bad3nk58pqx1nzc,"Client Advisor, Full-Time, Vancouver Oakridge Park",CA,https://eljs.fa.us2.oraclecloud.com/hcmUI/CandidateExperience/en/sites/CX/job/60552,"[{""url"": ""https://eljs.fa.us2.oraclecloud.com/hcmUI/CandidateExperience/en/sites/CX/job/60552"", ""jobId"": ""cmtlvh9yx0bad3nk58pqx1nzc"", ""title"": ""Client Advisor, Full-Time, Vancouver Oakridge Park"", ""isActive"": true, ""postedAt"": null, ""sourceKey"": ""lvmh"", ""externalId"": ""60552"", ""lastSeenAt"": ""2026-09-07T22:28:46.478"", ""sourceTier"": ""EMPLOYER_DIRECT"", ""firstSeenAt"": ""2026-09-02T13:13:34.416""}, {""url"": ""https://eljs.fa.us2.oraclecloud.com/hcmUI/CandidateExperience/en/sites/CX/job/62492"", ""jobId"": ""cmtlvh9yx0bad3nk58pqx1nzc"", ""title"": ""Client Advisor, Part-Time, Vancouver Oakridge Park"", ""isActive"": true, ""postedAt"": ""2026-01-13T19:58:14"", ""sourceKey"": ""tiffany-oracle"", ""externalId"": ""62492"", ""lastSeenAt"": ""2026-09-07T22:08:28.815"", ""sourceTier"": ""EMPLOYER_DIRECT"", ""firstSeenAt"": ""2026-09-06T08:07:59.535""}]"
cmtlvf8sx0a733nk5bcckz75k,"Client Advisor, Contact Center Night Shift (Temp to Perm)",US,https://eljs.fa.us2.oraclecloud.com/hcmUI/CandidateExperience/en/sites/CX/job/61893,"[{""url"": ""https://eljs.fa.us2.oraclecloud.com/hcmUI/CandidateExperience/en/sites/CX/job/63713"", ""jobId"": ""cmtlvf8sx0a733nk5bcckz75k"", ""title"": ""Client Advisor, Contact Center - Seasonal"", ""isActive"": true, ""postedAt"": ""2026-08-28T23:42:08"", ""sourceKey"": ""tiffany-oracle"", ""externalId"": ""63713"", ""lastSeenAt"": ""2026-09-07T22:08:27.823"", ""sourceTier"": ""EMPLOYER_DIRECT"", ""firstSeenAt"": ""2026-09-06T08:07:57.514""}, {""url"": ""https://eljs.fa.us2.oraclecloud.com/hcmUI/CandidateExperience/en/sites/CX/job/61893"", ""jobId"": ""cmtlvf8sx0a733nk5bcckz75k"", ""title"": ""Client Advisor, Contact Center Night Shift (Temp to Perm)"", ""isActive"": true, ""postedAt"": null, ""sourceKey"": ""lvmh"", ""externalId"": ""61893"", ""lastSeenAt"": ""2026-09-07T22:28:44.767"", ""sourceTier"": ""EMPLOYER_DIRECT"", ""firstSeenAt"": ""2026-09-02T13:13:30.441""}]"
cmtlvh3o40b713nk58vit5saa,障がい者採用（オフィス勤務）,JP,https://eljs.fa.us2.oraclecloud.com/hcmUI/CandidateExperience/en/sites/CX/job/63253,"[{""url"": ""https://eljs.fa.us2.oraclecloud.com/hcmUI/CandidateExperience/en/sites/CX/job/58047"", ""jobId"": ""cmtlvh3o40b713nk58vit5saa"", ""title"": ""クライアントアドバイザー（新潟伊勢丹）"", ""isActive"": true, ""postedAt"": ""2023-10-20T02:23:29"", ""sourceKey"": ""tiffany-oracle"", ""externalId"": ""58047"", ""lastSeenAt"": ""2026-09-07T22:08:27.899"", ""sourceTier"": ""EMPLOYER_DIRECT"", ""firstSeenAt"": ""2026-09-06T08:07:57.655""}, {""url"": ""https://eljs.fa.us2.oraclecloud.com/hcmUI/CandidateExperience/en/sites/CX/job/63253"", ""jobId"": ""cmtlvh3o40b713nk58vit5saa"", ""title"": ""障がい者採用（オフィス勤務）"", ""isActive"": true, ""postedAt"": null, ""sourceKey"": ""lvmh"", ""externalId"": ""63253"", ""lastSeenAt"": ""2026-09-07T22:28:34.034"", ""sourceTier"": ""EMPLOYER_DIRECT"", ""firstSeenAt"": ""2026-09-02T13:13:10.291""}]"
cmtlvh5qk0b833nk5m6h0ipy0,Client Advisor-Manhasset,US,https://eljs.fa.us2.oraclecloud.com/hcmUI/CandidateExperience/en/sites/CX/job/59606,"[{""url"": ""https://eljs.fa.us2.oraclecloud.com/hcmUI/CandidateExperience/en/sites/CX/job/58927"", ""jobId"": ""cmtlvh5qk0b833nk5m6h0ipy0"", ""title"": ""Client Advisor-Rockefeller Center"", ""isActive"": true, ""postedAt"": ""2026-06-26T15:39:35"", ""sourceKey"": ""tiffany-oracle"", ""externalId"": ""58927"", ""lastSeenAt"": ""2026-09-07T22:08:27.941"", ""sourceTier"": ""EMPLOYER_DIRECT"", ""firstSeenAt"": ""2026-09-06T08:07:57.811""}, {""url"": ""https://eljs.fa.us2.oraclecloud.com/hcmUI/CandidateExperience/en/sites/CX/job/59606"", ""jobId"": ""cmtlvh5qk0b833nk5m6h0ipy0"", ""title"": ""Client Advisor-Manhasset"", ""isActive"": true, ""postedAt"": null, ""sourceKey"": ""lvmh"", ""externalId"": ""59606"", ""lastSeenAt"": ""2026-09-07T22:28:39.239"", ""sourceTier"": ""EMPLOYER_DIRECT"", ""firstSeenAt"": ""2026-09-02T13:13:20.918""}]"
cmtk494sb1itsny2bftull717,Client Advisor-Mandarin Speaker-Natick,US,https://eljs.fa.us2.oraclecloud.com/hcmUI/CandidateExperience/en/sites/CX/job/61315,"[{""url"": ""https://eljs.fa.us2.oraclecloud.com/hcmUI/CandidateExperience/en/sites/CX/job/63351"", ""jobId"": ""cmtk494sb1itsny2bftull717"", ""title"": ""Client Advisor-Full Time-Natick, MA"", ""isActive"": true, ""postedAt"": ""2026-07-01T11:50:37"", ""sourceKey"": ""tiffany-oracle"", ""externalId"": ""63351"", ""lastSeenAt"": ""2026-09-07T22:08:29.964"", ""sourceTier"": ""EMPLOYER_DIRECT"", ""firstSeenAt"": ""2026-09-06T08:08:02.205""}, {""url"": ""https://eljs.fa.us2.oraclecloud.com/hcmUI/CandidateExperience/en/sites/CX/job/61315"", ""jobId"": ""cmtk494sb1itsny2bftull717"", ""title"": ""Client Advisor-Mandarin Speaker-Natick"", ""isActive"": true, ""postedAt"": null, ""sourceKey"": ""lvmh"", ""externalId"": ""61315"", ""lastSeenAt"": ""2026-09-07T22:28:20.132"", ""sourceTier"": ""EMPLOYER_DIRECT"", ""firstSeenAt"": ""2026-09-02T13:12:45.947""}]"
cmtlvhakk0ban3nk5o13xs46m,Client Advisor - White Plains,US,https://eljs.fa.us2.oraclecloud.com/hcmUI/CandidateExperience/en/sites/CX/job/61466,"[{""url"": ""https://eljs.fa.us2.oraclecloud.com/hcmUI/CandidateExperience/en/sites/CX/job/61466"", ""jobId"": ""cmtlvhakk0ban3nk5o13xs46m"", ""title"": ""Client Advisor - White Plains"", ""isActive"": true, ""postedAt"": null, ""sourceKey"": ""lvmh"", ""externalId"": ""61466"", ""lastSeenAt"": ""2026-09-07T22:28:39.118"", ""sourceTier"": ""EMPLOYER_DIRECT"", ""firstSeenAt"": ""2026-09-02T13:13:20.758""}, {""url"": ""https://eljs.fa.us2.oraclecloud.com/hcmUI/CandidateExperience/en/sites/CX/job/63208"", ""jobId"": ""cmtlvhakk0ban3nk5o13xs46m"", ""title"": ""Client Advisor - White Plains (Spanish Speaker)"", ""isActive"": true, ""postedAt"": ""2026-06-04T15:19:17"", ""sourceKey"": ""tiffany-oracle"", ""externalId"": ""63208"", ""lastSeenAt"": ""2026-09-07T22:08:29.646"", ""sourceTier"": ""EMPLOYER_DIRECT"", ""firstSeenAt"": ""2026-09-06T08:08:01.512""}]"
