id,url,title,raw_brand,externalId,countryCode,stored_company
cmtrsmh271a87pg5miujyf7t2,https://jobs.smartrecruiters.com/SMCP/744000147959366,Responsable Boutique H/F - CDI - Le Bon Marché,Maje,744000147959366,FR,Sandro
cmtrsmh3d1a8cpg5meluixgay,https://jobs.smartrecruiters.com/SMCP/744000147945224,Retail Supervisor - Breuninger Dusseldorf (m/w/d),Maje,744000147945224,DE,Sandro
cmtrsmh3u1a8hpg5mlznxxzcw,https://jobs.smartrecruiters.com/SMCP/744000147948909,Assistant Store Manager - Breuninger Dusseldorf (m/w/d),Maje,744000147948909,DE,Sandro
cmtrsmh471a8mpg5m8jnb3mds,https://jobs.smartrecruiters.com/SMCP/744000147948299,[Fashion] - Conseiller.e de ventes - Bordeaux Voltaire - CDD 35h - H/F,Claudie Pierlot,744000147948299,FR,Sandro
cmtrsmh4t1a8rpg5mp8l8fhdl,https://jobs.smartrecruiters.com/SMCP/744000147940269,Stage - Assistant Contrôle de Gestion H/F,SMCP,744000147940269,FR,Sandro
cmtrsmh5f1a8wpg5mit68lqd2,https://jobs.smartrecruiters.com/SMCP/744000147937219,[Fashion] - Conseiller.e de ventes - La Défense - CDI 35h - H/F,Claudie Pierlot,744000147937219,FR,Sandro
cmtrsmh621a91pg5mbxrmv0my,https://jobs.smartrecruiters.com/SMCP/744000147931290,Retail Merchandiser Prêt-A-Porter H/F,Maje,744000147931290,FR,Sandro
cmtrsmh6e1a96pg5mfque3kjr,https://jobs.smartrecruiters.com/SMCP/744000147924179,Conseiller de Vente H/F - CDI - Giverny,Maje,744000147924179,FR,Sandro
cmtrsmh751a9gpg5mjcuwpcq5,https://jobs.smartrecruiters.com/SMCP/744000147911429,Vendedor/a Tiempo Parcial 10 - ECI Valencia,Maje,744000147911429,ES,Sandro
cmtrsmh7g1a9lpg5m46aw910e,https://jobs.smartrecruiters.com/SMCP/744000147910350,Sales Assistant PT 30H (Contratto Temporaneo) - Roma Babuino,Maje,744000147910350,IT,Sandro
cmtrsmh7q1a9qpg5mgyg7w8yc,https://jobs.smartrecruiters.com/SMCP/744000147910539,Sales Assistant PT 20H (Contratto Temporaneo) - Roma Babuino,Maje,744000147910539,IT,Sandro
cmtrsmh8e1a9vpg5ml6d46lvn,https://jobs.smartrecruiters.com/SMCP/744000147890400,Alternance - Chargé Ressources Humaines - H/F,SMCP,744000147890400,FR,Sandro
cmtrsmh971aa0pg5mn6ss7629,https://jobs.smartrecruiters.com/SMCP/744000147891369,[Fashion] - Conseiller.e de ventes expérimenté.e - CDI 35h - Le Marais - H/F,Claudie Pierlot,744000147891369,FR,Sandro
cmtrsmh9v1aa5pg5mce87e1rx,https://jobs.smartrecruiters.com/SMCP/744000147881279,(Janvier 2027) - Stage - Assistant(e) E-Tail & Marketplaces - H/F,Claudie Pierlot,744000147881279,FR,Sandro
cmtrsmhah1aaapg5mcoycvd60,https://jobs.smartrecruiters.com/SMCP/744000147847174,Conseiller de vente 28h - CDI - H/F PRINTEMPS HAUSSMANN,Fursac,744000147847174,FR,Sandro
cmtn7033e17gtqq5llv30j5jb,https://jobs.smartrecruiters.com/SMCP/744000147530579,Vendedor/a (20h) - Palma de Mallorca,Maje,744000147530579,ES,Sandro
cmtltooax0nlaqi2bbqfih0pq,https://jobs.smartrecruiters.com/SMCP/744000147268950,Retail Store Manager - DBK Rotterdam,Maje,744000147268950,NL,Sandro
cmtk29njs0m2nnv2bfav2y08c,https://jobs.smartrecruiters.com/SMCP/744000146662349,Coordinateur Logistique et Stock H/F - CDD,Fursac,744000146662349,FR,Sandro
cmtk29nn50m3anv2b23g5puzf,https://jobs.smartrecruiters.com/SMCP/744000146480109,Conseiller de Vente H/F - CDD 17h - Rue de la Pompe,Maje,744000146480109,FR,Sandro
cmtk29nud0m4pnv2bfo9uwf5k,https://jobs.smartrecruiters.com/SMCP/744000146211249,Vendedor/a Tiempo Completo 40h - Barcelona ECI Plaza Catalunya,Maje,744000146211249,ES,Sandro
cmtk29nv10m4tnv2bn3gr7wxu,https://jobs.smartrecruiters.com/SMCP/744000146209549,Vendedor/a Tiempo Parcial 20h - Barcelona ECI Plaza Catalunya,Maje,744000146209549,ES,Sandro
cmtk29o4q0m6jnv2b9w4lh3u0,https://jobs.smartrecruiters.com/SMCP/744000145310869,Stage - Assistant(e) Relations Presse & Influence H/F,Maje,744000145310869,FR,Sandro
cmtk29oft0m88nv2bkwfpw923,https://jobs.smartrecruiters.com/SMCP/744000143831195,CDI - Chef de projet travaux H/F,SMCP,744000143831195,FR,Sandro
cmtk29ore0ma5nv2br52xwv8d,https://jobs.smartrecruiters.com/SMCP/744000143525519,Conseiller de Vente H/F - CDD 20h - Tours,Maje,744000143525519,FR,Sandro
cmtk29ot70mahnv2bum8fi4e0,https://jobs.smartrecruiters.com/SMCP/744000143514170,[Fashion] Store Manager - 37H - Illum Copenhagen M/F,Claudie Pierlot,744000143514170,DK,Sandro
cmtk29ouf0maonv2bfinz9dv2,https://jobs.smartrecruiters.com/SMCP/744000143516669,[Fashion] Sales Assistant - 37H - Illum Copenhagen M/F,Claudie Pierlot,744000143516669,DK,Sandro
cmtk29ovk0mavnv2bcqceeem0,https://jobs.smartrecruiters.com/SMCP/744000143462255,Venditore - 20h Contratto a tempo determinato - Milan Manzoni H/W,Claudie Pierlot,744000143462255,IT,Sandro
cmtk29oxl0mb8nv2bgn2ql4kp,https://jobs.smartrecruiters.com/SMCP/744000143336069,Assistant Store Manager - Berlin Kudamm (m/w/d),Maje,744000143336069,DE,Sandro
cmtk29oze0mbjnv2bsqjtbijt,https://jobs.smartrecruiters.com/SMCP/744000143271049,Verkaüfer - 1 month Fixed-term contract - Dusseldorf 40h - M/W/D,Claudie Pierlot,744000143271049,DE,Sandro
cmtk29p6d0mcpnv2bw73bxs61,https://jobs.smartrecruiters.com/SMCP/744000142858871,Administrateur PBCS H/F,SMCP,744000142858871,FR,Sandro
cmtk29p7r0mcxnv2b2s7zfz4p,https://jobs.smartrecruiters.com/SMCP/744000142816259,CDI - Chef de projet IT Logistique H/F,SMCP,744000142816259,FR,Sandro
cmtk29pgi0mecnv2bidim5m4x,https://jobs.smartrecruiters.com/SMCP/744000141882729,Maje - Sales Assistant - Part Time - 50%- Zurich Boutique,Maje,744000141882729,CH,Sandro
cmtk29pib0meonv2bl8b5zvfc,https://jobs.smartrecruiters.com/SMCP/744000141746299,Vendedores Part-Time - Freeport,Maje,744000141746299,PT,Sandro
cmtk29ple0mf7nv2bgw8ll39d,https://jobs.smartrecruiters.com/SMCP/744000141659880,Responsable de boutique - GL Lyon Part Dieu - CDI H/F,Fursac,744000141659880,FR,Sandro
cmtk29pnr0mfhnv2bh26xc7ya,https://jobs.smartrecruiters.com/SMCP/744000141501382,Conseiller de Vente F/H - CDD - Cap 3000 Saint-Laurent-du-Var,Maje,744000141501382,FR,Sandro
cmtk29ppd0mfrnv2bs730k3vw,https://jobs.smartrecruiters.com/SMCP/744000141284105,Store Manager - Brown Thomas Dublin Grafton Street,Maje,744000141284105,IE,Sandro
cmtk29pqq0mfznv2bb2s9o6hg,https://jobs.smartrecruiters.com/SMCP/744000141206595,"Responsable CRM, Expérience Client & Omnicanal - H/F",Claudie Pierlot,744000141206595,FR,Sandro
cmtk29pt70mgdnv2blv6w7315,https://jobs.smartrecruiters.com/SMCP/744000140944365,Sales Assistant - 20hrs - Munich Oberpollinger Men - M/W/D,SMCP,744000140944365,DE,Sandro
cmtk29puk0mgknv2bbasfk8e6,https://jobs.smartrecruiters.com/SMCP/744000140922044,[Fashion] - Conseiller.e de ventes CDI 35h - Lille - H/F,Claudie Pierlot,744000140922044,FR,Sandro
cmtk29q4u0mifnv2b3brpi9qw,https://jobs.smartrecruiters.com/SMCP/744000140312280,Conseiller de Vente H/F - CDI - Annemasse,Maje,744000140312280,FR,Sandro
cmtk29qcx0mjmnv2by77ytn1r,https://jobs.smartrecruiters.com/SMCP/744000139618795,Conseiller de Vente - 18h - PASSY - CDI (H/F),Fursac,744000139618795,FR,Sandro
cmtk29qrr0mlnnv2bck1xf2d6,https://jobs.smartrecruiters.com/SMCP/744000138863954,Conseiller de Vente H/F - CDI 14h - Le Bon Marché,Maje,744000138863954,FR,Sandro
cmtk29qt30mlvnv2ba672hn1p,https://jobs.smartrecruiters.com/SMCP/744000138825389,Responsable de boutique - Montpellier - CDI H/F,Fursac,744000138825389,FR,Sandro
cmtk29r440mncnv2btup2j3bv,https://jobs.smartrecruiters.com/SMCP/744000138116239,Sales Assistant Part Time - Amstelveen,Maje,744000138116239,NL,Sandro
cmtk29r5t0mnknv2blamgvnuh,https://jobs.smartrecruiters.com/SMCP/744000138051845,Retail Store Manager - Hamburg Alsterhaus,Maje,744000138051845,DE,Sandro
cmtk29r780mnrnv2b3evvds7f,https://jobs.smartrecruiters.com/SMCP/744000137929659,Responsable Adjoint H/F - CDD - Galeries Lafayette Lyon Part Dieu,Maje,744000137929659,FR,Sandro
cmtk29rm80mq5nv2byvdk623h,https://jobs.smartrecruiters.com/SMCP/744000137447370,Conseiller de Vente H/F - CDD - Printemps Toulon,Maje,744000137447370,FR,Sandro
cmtk29rqd0mqunv2bwsazgktk,https://jobs.smartrecruiters.com/SMCP/744000137084219,Conseiller de vente - Boutique Marseille 15H - CDI (H/F),Fursac,744000137084219,FR,Sandro
cmtk29rwl0mrsnv2b609vs0k0,https://jobs.smartrecruiters.com/SMCP/744000136415124,Responsable Contrôle de Gestion - CDD H/F,Maje,744000136415124,FR,Sandro
cmtk29s440msxnv2b2aqhmxsl,https://jobs.smartrecruiters.com/SMCP/744000135963284,Retail Store Manager - Globus ZURICH,Maje,744000135963284,CH,Sandro
cmtk29s740mtfnv2bjcdroh7e,https://jobs.smartrecruiters.com/SMCP/744000135758316,Vendedor/a FT 40H (Contrato Temporario) - ECI Porto,Maje,744000135758316,PT,Sandro
cmtk29s9q0mtvnv2b4b4qvbrk,https://jobs.smartrecruiters.com/SMCP/744000135654419,[Fashion] - Conseiller.e de ventes CDI 21h - Printemps Lyon - H/F,Claudie Pierlot,744000135654419,FR,Sandro
cmtk29sb00mu3nv2b0mndfitq,https://jobs.smartrecruiters.com/SMCP/744000135522756,Vendedores Full-Time - Freeport,Maje,744000135522756,PT,Sandro
cmtk29scv0mufnv2b2t8zdvjo,https://jobs.smartrecruiters.com/SMCP/744000135306450,Supervisor 40H - Milano Manzoni,Maje,744000135306450,IT,Sandro
cmtk29sef0mupnv2boq306pcv,https://jobs.smartrecruiters.com/SMCP/744000135254974,Conseiller de Vente H/F - CDI - La Rochelle,Maje,744000135254974,FR,Sandro
cmtk29sy40mxrnv2bj1crlr33,https://jobs.smartrecruiters.com/SMCP/744000133305070,[Fashion] - Conseiller.e de ventes CDD 35h - Parly 2 - H/F,Claudie Pierlot,744000133305070,FR,Sandro
cmtk29szq0my2nv2bmsggluep,https://jobs.smartrecruiters.com/SMCP/744000133091834,Conseiller de Vente H/F - CDD 20H - Monaco,Maje,744000133091834,MC,Sandro
cmtk29t2m0myhnv2b8b2wz6t9,https://jobs.smartrecruiters.com/SMCP/744000132911162,STAGE - Conseiller.e de ventes - Nice - H/F,Claudie Pierlot,744000132911162,FR,Sandro
cmtk29tan0mzknv2b06wl7exm,https://jobs.smartrecruiters.com/SMCP/744000132376410,[Fashion] Conseiller.e de vente CDD 35h - Levallois H/F,Claudie Pierlot,744000132376410,FR,Sandro
cmtk29tct0mzvnv2blttyiurr,https://jobs.smartrecruiters.com/SMCP/744000132366843,[Fashion] Responsable Boutique Flagship - Paris - CDI 35h - H/F,Claudie Pierlot,744000132366843,FR,Sandro
cmtk29tes0n07nv2bwgl4t847,https://jobs.smartrecruiters.com/SMCP/744000131930040,Verkaüfer - Frankfurt am Main 20h - M/W/D,Claudie Pierlot,744000131930040,DE,Sandro
cmtk29tg80n0fnv2bt3rwzxtq,https://jobs.smartrecruiters.com/SMCP/744000131892079,Conseiller de vente - 20H - Marseille - CDD (H/F),Fursac,744000131892079,FR,Sandro
cmtk29tlb0n1anv2bun4w1m7s,https://jobs.smartrecruiters.com/SMCP/744000131627134,Retail Store Manager - DBK DEN HAAG,SMCP,744000131627134,NL,Sandro
cmtk29tlu0n1env2b4nk9h0la,https://jobs.smartrecruiters.com/SMCP/744000131451779,[Fashion] Vendedor 8h - ECI Valencia H/M,Claudie Pierlot,744000131451779,ES,Sandro
cmtk29u9t0n52nv2bk8tiwn13,https://jobs.smartrecruiters.com/SMCP/744000128897739,Retail Supervisor - Berlin Kadewe (m/w/d),Maje,744000128897739,DE,Sandro
cmtk29uc80n5inv2b6cd11h4m,https://jobs.smartrecruiters.com/SMCP/744000128725144,Retail Store Manager - DBK Utrecht,Maje,744000128725144,NL,Sandro
cmtk29uol0n7jnv2bkmt6z3ua,https://jobs.smartrecruiters.com/SMCP/744000125751409,Retail Supervisor - Harrods,Maje,744000125751409,GB,Sandro
cmtk29v1s0n9onv2b5fz95bcp,https://jobs.smartrecruiters.com/SMCP/744000123875885,Sales Assistant - Brown Thomas Galway - 10h (Part time),Maje,744000123875885,IE,Sandro
cmtk29v2o0n9snv2b8p452die,https://jobs.smartrecruiters.com/SMCP/744000123674030,Conseiller de vente 35h - Paris - CDI H/F,SMCP,744000123674030,FR,Sandro
cmtk29v5g0na8nv2bycen0gap,https://jobs.smartrecruiters.com/SMCP/744000122424789,Conseiller de vente H/F - CDI - Printemps Parly 2,Maje,744000122424789,FR,Sandro
cmtk29va20naynv2bw4591sig,https://jobs.smartrecruiters.com/SMCP/744000120497773,Sales Assistant- Maje Aubonne - Part Time - 20 hours,Maje,744000120497773,CH,Sandro
cmtk29vcr0nbbnv2bspfq4dkd,https://jobs.smartrecruiters.com/SMCP/744000120360197,Responsable adjoint - Saint Germain- CDI H/F,SMCP,744000120360197,FR,Sandro
cmtk29vft0nbpnv2b6bwvp483,https://jobs.smartrecruiters.com/SMCP/744000119107382,Responsable de boutique - PARIS - CDI H/F,Fursac,744000119107382,FR,Sandro
cmtk29vom0nd8nv2bkykj5zqp,https://jobs.smartrecruiters.com/SMCP/744000114434289,Sales Assistant - Berlin KaDeWe - Part Time (20h),Maje,744000114434289,DE,Sandro
cmtk29w1t0nffnv2bq1e5d6il,https://jobs.smartrecruiters.com/SMCP/744000110328406,Conseiller de Vente F/H - CDD 25H - Monaco,Maje,744000110328406,MC,Sandro
cmtk29w6f0ng7nv2bpe40ny3o,https://jobs.smartrecruiters.com/SMCP/744000106863155,Stock Controller - Roermond,Maje,744000106863155,NL,Sandro
cmtk29w860nghnv2b41hkfu0z,https://jobs.smartrecruiters.com/SMCP/744000104487205,Sales Assistant - Selfridges Trafford,Maje,744000104487205,GB,Sandro
cmtk29w9k0ngpnv2bciq55311,https://jobs.smartrecruiters.com/SMCP/744000102939977,Verkäufer/in - Minijob- München OBERPOLLINGER (m/w/d),Maje,744000102939977,DE,Sandro
cmtk29wbt0nh3nv2b0uvrgdv2,https://jobs.smartrecruiters.com/SMCP/744000098938035,Verkoopmedewerker - Maasmechelen Vilage,Maje,744000098938035,BE,Sandro
cmtk29wdv0nhfnv2byhxk2ucb,https://jobs.smartrecruiters.com/SMCP/744000095662198,Sales Assistant - Brown Thomas Grafton Street,Maje,744000095662198,IE,Sandro
cmtk29weh0nhjnv2bx0ggh6mx,https://jobs.smartrecruiters.com/SMCP/744000094880745,Sales Assistant,Maje,744000094880745,IE,Sandro
cmtk29wgw0nhynv2bg1nu47ml,https://jobs.smartrecruiters.com/SMCP/744000089677333,Store Manager - Brussels - Permanent (m/w),SMCP,744000089677333,BE,Sandro
cmtk29wn20nixnv2b2epo549k,https://jobs.smartrecruiters.com/SMCP/744000072112725,Verkäufer/in - Vollzeit - Stuttgart,Maje,744000072112725,DE,Sandro
cmtk29s7q0mtjnv2by9fi6y53,https://jobs.smartrecruiters.com/SMCP/744000135744854,Sales Assistant 18H (Contratto Temporaneo) - La Rinascente Milano,Maje,744000135744854,IT,Sandro
cmtn7033q17gxqq5l81aqor99,https://jobs.smartrecruiters.com/SMCP/744000147529992,Vendedor/a Tiempo Parcial 16h - Barcelona Paseo de Gracia,Maje,744000147529992,ES,Sandro
cmtk29nsl0m4dnv2befmo7lkh,https://jobs.smartrecruiters.com/SMCP/744000146414359,CDD - Chargé de Communication Interne H/F,SMCP,744000146414359,FR,Sandro
cmtk29nzo0m5pnv2b8c5q1k52,https://jobs.smartrecruiters.com/SMCP/744000145727739,Store Manager w/m/d - Madrid - Temporary,Fursac,744000145727739,ES,Sandro
cmtk29ocp0m7pnv2bnj2fnyeg,https://jobs.smartrecruiters.com/SMCP/744000144062969,Conseiller de Vente H/F - CDI - Cannes,Maje,744000144062969,FR,Sandro
cmtk29ogg0m8cnv2bp1dqr27n,https://jobs.smartrecruiters.com/SMCP/744000143827459,[Fashion] Vendedor - 10h - Lisboa Amoreiras H/M,Claudie Pierlot,744000143827459,PT,Sandro
cmtk29oie0m8nnv2b1bfhlh8q,https://jobs.smartrecruiters.com/SMCP/744000143807689,Conseiller de vente - Parly II CDI - 35H (H/F),Fursac,744000143807689,FR,Sandro
cmtk29p8d0md1nv2bmtmlif37,https://jobs.smartrecruiters.com/SMCP/744000142690799,Conseiller de vente - 35H - Lyon - CDD (H/F),Fursac,744000142690799,FR,Sandro
cmtk29pd30mdunv2bwbmj224w,https://jobs.smartrecruiters.com/SMCP/744000142150869,[Fashion] - Conseiller.e de ventes CDI 21h - La Défense - H/F,SMCP,744000142150869,FR,Sandro
cmtk29pei0me1nv2brtp9q392,https://jobs.smartrecruiters.com/SMCP/744000141927411,Conseiller de vente 28h - Printemps Nation - H/F - CDI,Fursac,744000141927411,FR,Sandro
cmtk29q9z0mj9nv2bg1jc7sav,https://jobs.smartrecruiters.com/SMCP/744000140032569,"Retail [Fashion] Sales Assistant - 37,5h - BT Dundrum",Claudie Pierlot,744000140032569,IE,Sandro
cmtk29qev0mjxnv2b195loyil,https://jobs.smartrecruiters.com/SMCP/744000139558092,Juriste Droit Social H/F,SMCP,744000139558092,FR,Sandro
cmtk29rxl0mrwnv2ba7lrrf9h,https://jobs.smartrecruiters.com/SMCP/744000136290590,[Fashion] Stage 6 mois - Assistant.e Communication & Social Media - H/F (Septembre 2026),Claudie Pierlot,744000136290590,FR,Sandro
cmtk29s910mtrnv2bg68fccai,https://jobs.smartrecruiters.com/SMCP/744000135654700,[Fashion] - Conseiller.e de ventes - Lyon The Village - CDD 35h - H/F,Claudie Pierlot,744000135654700,FR,Sandro
cmtk29sf30mutnv2bhfieyf70,https://jobs.smartrecruiters.com/SMCP/744000135062590,Responsable de boutique - Nice - CDI H/F,SMCP,744000135062590,FR,Sandro
cmtk29sjc0mvfnv2bqyf3xcfq,https://jobs.smartrecruiters.com/SMCP/744000134752799,[Fashion] Conseiller.e de ventes CDI 35h - Outlet Mc Arthur Glen Troyes - H/F,Claudie Pierlot,744000134752799,FR,Sandro
cmtk29spv0mwhnv2bu9wm1nrb,https://jobs.smartrecruiters.com/SMCP/744000134212736,[Fashion] - Conseiller.e de ventes - Marseille Paradis - CDD 10h - H/F,Claudie Pierlot,744000134212736,FR,Sandro
cmtk29stm0mx3nv2bbu3dvk0l,https://jobs.smartrecruiters.com/SMCP/744000133922502,Conseiller.e de vente CDD 35h - Printemps Velizy H/F,Claudie Pierlot,744000133922502,FR,Sandro
cmtk29svr0mxdnv2b4iomw87h,https://jobs.smartrecruiters.com/SMCP/744000133540534,[Fashion] Conseiller.e de vente CDD 35h - Saint-Tropez H/F,Claudie Pierlot,744000133540534,FR,Sandro
cmtk29t0j0my6nv2bwpi2wpvb,https://jobs.smartrecruiters.com/SMCP/744000133088210,Conseiller de Vente F/H - CDD 35H - Aix en Provence,Maje,744000133088210,FR,Sandro
cmtk29tfj0n0bnv2byf26weba,https://jobs.smartrecruiters.com/SMCP/744000131922017,Verkaüfer - Dusseldorf 20h - M/W/D,Claudie Pierlot,744000131922017,DE,Sandro
cmtk29thf0n0nnv2bcyr002ao,https://jobs.smartrecruiters.com/SMCP/744000131827439,[Fashion] - Conseiller.e de ventes CDD 35h - Galeries Lafayette Nimes- H/F,Claudie Pierlot,744000131827439,FR,Sandro
cmtk29toz0n1xnv2befo97871,https://jobs.smartrecruiters.com/SMCP/744000131066831,Retail [Fashion] Stock Controller - 40H - Selfridges,Claudie Pierlot,744000131066831,GB,Sandro
cmtk29u8l0n4vnv2b9snlqplf,https://jobs.smartrecruiters.com/SMCP/744000128906629,Retaill Sales Assistant Full Time - Amsterdam DBK - (w/d/m),Maje,744000128906629,NL,Sandro
cmtk29ub10n5anv2btzoav8w0,https://jobs.smartrecruiters.com/SMCP/744000128735204,Retail Assistant Store Manager - DBK Amsterdam,Maje,744000128735204,NL,Sandro
cmtk29uh40n6cnv2bo0tcwuyo,https://jobs.smartrecruiters.com/SMCP/744000127618259,[Fashion] Vendedor - 20h - ECI Lisboa,Claudie Pierlot,744000127618259,PT,Sandro
cmtk29uy30n92nv2b1vscfqv0,https://jobs.smartrecruiters.com/SMCP/744000124440309,Retail Supervisor - Roermond,Maje,744000124440309,NL,Sandro
cmtk29v4s0na4nv2b5nqpil6y,https://jobs.smartrecruiters.com/SMCP/744000122456709,Conseiller de vente H/F - CDI 21h - Lyon,Maje,744000122456709,FR,Sandro
cmtk29v7x0namnv2blay7vhlo,https://jobs.smartrecruiters.com/SMCP/744000121704378,Verkoopmedewerker - DBK Maastricht - 10h -,Maje,744000121704378,NL,Sandro
cmtk29vn90nd0nv2brgmjswgn,https://jobs.smartrecruiters.com/SMCP/744000114730827,[Fashion] - Conseiller.e de ventes Anglophone CDI 35h - La Vallée Village - H/F,Claudie Pierlot,744000114730827,FR,Sandro
cmtk29vuu0ne9nv2bx2rzq0nd,https://jobs.smartrecruiters.com/SMCP/744000113788587,Sales Assistant - Antwerp,SMCP,744000113788587,BE,Sandro
cmtk29vxt0nernv2beyqd45wg,https://jobs.smartrecruiters.com/SMCP/744000112840529,Sales Assistant - Minijobber - Ingolstadt (m/w/d),Maje,744000112840529,DE,Sandro
cmtk29wi90ni6nv2b4kd7h5v0,https://jobs.smartrecruiters.com/SMCP/744000089043645,Verkoopmedewerker - DBK Amsterdam - Parttime,Maje,744000089043645,NL,Sandro
cmtk29wsm0njsnv2bbh66txdy,https://jobs.smartrecruiters.com/SMCP/744000022349876,Sales Assistant PT 21H - Noventa di Piave / Appartenenza alle Categorie Protette (ex.art. 18 legge 68/99),Maje,744000022349876,IT,Sandro
cmtk29te50n03nv2bxgeg4qs7,https://jobs.smartrecruiters.com/SMCP/744000131931519,Verkaüfer - Frankfurt am Main 30h - M/W/D,Claudie Pierlot,744000131931519,DE,Sandro
cmtld21ss0n4rt52bbqo6a4ex,https://jobs.smartrecruiters.com/SMCP/744000147176229,CDI - Administrateur Applicatif Finance – Esker P2P (H/F),SMCP,744000147176229,FR,Sandro
cmtk29npc0m3pnv2bz03pjgjd,https://jobs.smartrecruiters.com/SMCP/744000146442659,[Fashion] Responsable Point de Vente Senior - Globus Genève H/F,Claudie Pierlot,744000146442659,CH,Sandro
cmtk29o1c0m61nv2bynhezvs4,https://jobs.smartrecruiters.com/SMCP/744000145492239,[Fashion] - Conseiller.e de ventes CDD 35h - Vélizy - H/F,Claudie Pierlot,744000145492239,FR,Sandro
cmtk29rl00mpxnv2b3ht8u1z5,https://jobs.smartrecruiters.com/SMCP/744000137460124,Vendedor/a FT 40h (Interinidad) - Madrid Las Rozas Outlet,Maje,744000137460124,ES,Sandro
cmtk29od90m7tnv2bch6o3rhk,https://jobs.smartrecruiters.com/SMCP/744000144059275,Conseiller de Vente H/F - CDD - Aix en Provence,Maje,744000144059275,FR,Sandro
cmtk29ol60m93nv2byxvkfscu,https://jobs.smartrecruiters.com/SMCP/744000143776439,Chargé.e de Service Client et omnicanalité CDI - H/F,Fursac,744000143776439,FR,Sandro
cmtk29srm0mwsnv2btvi39mou,https://jobs.smartrecruiters.com/SMCP/744000133979284,[Fashion] - Stockiste CDI 35h - La Vallée Village Outlet - H/F,Claudie Pierlot,744000133979284,FR,Sandro
cmtk29ps20mg6nv2ba7bsw022,https://jobs.smartrecruiters.com/SMCP/744000141200596,Retail Supervisor - Westbourne Grove,Maje,744000141200596,GB,Sandro
cmtk29t6q0mz3nv2bim53spa7,https://jobs.smartrecruiters.com/SMCP/744000132579469,[Fashion] Conseiller de vente CDD 10h - Lausanne H/F,Claudie Pierlot,744000132579469,CH,Sandro
cmtk29u7y0n4rnv2b9mdzt1vk,https://jobs.smartrecruiters.com/SMCP/744000128965249,Conseiller de vente - Metz- CDI - 35h (F/H),Fursac,744000128965249,FR,Sandro
cmtk29ubo0n5env2by79oew5u,https://jobs.smartrecruiters.com/SMCP/744000128731199,Retail Store Manager - DBK Eindhoven,Maje,744000128731199,NL,Sandro
cmtmptdn615gqso5l2zytb4yv,https://jobs.smartrecruiters.com/SMCP/744000147431273,Conseiller de vente - 35H -Galeries Lafayette de Nantes - CDD (H/F),Fursac,744000147431273,FR,Sandro
cmtk29nlz0m33nv2b2f9jvc0o,https://jobs.smartrecruiters.com/SMCP/744000146491629,Conseiller de Vente H/F - CDI 25h - Marseille,Maje,744000146491629,FR,Sandro
cmtk29nrg0m45nv2bm6i3tmt8,https://jobs.smartrecruiters.com/SMCP/744000146429189,Store Manager - Wertheim Outlet (m/w/d),Maje,744000146429189,DE,Sandro
cmtk29o070m5tnv2bv8gjjw2v,https://jobs.smartrecruiters.com/SMCP/744000145671619,Conseiller de vente - GL MONTPELLIER - CDI (H/F),Fursac,744000145671619,FR,Sandro
cmtk29odu0m7xnv2bznzzao2r,https://jobs.smartrecruiters.com/SMCP/744000144009609,Retail Assistant Store Manager - Maastricht,Maje,744000144009609,NL,Sandro
cmtk29p0c0mbnnv2bkpfm7x0b,https://jobs.smartrecruiters.com/SMCP/744000143264429,CDD - Chargé de Recrutement - H/F,SMCP,744000143264429,FR,Sandro
cmtk29ph70megnv2bu46yxqqs,https://jobs.smartrecruiters.com/SMCP/744000141747237,Vendedor/a Tiempo Parcial 24h (Interinidad) - Madrid ECI Castellana,Maje,744000141747237,ES,Sandro
cmtk29pks0mf3nv2bq9pq983z,https://jobs.smartrecruiters.com/SMCP/744000141708629,Maje - Sales Assistant - 32 Hours- Rotterdam,Maje,744000141708629,NL,Sandro
cmtk29q1h0mhtnv2b9i70qzr0,https://jobs.smartrecruiters.com/SMCP/744000140525737,Conseiller de Vente H/F - CDI 14h - Roubaix,Maje,744000140525737,FR,Sandro
cmtk29q2k0mi0nv2bsr2p9rxi,https://jobs.smartrecruiters.com/SMCP/744000140471979,[Fashion] Store Manager - ECI Alicante H/M,Claudie Pierlot,744000140471979,ES,Sandro
cmtk29q790mitnv2bjwxwjrn2,https://jobs.smartrecruiters.com/SMCP/744000140162679,Directeur Achat et Approvisionnements H/F - CDD,Fursac,744000140162679,FR,Sandro
cmtk29q830mixnv2biif0cg8n,https://jobs.smartrecruiters.com/SMCP/744000140045404,[Fashion] Responsable Adjoint - CDI - Galeries Lafayette Haussmann - H/F,Claudie Pierlot,744000140045404,FR,Sandro
cmtk29r0i0mmvnv2b2k3q56br,https://jobs.smartrecruiters.com/SMCP/744000138269790,Maje - Sales Assistant - Utrecht,Maje,744000138269790,NL,Sandro
cmtk29rim0mpknv2biodhmb5a,https://jobs.smartrecruiters.com/SMCP/744000137515364,Sales Assistant - Brown Thomas Dublin,Maje,744000137515364,IE,Sandro
cmtk29rqy0mqynv2bdxp6r6yy,https://jobs.smartrecruiters.com/SMCP/744000137055319,Retail Supervisor - South Molton Street,Maje,744000137055319,GB,Sandro
cmtk29ruk0mrgnv2bazi7t59p,https://jobs.smartrecruiters.com/SMCP/744000136739121,Sales Assistant - Part Time - Antwerp -,Maje,744000136739121,BE,Sandro
cmtk29s4r0mt1nv2bxbjdqhs9,https://jobs.smartrecruiters.com/SMCP/744000135956215,Conseiller de Vente H/F - CDI 8h - Printemps Lille,Maje,744000135956215,FR,Sandro
cmtk29sc80mubnv2bmkb7lxid,https://jobs.smartrecruiters.com/SMCP/744000135432879,Area Manager Germany,Maje,744000135432879,DE,Sandro
cmtk29t5d0myvnv2bloo9sh0u,https://jobs.smartrecruiters.com/SMCP/744000132645729,Chef de Produit Développement Maille & Jersey H/F,Maje,744000132645729,FR,Sandro
cmtk29tdi0mzznv2bqfocuvk0,https://jobs.smartrecruiters.com/SMCP/744000132130525,Conseiller de vente 35h - Lyon Part Dieu - CDI H/F,Fursac,744000132130525,FR,Sandro
cmtk29tqi0n24nv2bosqr3f1x,https://jobs.smartrecruiters.com/SMCP/744000130754431,Conseiller de Vente H/F - CDI 7h - Le Chesnay,Maje,744000130754431,FR,Sandro
cmtk29tyu0n3cnv2b00qyngcp,https://jobs.smartrecruiters.com/SMCP/744000130009448,Responsable Formation Retail CDD H/F,Maje,744000130009448,FR,Sandro
cmtk29u050n3jnv2b1bdj3xqx,https://jobs.smartrecruiters.com/SMCP/744000129942089,Retail Store Manager - Central London,Maje,744000129942089,GB,Sandro
cmtk29uki0n6wnv2brlqu7v40,https://jobs.smartrecruiters.com/SMCP/744000126640599,Conseiller de vente H/F - CDI - One Nation,Maje,744000126640599,FR,Sandro
cmtk29uj60n6onv2bdlbuy77h,https://jobs.smartrecruiters.com/SMCP/744000126997341,[Fashion] Responsable Point de Vente Senior - Globus Genève CDD 41h - H/F,Claudie Pierlot,744000126997341,CH,Sandro
cmtk29uju0n6snv2bep8l3y9i,https://jobs.smartrecruiters.com/SMCP/744000126657295,Responsable Adjoint H/F - CDD 40h - Monaco,Maje,744000126657295,MC,Sandro
cmtk29uzb0n99nv2biz05fiuz,https://jobs.smartrecruiters.com/SMCP/744000124422971,Conseiller de vente 35h - Paris - CDI H/F,Fursac,744000124422971,FR,Sandro
cmtk29v170n9knv2bgm19b7qm,https://jobs.smartrecruiters.com/SMCP/744000123944110,Sales Assistant ( w/d/m) - Temporary _22 hours,Maje,744000123944110,NL,Sandro
cmtk29vgd0nbtnv2b10l7bmro,https://jobs.smartrecruiters.com/SMCP/744000118452197,STAGE - Conseiller de Vente F/H - Strasbourg,Maje,744000118452197,FR,Sandro
cmtk29vi00nc4nv2btisptaol,https://jobs.smartrecruiters.com/SMCP/744000116424177,Conseiller de Vente F/H - CDD 20H - Limoges,Maje,744000116424177,FR,Sandro
cmtk29vio0nc8nv2bgsxml30m,https://jobs.smartrecruiters.com/SMCP/744000116187017,Sales Assistant Part Time - Amsterdam Leidsestraat,Maje,744000116187017,NL,Sandro
cmtk29vle0nconv2bjgvcchly,https://jobs.smartrecruiters.com/SMCP/744000115506217,Verkoopmedewerker - DBK Amstelveen - Parttime,Maje,744000115506217,NL,Sandro
cmtk29vmm0ncwnv2bzdtqvk6k,https://jobs.smartrecruiters.com/SMCP/744000115381134,Sales Assistant Part Time - DBK Den Haag,Maje,744000115381134,NL,Sandro
cmtk29vq60ndgnv2bmodod4bf,https://jobs.smartrecruiters.com/SMCP/744000114434777,Verkäufer/in - Part time - München OBERPOLLINGER (m/w/d),Maje,744000114434777,DE,Sandro
cmtk29vqs0ndknv2bop7f11gy,https://jobs.smartrecruiters.com/SMCP/744000114434717,Sales Assistant - Mini Job - Breuninger Hamburg (m/w/d),Maje,744000114434717,DE,Sandro
cmtk29vrg0ndonv2bue2pdedh,https://jobs.smartrecruiters.com/SMCP/744000114433807,Sales Assistant - Frankfurt - Full time,Maje,744000114433807,DE,Sandro
cmtk29vvj0nednv2bd38vbwl9,https://jobs.smartrecruiters.com/SMCP/744000113657608,Sales Assistant,Maje,744000113657608,GB,Sandro
cmtk29w140nfbnv2bp1wq9hjn,https://jobs.smartrecruiters.com/SMCP/744000111814925,Winkelmanager - DBK Utrecht,Maje,744000111814925,NL,Sandro
cmtk29w2f0nfjnv2bftfqa9k9,https://jobs.smartrecruiters.com/SMCP/744000109706518,Vendeur/euse Part Time - Uccle,Maje,744000109706518,BE,Sandro
cmtk29wck0nh7nv2bdckxmqh5,https://jobs.smartrecruiters.com/SMCP/744000097798600,Assistant Store Manager - Central London,Maje,744000097798600,GB,Sandro
cmtk29wd90nhbnv2bnwqjss5z,https://jobs.smartrecruiters.com/SMCP/744000097037465,Winkelmanager - DBK Eindhoven,Maje,744000097037465,NL,Sandro
cmtk29wf00nhnnv2bs62d0shd,https://jobs.smartrecruiters.com/SMCP/744000093283086,Sales Assistant,Maje,744000093283086,GB,Sandro
cmtk29wiy0nianv2birted38g,https://jobs.smartrecruiters.com/SMCP/744000087878677,Sales Assistant Part Time - Maasmechelen Village,Maje,744000087878677,BE,Sandro
cmtk29wjo0nienv2bflopzzl5,https://jobs.smartrecruiters.com/SMCP/744000087044215,Assistant Store Manager - Berlin (m/w/d),Maje,744000087044215,DE,Sandro
cmtk29wok0nj5nv2b783kw50c,https://jobs.smartrecruiters.com/SMCP/744000071328045,Verkäufer/in - Outlet Ingolstadt - Teilzeit (m/w/d),Maje,744000071328045,DE,Sandro
cmtk29wpa0nj9nv2bwwuzbmui,https://jobs.smartrecruiters.com/SMCP/744000067111507,Verkäufer/in - Teilzeit Berlin - Rosenthaler (m/w/d),Maje,744000067111507,DE,Sandro
cmtk29wqr0njgnv2bpszdtv7k,https://jobs.smartrecruiters.com/SMCP/744000062427790,Sales Assistant - Breuninger Leipzig,Maje,744000062427790,DE,Sandro
cmtk29wty0nk0nv2bm006kpa6,https://jobs.smartrecruiters.com/SMCP/744000022343664,Sales Assistant PT 21H - Roma / Appartenenza alle Categorie Protette (ex.art. 18 legge 68/99),Maje,744000022343664,IT,Sandro
cmtn7032i17ghqq5lozikcvod,https://jobs.smartrecruiters.com/SMCP/744000147537074,Stage - Juriste H/F,SMCP,744000147537074,FR,Sandro
cmtn7034217h1qq5lg1kir0r2,https://jobs.smartrecruiters.com/SMCP/744000147525944,Vendedor/a Tiempo Parcial 30h (Chinese/Russian Speaker) - Barcelona Paseo de Gracia,Maje,744000147525944,ES,Sandro
cmtkf0gy80ndnp22bn3tevh1o,https://jobs.smartrecruiters.com/SMCP/744000147022034,Venditore - 35h La Rinascente Roma Fiume H/W,Claudie Pierlot,744000147022034,IT,Sandro
cmtk29nbg0m1fnv2br4k3c60u,https://jobs.smartrecruiters.com/SMCP/744000146966545,Mécanicien -Tailleur - CDD H/F,Maje,744000146966545,FR,Sandro
cmtk29ngg0m1znv2biuqkps87,https://jobs.smartrecruiters.com/SMCP/744000146917325,Assistant Store Manager - Harrods,Maje,744000146917325,GB,Sandro
cmtk29ni50m2bnv2bt29jxhdo,https://jobs.smartrecruiters.com/SMCP/744000146719309,Store Manager - Dusseldorf M/W/D,Claudie Pierlot,744000146719309,DE,Sandro
cmtk29nkb0m2rnv2bg9czvldh,https://jobs.smartrecruiters.com/SMCP/744000146659029,[Fashion] Conseiller.e de vente CDI 35h - Nice Cap 3000 H/F,Claudie Pierlot,744000146659029,FR,Sandro
cmtk29nkv0m2vnv2bf5b0xzxe,https://jobs.smartrecruiters.com/SMCP/744000146655499,Alternance - Achats Indirects H/F,SMCP,744000146655499,FR,Sandro
cmtk29nrz0m49nv2btd2d6guw,https://jobs.smartrecruiters.com/SMCP/744000146424082,Retail Assistant Store Manager - Bruxelles Louise,Maje,744000146424082,BE,Sandro
cmtk29nt50m4hnv2br05fjwmr,https://jobs.smartrecruiters.com/SMCP/744000146215867,Retail Supervisor - Galeries Lafayette Luxembourg,Maje,744000146215867,LU,Sandro
cmtk29ntr0m4lnv2b6uahhg7r,https://jobs.smartrecruiters.com/SMCP/744000146214394,Retail Store Manager - Galeries Lafayette Luxembourg,Maje,744000146214394,LU,Sandro
cmtk29nvl0m4xnv2by4j7mzux,https://jobs.smartrecruiters.com/SMCP/744000145979527,Retail Sales Assistant - 24 hours - Antwerp -,Maje,744000145979527,BE,Sandro
cmtk29nz50m5lnv2bp71n22fd,https://jobs.smartrecruiters.com/SMCP/744000145728979,Stock Controller - DBK Amsterdam,Maje,744000145728979,NL,Sandro
cmtk29o0t0m5xnv2b7gss7x1x,https://jobs.smartrecruiters.com/SMCP/744000145549189,Conseiller de vente 20h - Bruxelles - CDI (F/H),Fursac,744000145549189,BE,Sandro
cmtk29o2l0m68nv2boiwvx9vp,https://jobs.smartrecruiters.com/SMCP/744000145452936,Sales advisor - London - Permanent M/F,Fursac,744000145452936,GB,Sandro
cmtk29o6a0m6rnv2b4j4yxphn,https://jobs.smartrecruiters.com/SMCP/744000145241329,Premier vendeur 35h - PARIS - CDI H/F PRINTEMPS HAUSSMANN,Fursac,744000145241329,FR,Sandro
cmtk29oa40m7dnv2byarhvygo,https://jobs.smartrecruiters.com/SMCP/744000144746729,Sales advisor 20h - Stuttgart - Permanent M/F,Fursac,744000144746729,DE,Sandro
cmtk29oee0m81nv2b5bx6n3pj,https://jobs.smartrecruiters.com/SMCP/744000144001549,Conseiller de vente - 15h - Lille - CDI,Fursac,744000144001549,FR,Sandro
cmtk29ohu0m8jnv2bk3td2go7,https://jobs.smartrecruiters.com/SMCP/744000143822624,[Fashion] Responsable Adjoint - CDI - Paris Marais - H/F,Claudie Pierlot,744000143822624,FR,Sandro
cmtk29oj50m8rnv2bstji866s,https://jobs.smartrecruiters.com/SMCP/744000143807459,Responsable adjoint - Paris -CDI H/F,Fursac,744000143807459,FR,Sandro
cmtk29orw0ma9nv2bgrivwwoa,https://jobs.smartrecruiters.com/SMCP/744000143521300,[Fashion] Sales Assistant - 20H - Illum Copenhagen M/F,Claudie Pierlot,744000143521300,DK,Sandro
cmtk29p4b0mcenv2bicukhc5j,https://jobs.smartrecruiters.com/SMCP/744000142862860,Conseiller de vente 35h - Miramas - CDI,Fursac,744000142862860,FR,Sandro
cmtk29pa40mdcnv2braor64xi,https://jobs.smartrecruiters.com/SMCP/744000142652079,Responsable de boutique - ROUEN - CDD H/F,Fursac,744000142652079,FR,Sandro
cmtk29pap0mdgnv2bth7fxomx,https://jobs.smartrecruiters.com/SMCP/744000142602866,Conseiller de vente 21h - Nice Cap 3000 - CDI,Fursac,744000142602866,FR,Sandro
cmtk29pb90mdknv2bknkanxib,https://jobs.smartrecruiters.com/SMCP/744000142595829,Retail [Fashion] Assistant Store Manager - Contratto a tempo determinato - Rinascente Tritone H/W,Claudie Pierlot,744000142595829,IT,Sandro
cmtk29pfy0me8nv2b6g6ehqoc,https://jobs.smartrecruiters.com/SMCP/744000141915450,Stage - Assistant Communication et Relations Presse F/H,Fursac,744000141915450,FR,Sandro
cmtk29phq0meknv2b7goy4xwm,https://jobs.smartrecruiters.com/SMCP/744000141744272,[Fashion] Conseiller.e de vente CDI 35h - Levallois H/F,Claudie Pierlot,744000141744272,FR,Sandro
cmtk29piu0mesnv2bnalg6rvh,https://jobs.smartrecruiters.com/SMCP/744000141725870,Premier Vendeur H/F - CDI - Galeries Lafayette Nantes,Maje,744000141725870,FR,Sandro
cmtk29pk20meznv2b75ktjgq2,https://jobs.smartrecruiters.com/SMCP/744000141709009,Retail Supervisor - Rotterdam,Maje,744000141709009,NL,Sandro
cmtk29ppz0mfvnv2b6bzdo1gi,https://jobs.smartrecruiters.com/SMCP/744000141212938,[Fashion] - Conseiller.e de ventes - Galeries Lafayette Tours - CDD 35h - H/F,Claudie Pierlot,744000141212938,FR,Sandro
cmtk29pvu0mgsnv2bgrrnwvo8,https://jobs.smartrecruiters.com/SMCP/744000140868539,Verkoopmedewerker - DBK Eindhoven - 30 hours,Maje,744000140868539,NL,Sandro
cmtk29q480mibnv2bl3fedo2f,https://jobs.smartrecruiters.com/SMCP/744000140309642,Responsable Boutique H/F - CDI - Annemasse,Maje,744000140309642,FR,Sandro
cmtk29q8p0mj1nv2bge4rru2x,https://jobs.smartrecruiters.com/SMCP/744000140040329,[Fashion] Sales Assistant - Temporary 19h - Stockholm M/F,SMCP,744000140040329,SE,Sandro
cmtk29q9c0mj5nv2bkluso16z,https://jobs.smartrecruiters.com/SMCP/744000140038429,[Fashion] Vendedor 12h - Madrid Claudio Coello H/M,Claudie Pierlot,744000140038429,ES,Sandro
cmtk29qwk0mmbnv2bmpd0wxry,https://jobs.smartrecruiters.com/SMCP/744000138648029,[Fashion] Responsable Boutique - Galeries Lafayette Rennes CDI 35h - H/F,Claudie Pierlot,744000138648029,FR,Sandro
cmtk29rol0mqknv2b9f4gpl52,https://jobs.smartrecruiters.com/SMCP/744000137379126,Responsable de boutique - Aix en Provence - CDI H/F,Fursac,744000137379126,FR,Sandro
cmtk29rrm0mr2nv2bs0yk6aeo,https://jobs.smartrecruiters.com/SMCP/744000137051945,Sales Assistant - 16 hours - Harvey Nichols,Maje,744000137051945,GB,Sandro
cmtk29rs50mr6nv2blo8ttddi,https://jobs.smartrecruiters.com/SMCP/744000137050979,Sales Assistant - 20 hours - Westbourne Grove,Maje,744000137050979,GB,Sandro
cmtk29rv40mrknv2bkfwuvgcg,https://jobs.smartrecruiters.com/SMCP/744000136495137,[Fashion] Vendedor 20h - Outlet Málaga H/M,Claudie Pierlot,744000136495137,ES,Sandro
cmtk29rvq0mronv2bjr8pdhf6,https://jobs.smartrecruiters.com/SMCP/744000136473779,[Fashion] - Conseiller.e de ventes - Roubaix - CDI 35h - H/F,Claudie Pierlot,744000136473779,FR,Sandro
cmtk29s0m0msdnv2buooffm4p,https://jobs.smartrecruiters.com/SMCP/744000136063699,[Fashion] - Conseiller.e de ventes - CDD 35h - Galeries Lafayette Luxembourg - H/F,Claudie Pierlot,744000136063699,LU,Sandro
cmtk29s3h0mstnv2bw5tv1v3h,https://jobs.smartrecruiters.com/SMCP/744000135969819,(Septembre 2026) - Stage - Assistant.e Développeur.euse Produit - H/F,Claudie Pierlot,744000135969819,FR,Sandro
cmtk29s5d0mt5nv2bjyithomg,https://jobs.smartrecruiters.com/SMCP/744000135949049,Verkaüfer - Minijobber Kadewe Berlin 10h M/W/D,Claudie Pierlot,744000135949049,DE,Sandro
cmtk29sae0mtznv2btygyhfxa,https://jobs.smartrecruiters.com/SMCP/744000135527722,Sales Assistant PT 21H - Milano / Appartenenza alle Categorie Protette (ex.art. 18 legge 68/99),Maje,744000135527722,IT,Sandro
cmtk29tkp0n16nv2bff57gm15,https://jobs.smartrecruiters.com/SMCP/744000131634120,Venditore 21h categorie protette (ex art. 18 legge 68/99) - H/W,Claudie Pierlot,744000131634120,IT,Sandro
cmtk29sjx0mvjnv2btkwbr3br,https://jobs.smartrecruiters.com/SMCP/744000134752679,STAGE - Conseiller.e de ventes -La Vallée Village - H/F,Claudie Pierlot,744000134752679,FR,Sandro
cmtk29sl30mvnnv2bmn38qpfm,https://jobs.smartrecruiters.com/SMCP/744000134749669,[Fashion] - Conseiller.e de ventes - St Dominique - CDI 35h - H/F,Claudie Pierlot,744000134749669,FR,Sandro
cmtk29sr00mwonv2b84nnzria,https://jobs.smartrecruiters.com/SMCP/744000133992479,Responsable de boutique - 35H - - CDI (H/F),SMCP,744000133992479,FR,Sandro
cmtk29ss50mwwnv2bm2ebe2pq,https://jobs.smartrecruiters.com/SMCP/744000133972719,[Fashion] Conseiller.e de vente CDD 30h - Aubonne H/F,Claudie Pierlot,744000133972719,CH,Sandro
cmtk29sxe0mxnnv2bv00ipwg8,https://jobs.smartrecruiters.com/SMCP/744000133374441,Vendedor/a Tiempo Parcial 30h - Barcelona ECI Diagonal,Maje,744000133374441,ES,Sandro
cmtk29sz70mxynv2b2d7fov8i,https://jobs.smartrecruiters.com/SMCP/744000133179059,[Fashion] - Conseiller.e de ventes CDI 30h - Printemps Caen - H/F,Claudie Pierlot,744000133179059,FR,Sandro
cmtk29t610myznv2bx4bp26p4,https://jobs.smartrecruiters.com/SMCP/744000132579978,[Fashion] Conseiller de vente CDD 15h - Lausanne H/F,Claudie Pierlot,744000132579978,CH,Sandro
cmtk29t7o0mz7nv2bwljutjzw,https://jobs.smartrecruiters.com/SMCP/744000132440855,(Septembre 2026) - Stage - Assistant.e Création de Contenu & Shootings - H/F,Claudie Pierlot,744000132440855,FR,Sandro
cmtk29tbc0mzonv2blibdjuib,https://jobs.smartrecruiters.com/SMCP/744000132374369,[Fashion] - Conseiller.e de ventes CDI 15h - Lyon Archers - H/F,Claudie Pierlot,744000132374369,FR,Sandro
cmtk29til0n0vnv2b9dloz9rr,https://jobs.smartrecruiters.com/SMCP/744000131694765,Retail Store Manager - Frankfurt - Temporary (m/w/d),Maje,744000131694765,DE,Sandro
cmtk29tmh0n1inv2bm2my5zhn,https://jobs.smartrecruiters.com/SMCP/744000131381289,Stock controller - Regent Street,Maje,744000131381289,GB,Sandro
cmtk29tn50n1mnv2bse5raem6,https://jobs.smartrecruiters.com/SMCP/744000131196697,[Fashion] Conseiller.e de vente CDD 35h - Marseille Terrasses du Port - H/F,Claudie Pierlot,744000131196697,FR,Sandro
cmtk29tob0n1tnv2b16v5t6na,https://jobs.smartrecruiters.com/SMCP/744000131127279,[Fashion] - Conseiller.e de ventes - Miramas Outlet - CDI 35h - H/F,Claudie Pierlot,744000131127279,FR,Sandro
cmtk29tty0n2onv2bls19ir6o,https://jobs.smartrecruiters.com/SMCP/744000130509195,STAGE - Conseiller.e de ventes - Toulouse - H/F,Claudie Pierlot,744000130509195,FR,Sandro
cmtk29tv10n2vnv2by7wvmpvm,https://jobs.smartrecruiters.com/SMCP/744000130375416,[Fashion] Responsable Boutique - Galeries Lafayette Avignon - CDD 35h - H/F,Claudie Pierlot,744000130375416,FR,Sandro
cmtk29u1e0n3qnv2bybh84wdb,https://jobs.smartrecruiters.com/SMCP/744000129931159,Verkaüfer - Kadewe Berlin 30h - M/W/D,Claudie Pierlot,744000129931159,DE,Sandro
cmtk29uae0n56nv2b5liqop28,https://jobs.smartrecruiters.com/SMCP/744000128743779,[Fashion] Conseiller.e de vente Anglophone & Russophone CDD 30h - Cannes H/F,Claudie Pierlot,744000128743779,FR,Sandro
cmtk29udg0n5pnv2bjltqlg24,https://jobs.smartrecruiters.com/SMCP/744000127944950,Retail Sales Assistant - Part time - Marylebone,Maje,744000127944950,GB,Sandro
cmtk29ue10n5tnv2bnp9qze1f,https://jobs.smartrecruiters.com/SMCP/744000127902739,Verkoopmedewerker - Maastricht - 30h -,Maje,744000127902739,NL,Sandro
cmtk29ufb0n60nv2bqc3bhpx4,https://jobs.smartrecruiters.com/SMCP/744000127676232,Responsable de boutique - Lyon - CDI H/F,Fursac,744000127676232,FR,Sandro
cmtk29uii0n6knv2bcthhpmp8,https://jobs.smartrecruiters.com/SMCP/744000127136671,Responsable de boutique - Printemps Lille - CDD H/F,Fursac,744000127136671,FR,Sandro
cmtk29ugh0n68nv2bjt17mvie,https://jobs.smartrecruiters.com/SMCP/744000127635800,[Fashion] Conseiller.e de vente CDD 10h - Manor Genève H/F,Claudie Pierlot,744000127635800,CH,Sandro
cmtk29uhw0n6gnv2bl97uxmnd,https://jobs.smartrecruiters.com/SMCP/744000127430214,Vendedor/a 20H (Temporal) - Madrid Las Rozas Outlet,Maje,744000127430214,ES,Sandro
cmtk29ulq0n74nv2bkf2o1wls,https://jobs.smartrecruiters.com/SMCP/744000126280169,Conseiller de Vente H/F - CDD 35H - La Rochelle,Maje,744000126280169,FR,Sandro
cmtk29unt0n7fnv2b11ojasom,https://jobs.smartrecruiters.com/SMCP/744000125818116,Conseiller de vente 20h - Paris - CDI H/F,Fursac,744000125818116,FR,Sandro
cmtk29uv50n8lnv2bqygqd4re,https://jobs.smartrecruiters.com/SMCP/744000125047069,Conseiller de vente 35h - CDD H/F,Fursac,744000125047069,FR,Sandro
cmtk29v3b0n9wnv2bis8ikrvz,https://jobs.smartrecruiters.com/SMCP/744000122692493,Vendeur/euse - GL Luxembourg - 24H,Maje,744000122692493,LU,Sandro
cmtk29v400na0nv2bf53er480,https://jobs.smartrecruiters.com/SMCP/744000122679944,Winkelbegeleider - DBK Amsterdam,Maje,744000122679944,NL,Sandro
cmtk29v630nacnv2be9mcmod5,https://jobs.smartrecruiters.com/SMCP/744000122286889,Store Manager - Ingolstadt,SMCP,744000122286889,DE,Sandro
cmtk29vez0nblnv2bywyb565a,https://jobs.smartrecruiters.com/SMCP/744000119355166,Verkoopmedewerker - Ghent- Parttime,Maje,744000119355166,BE,Sandro
cmtk29vj90nccnv2biryi59ok,https://jobs.smartrecruiters.com/SMCP/744000116185867,Sales Assistant - Outlet Roermond - Part Time,Maje,744000116185867,NL,Sandro
cmtk29vk10ncgnv2bxwhw63pe,https://jobs.smartrecruiters.com/SMCP/744000116111828,Flagship Retail Supervisor - Regent Street,Maje,744000116111828,GB,Sandro
cmtk29vks0ncknv2b1yivkbx2,https://jobs.smartrecruiters.com/SMCP/744000116112428,Assistant Store Manager - Regent Street,Maje,744000116112428,GB,Sandro
cmtk29vlz0ncsnv2b9zqf4c8b,https://jobs.smartrecruiters.com/SMCP/744000115382317,Verkoopmedewerker - DBK Den Haag,Maje,744000115382317,NL,Sandro
cmtk29vnv0nd4nv2b3nufcpn1,https://jobs.smartrecruiters.com/SMCP/744000114432601,Verkäufer/in 8h (Minijober) Frankfurt (m/w/d),Maje,744000114432601,DE,Sandro
cmtk29vpb0ndcnv2b4b3e9uor,https://jobs.smartrecruiters.com/SMCP/744000114434867,Verkäufer/in - Full time - München OBERPOLLINGER (m/w/d),Maje,744000114434867,DE,Sandro
cmtk29vtn0ne1nv2bvhygc6yf,https://jobs.smartrecruiters.com/SMCP/744000114423427,Sales Assistant - Minijobber - Breuninger Münich (m/w/d),Maje,744000114423427,DE,Sandro
cmtk29vu80ne5nv2b66rpywwo,https://jobs.smartrecruiters.com/SMCP/744000114422868,Sales Assistant - Stuttgart - Part Time (30h),Maje,744000114422868,DE,Sandro
cmtk29vx60nennv2b30kuwuct,https://jobs.smartrecruiters.com/SMCP/744000112913652,[Fashion] Sales Assistant - 14h - Stockholm M/F,Claudie Pierlot,744000112913652,SE,Sandro
cmtk29vyg0nevnv2bgi9ojzbz,https://jobs.smartrecruiters.com/SMCP/744000112840292,Retail Supervisor - Ingolstadt (m/w/d),Maje,744000112840292,DE,Sandro
cmtk29vzs0nf3nv2br7y0mlej,https://jobs.smartrecruiters.com/SMCP/744000112195514,Assistant Store Manager - Ingolstadt,Maje,744000112195514,DE,Sandro
cmtk29w0g0nf7nv2bre2uvi5q,https://jobs.smartrecruiters.com/SMCP/744000111895006,Conseiller de Vente F/H - CDI - Le Chesnay,Maje,744000111895006,FR,Sandro
cmtk29w360nfnnv2boyo5swfp,https://jobs.smartrecruiters.com/SMCP/744000109571125,Retail Supervisor - Central London,Maje,744000109571125,GB,Sandro
cmtk29w4g0nfvnv2b6ujmebgf,https://jobs.smartrecruiters.com/SMCP/744000108198395,Verkäufer/in - Outlet Ingolstadt (m/w/d),Maje,744000108198395,DE,Sandro
cmtk29w510nfznv2bc01jmsij,https://jobs.smartrecruiters.com/SMCP/744000108008928,Retail Management Opportunities at Maje,Maje,744000108008928,NL,Sandro
cmtk29w5q0ng3nv2bivmipypr,https://jobs.smartrecruiters.com/SMCP/744000107042980,Flagship Retail Sales Assistant - Regent Street,Maje,744000107042980,GB,Sandro
cmtk29wa50ngtnv2bebrqus5y,https://jobs.smartrecruiters.com/SMCP/744000102617635,Stage Conseiller de vente - H/F,SMCP,744000102617635,FR,Sandro
cmtk29whk0ni2nv2bm1nddkzs,https://jobs.smartrecruiters.com/SMCP/744000089050955,Verkoopmedewerker - Utrecht,Maje,744000089050955,NL,Sandro
cmtk29wl20nimnv2bodi2pra4,https://jobs.smartrecruiters.com/SMCP/744000079692345,Sales advisor 24h - London - Permanent,Fursac,744000079692345,GB,Sandro
cmtk29wnv0nj1nv2basodaklx,https://jobs.smartrecruiters.com/SMCP/744000071832798,Verkoopmedewerker - Leidsestraat- Parttime,Maje,744000071832798,NL,Sandro
cmtk29wre0njknv2bvuv3f9ig,https://jobs.smartrecruiters.com/SMCP/744000061689685,Sales Assistant,Maje,744000061689685,BE,Sandro
cmtk29ws10njonv2bgn60qv1l,https://jobs.smartrecruiters.com/SMCP/744000060820234,Hamburg Breunninger - Sales Assistant - Teilzeit (m/w/d),Maje,744000060820234,DE,Sandro
cmtk29wt90njwnv2bnsagu6rc,https://jobs.smartrecruiters.com/SMCP/744000022348132,Sales Assistant PT 21H - Firenze / Appartenenza alle Categorie Protette (ex.art. 18 legge 68/99),Maje,744000022348132,IT,Sandro
