nom	site	bucket	detail
acbc	https://acbc.com/	alive	200
mavi step	https://mavistep.com/	alive	200
forthefly customs	https://www.fortheflycustoms.com/	alive	200
shabbies amsterdam	https://www.shabbiesamsterdam.com/	alive	200
aldola	http://www.aldola.com/	alive	200
flynow	https://flynowofficial.com/main/about.php	net-error	ECONNRESET
yume	https://yumelabel.com/	net-error	UNABLE_TO_GET_ISSUER_CERT_LOCALLY
rapanui	https://click.linksynergy.com/deeplink?id=Fluhu2U*BdY&mid=50425&murl=https%3A%2F%2Frapanuiclothing.com	alive	200
napo gloves	https://napogloves.com/	alive	200
cider	https://shopcider.com/	alive	200
corks and bubbles	http://corksandbubbles.ca/	alive	200
stacy adams	http://www.stacyadams.com/shop/index.html	http-dead	404
mineral options	http://www.mineraloptions.com/	alive	200
the store	https://www.tstore.com.my/	alive	200
caibai	https://www.bjcaibai.com.cn/	alive	200
yasania	https://yasania.com/	alive	200
cbd daily	http://www.cbddailyproducts.com/	alive	200
mario doni	https://www.mariodoni.it/en/	alive	200
sunheroes	https://www.sunheroes.com/	alive	200
primigi	https://www.primigi.it/	alive	200
bee good do good	http://www.vetiversolutions.org/	alive	200
3i	https://3i-store.com/	net-error	UND_ERR_CONNECT_TIMEOUT
amendi	https://www.amendi.com/	net-error	UND_ERR_CONNECT_TIMEOUT
recman	https://www.recman.pl/	net-error	UND_ERR_CONNECT_TIMEOUT
siena d	https://www.siena-d.com/	net-error	UND_ERR_CONNECT_TIMEOUT
ten cate	https://ltencate.com/nl/	net-error	UND_ERR_CONNECT_TIMEOUT
sparkz copenhagen	https://www.sparkz.dk/	net-error	UND_ERR_CONNECT_TIMEOUT
saint ape	https://shop.saint-ape.com/	net-error	UND_ERR_CONNECT_TIMEOUT
marks & spencer	https://marksandspencer.ru/	net-error	UND_ERR_CONNECT_TIMEOUT
o.c.t. mami	http://www.octmami.com/	net-error	UND_ERR_CONNECT_TIMEOUT
vera mont	https://www.veramont.com/	net-error	UND_ERR_CONNECT_TIMEOUT
june79	https://june79nyc.com/	net-error	UND_ERR_CONNECT_TIMEOUT
paperthinks	https://paperthinks.us/	net-error	UND_ERR_CONNECT_TIMEOUT
with sense	https://merci-saga.com/c/all_brand/WITHSENSE	net-error	UND_ERR_CONNECT_TIMEOUT
krystall-soamas	https://www.krystall-soamas.com/	net-error	UND_ERR_CONNECT_TIMEOUT
touch body works	http://www.evoketouch.com/	net-error	UND_ERR_CONNECT_TIMEOUT
little hedonist	https://www.littlehedonist.nl/	net-error	UND_ERR_CONNECT_TIMEOUT
metissier	https://www.metissier.com/	net-error	UND_ERR_CONNECT_TIMEOUT
kalina	http://www.kalina.org/	net-error	UND_ERR_CONNECT_TIMEOUT
houtbrox	http://www.houtbrox.nl/	net-error	UND_ERR_CONNECT_TIMEOUT
3pommes	https://www.3pommes.com/	net-error	UND_ERR_CONNECT_TIMEOUT
vidorreta	https://www.calzadosvidorreta.com/	net-error	UND_ERR_CONNECT_TIMEOUT
radyan corporation	https://radyan.net/	net-error	UND_ERR_CONNECT_TIMEOUT
esseutesse	https://www.esseutesse.it/	net-error	UND_ERR_CONNECT_TIMEOUT
rrrrrrrrr	https://merci-saga.com/	net-error	UND_ERR_CONNECT_TIMEOUT
edition	https://www.edition.com/edition/zh	net-error	UND_ERR_CONNECT_TIMEOUT
gian marco venturi	https://gmv-gianmarcoventuri.it/	net-error	UND_ERR_CONNECT_TIMEOUT
freemans	http://www.freemans.com/	net-error	UND_ERR_CONNECT_TIMEOUT
ultra diamonds	http://www.ultradiamonds.com/	net-error	UND_ERR_CONNECT_TIMEOUT
sergio valente	http://www.svjeans.com/	net-error	UND_ERR_CONNECT_TIMEOUT
derier	https://www.derier.com.cn/	net-error	UND_ERR_CONNECT_TIMEOUT
daniele	https://www.danielecarlotta.com/	net-error	UND_ERR_CONNECT_TIMEOUT
sephirah seven candle collective	https://sephirahseven.com/	net-error	UND_ERR_CONNECT_TIMEOUT
colin's jeans	https://www.colins.ru/	net-error	UND_ERR_CONNECT_TIMEOUT
discount universe	https://discountuniverse.com.au/	net-error	UND_ERR_CONNECT_TIMEOUT
danaë trans-missie	https://www.trans-missie.nl/	net-error	UND_ERR_CONNECT_TIMEOUT
bogner	https://en.bogner.com/	net-error	UND_ERR_CONNECT_TIMEOUT
seafolly	https://www.seafolly.com.au/	net-error	UND_ERR_CONNECT_TIMEOUT
cbi laboratories	http://www.cbiskincare.com/	net-error	UND_ERR_CONNECT_TIMEOUT
breco's	https://www.brecos1975.com/	net-error	UND_ERR_CONNECT_TIMEOUT
s threads boutique	https://sthreads.boutique/	net-error	UND_ERR_CONNECT_TIMEOUT
blueberry jam store	https://www.blueberryjam.de/	net-error	UND_ERR_CONNECT_TIMEOUT
birgitte herskind	https://birgitteherskind.shop/	net-error	UND_ERR_CONNECT_TIMEOUT
betmar	https://www.betmarhats.com/	net-error	UND_ERR_CONNECT_TIMEOUT
vyayama	https://www.vyayama.com/	net-error	UND_ERR_CONNECT_TIMEOUT
sneaky fox	http://mpdenmark.espresso4.dk/brands/sneakyfox	net-error	UND_ERR_CONNECT_TIMEOUT
absorba	https://www.absorba.com/	net-error	UND_ERR_CONNECT_TIMEOUT
atuko	https://www.atukostudio.com/	net-error	UND_ERR_CONNECT_TIMEOUT
ascena retail group	https://www.ascenaretail.com/	net-error	UND_ERR_CONNECT_TIMEOUT
ara ag	https://www.about.ara-shoes.de/	net-error	UND_ERR_CONNECT_TIMEOUT
actree	http://www.actree.co.jp/en/	net-error	UND_ERR_CONNECT_TIMEOUT
articles de paris	https://www.articlesdeparis.com/	net-error	UND_ERR_CONNECT_TIMEOUT
ara	http://www.shoebuy.com/ara-shoes.htm	net-error	UND_ERR_CONNECT_TIMEOUT
ferruccio vecchi	https://ferrucciovecchi.com/	net-error	UND_ERR_CONNECT_TIMEOUT
fujisaki	http://www.fujisaki.co.jp/	net-error	fetch failed
joshua tree mug company	https://joshuatreemugco.com/	http-dead	522
roscomar	https://roscomar.com/	http-dead	522
pretty frank	http://pretty-frank.com/	http-dead	522
itstyle	https://www.itstylemakeup.fr/	timeout	
jins	http://www.jin-co.com/	timeout	
