sourceKey,kind,maison,identity,receiptForCurrentConfig,receiptRevision,receiptAt,enumeration,fetched,declaredTotal,rejectedRows,gap,deficit,issues,collection,details,ingestion,activeInDatabase,visibility
585-gold,smartrecruiters-whitelabel,585 Gold,LEGACY_UNCERTIFIED,True,b8c153f3,2026-09-09T11:43:12.964Z,EXHAUSTIVE_PROVEN,3,3,0,0,NONE,,COMPLETE,COMPLETE,RUN_OK;IN_SYNC,3,LIVE_CONTROL_REQUIRED
a-derma-4,workday,A-Derma +4,LEGACY_UNCERTIFIED,True,201e18b9,2026-09-10T05:58:25.808Z,EXHAUSTIVE_PROVEN,243,243,0,0,NONE,,COMPLETE,COMPLETE,RUN_OK;missingInDb=2;absentAtSource=10,251,LIVE_CONTROL_REQUIRED
abercrombie,smartrecruiters-whitelabel,Abercrombie & Fitch,LEGACY_UNCERTIFIED,True,b8c153f3,2026-09-09T11:43:13.341Z,EXHAUSTIVE_PROVEN,8,8,0,0,NONE,,COMPLETE,COMPLETE,RUN_OK;IN_SYNC,8,LIVE_CONTROL_REQUIRED
ackermans,teamtailor,Ackermans,LEGACY_UNCERTIFIED,True,b8c153f3,2026-09-09T11:43:13.352Z,EXHAUSTIVE_PROVEN,4,,0,0,NONE,,COMPLETE,COMPLETE,RUN_DEGRADED;IN_SYNC,4,LIVE_CONTROL_REQUIRED
acne-studios-jobylon,jobylon,Acne Studios,LEGACY_UNCERTIFIED,True,b8c153f3,2026-09-09T11:43:17.195Z,EXHAUSTIVE_PROVEN,30,30,0,0,NONE,,COMPLETE,COMPLETE,RUN_OK;missingInDb=0;absentAtSource=1,31,LIVE_CONTROL_REQUIRED
adidas,successfactors,adidas,LEGACY_UNCERTIFIED,True,a9833ef3,2026-09-09T12:55:46.462Z,EXHAUSTIVE_PROVEN,1093,1093,0,0,NONE,,COMPLETE,"PARTIAL:missingDescription=2,missingLocation=2,missingCountry=2,missingDate=2",RUN_DEGRADED;missingInDb=33;absentAtSource=82,1142,LIVE_CONTROL_REQUIRED
adopt-parfums,flatchr,Adopt Parfums,CERTIFIED_CURRENT,True,b8c153f3,2026-09-09T11:43:59.391Z,EXHAUSTIVE_PROVEN,122,122,0,0,NONE,,COMPLETE,COMPLETE,RUN_OK;missingInDb=1;absentAtSource=0,121,LIVE_CONTROL_REQUIRED
aeropostale,icims,Aéropostale,LEGACY_UNCERTIFIED,True,d825f581,2026-09-09T18:36:00.854Z,EXHAUSTIVE_PROVEN,20,,0,0,NONE,,COMPLETE,COMPLETE,RUN_OK;missingInDb=2;absentAtSource=1,21,LIVE_CONTROL_REQUIRED
aeyde,personio,aeyde,LEGACY_UNCERTIFIED,True,bae127dc,2026-09-09T12:26:07.661Z,EXHAUSTIVE_PROVEN,10,,0,0,NONE,,COMPLETE,COMPLETE,RUN_DEGRADED;IN_SYNC,10,LIVE_CONTROL_REQUIRED
agency,smartrecruiters-whitelabel,Agency,LEGACY_UNCERTIFIED,True,b8c153f3,2026-09-09T11:44:06.968Z,EXHAUSTIVE_PROVEN,4,4,0,0,NONE,,COMPLETE,COMPLETE,RUN_OK;IN_SYNC,4,LIVE_CONTROL_REQUIRED
aigle,digitalrecruiters,Aigle,LEGACY_UNCERTIFIED,True,201e18b9,2026-09-10T05:58:03.042Z,EXHAUSTIVE_PROVEN,109,109,0,0,NONE,DIFFUSIONS_110_FOR_ANNOUNCEMENTS_109_ALL_READ,COMPLETE,COMPLETE,RUN_OK;IN_SYNC,109,LIVE_CONTROL_REQUIRED
aim-n,teamtailor,Aim'n,LEGACY_UNCERTIFIED,True,b8c153f3,2026-09-09T11:44:20.653Z,EXHAUSTIVE_PROVEN,4,,0,0,NONE,,COMPLETE,COMPLETE,RUN_DEGRADED;IN_SYNC,4,LIVE_CONTROL_REQUIRED
aime-leon-dore,greenhouse,Aimé Leon Dore,LEGACY_UNCERTIFIED,True,b8c153f3,2026-09-09T11:44:20.239Z,EXHAUSTIVE_PROVEN,12,,0,0,NONE,,COMPLETE,PARTIAL:missingCountry=12,RUN_OK;IN_SYNC,12,LIVE_CONTROL_REQUIRED
akira,teamtailor,AKIRA,LEGACY_UNCERTIFIED,True,b8c153f3,2026-09-09T11:44:24.543Z,EXHAUSTIVE_PROVEN,181,,0,0,NONE,,COMPLETE,"PARTIAL:missingLocation=1,missingCountry=1",RUN_DEGRADED;missingInDb=0;absentAtSource=6,187,LIVE_CONTROL_REQUIRED
alberto,generic-listing,Alberto,LEGACY_UNCERTIFIED,True,201e18b9,2026-09-10T05:58:09.843Z,EXHAUSTIVE_PROVEN,6,80,74,74,EXPLAINED,,INCOMPLETE_EXPLAINED,COMPLETE,RUN_DEGRADED;missingInDb=0;absentAtSource=3,9,LIVE_CONTROL_REQUIRED
alpha-industries,personio,alpha industries,LEGACY_UNCERTIFIED,True,bae127dc,2026-09-09T12:26:06.959Z,EXHAUSTIVE_PROVEN,2,,0,0,NONE,,COMPLETE,COMPLETE,RUN_DEGRADED;IN_SYNC,2,LIVE_CONTROL_REQUIRED
ami-paris,recruitee,AMI Paris,LEGACY_UNCERTIFIED,True,d12380b2,2026-09-09T12:01:20.921Z,EXHAUSTIVE_PROVEN,22,,0,0,NONE,,COMPLETE,COMPLETE,RUN_DEGRADED;missingInDb=0;absentAtSource=1,23,LIVE_CONTROL_REQUIRED
amiri,lever,AMIRI,LEGACY_UNCERTIFIED,True,b8c153f3,2026-09-09T11:44:28.148Z,EXHAUSTIVE_PROVEN,42,,0,0,NONE,,COMPLETE,"PARTIAL:missingDescription=4,missingCountry=42",RUN_OK;missingInDb=0;absentAtSource=1,43,LIVE_CONTROL_REQUIRED
annoushka,teamtailor,Annoushka,LEGACY_UNCERTIFIED,True,b8c153f3,2026-09-09T11:44:28.549Z,EXHAUSTIVE_PROVEN,3,,0,0,NONE,,COMPLETE,COMPLETE,RUN_DEGRADED;missingInDb=0;absentAtSource=1,4,LIVE_CONTROL_REQUIRED
apivita,workable,Apivita,LEGACY_UNCERTIFIED,True,d12380b2,2026-09-09T12:01:23.896Z,EXHAUSTIVE_PROVEN,10,10,0,0,NONE,,COMPLETE,COMPLETE,RUN_DEGRADED;missingInDb=0;absentAtSource=1,11,LIVE_CONTROL_REQUIRED
apm-monaco,workable,APM Monaco,LEGACY_UNCERTIFIED,True,d12380b2,2026-09-09T12:01:35.784Z,EXHAUSTIVE_PROVEN,102,102,0,0,NONE,,COMPLETE,COMPLETE,RUN_DEGRADED;missingInDb=11;absentAtSource=7,98,LIVE_CONTROL_REQUIRED
aptar-beauty,successfactors,Aptar Group,CERTIFIED_CURRENT,True,46054a71,2026-09-09T12:49:24.849Z,EXHAUSTIVE_PROVEN,212,212,0,0,NONE,,COMPLETE,PARTIAL:missingCountry=2,RUN_OK;missingInDb=3;absentAtSource=8,224,LIVE_CONTROL_REQUIRED
aritzia,workday,Aritzia,LEGACY_UNCERTIFIED,True,201e18b9,2026-09-10T06:00:26.538Z,EXHAUSTIVE_PROVEN,547,547,0,0,NONE,,COMPLETE,"PARTIAL:missingDescription=5,missingCountry=5,missingDate=5",RUN_OK;missingInDb=1;absentAtSource=8,554,LIVE_CONTROL_REQUIRED
army-logic,lever,Army Logic,LEGACY_UNCERTIFIED,True,b8c153f3,2026-09-09T11:44:57.635Z,EXHAUSTIVE_PROVEN,18,,0,0,NONE,,COMPLETE,"PARTIAL:missingDescription=1,missingCountry=18",RUN_OK;missingInDb=0;absentAtSource=3,21,LIVE_CONTROL_REQUIRED
aroma-zone,teamtailor,Aroma-Zone,LEGACY_UNCERTIFIED,True,b8c153f3,2026-09-09T11:44:58.740Z,EXHAUSTIVE_PROVEN,175,,0,0,NONE,,COMPLETE,COMPLETE,RUN_DEGRADED;missingInDb=1;absentAtSource=10,184,LIVE_CONTROL_REQUIRED
asics,smartrecruiters-whitelabel,ASICS,LEGACY_UNCERTIFIED,True,b8c153f3,2026-09-09T11:45:12.552Z,EXHAUSTIVE_PROVEN,46,46,0,0,NONE,,COMPLETE,COMPLETE,RUN_OK;missingInDb=1;absentAtSource=8,53,LIVE_CONTROL_REQUIRED
asket,teamtailor,ASKET,LEGACY_UNCERTIFIED,True,b8c153f3,2026-09-09T11:45:13.232Z,EXHAUSTIVE_PROVEN,2,,0,0,NONE,,COMPLETE,COMPLETE,RUN_DEGRADED;IN_SYNC,2,LIVE_CONTROL_REQUIRED
asos,smartrecruiters-whitelabel,ASOS,LEGACY_UNCERTIFIED,True,b8c153f3,2026-09-09T11:45:18.904Z,EXHAUSTIVE_PROVEN,64,64,0,0,NONE,,COMPLETE,COMPLETE,RUN_OK;missingInDb=5;absentAtSource=7,66,LIVE_CONTROL_REQUIRED
attaquer,generic-listing,Attaquer,LEGACY_UNCERTIFIED,True,d825f581,2026-09-09T18:35:53.997Z,NOT_PROVEN,3,,0,0,NONE,"NO_PUBLISHER_LISTING_OR_SITEMAP,ENUMERATION_NOT_PROVEN",NOT_PROVEN,COMPLETE,RUN_DEGRADED;IN_SYNC,3,LIVE_CONTROL_REQUIRED
audemars-piguet,smartrecruiters-whitelabel,Audemars Piguet,LEGACY_UNCERTIFIED,True,b8c153f3,2026-09-09T11:45:30.186Z,EXHAUSTIVE_PROVEN,94,94,0,0,NONE,,COMPLETE,COMPLETE,RUN_OK;missingInDb=0;absentAtSource=1,95,LIVE_CONTROL_REQUIRED
avolta,successfactors,Avolta (Dufry),LEGACY_UNCERTIFIED,True,e91169da,2026-09-09T12:39:11.783Z,EXHAUSTIVE_PROVEN,249,249,0,0,NONE,,COMPLETE,PARTIAL:missingCountry=249,RUN_DEGRADED;missingInDb=3;absentAtSource=2,248,LIVE_CONTROL_REQUIRED
axel-arigato,teamtailor,AXEL ARIGATO,LEGACY_UNCERTIFIED,True,b8c153f3,2026-09-09T11:45:53.189Z,EXHAUSTIVE_PROVEN,2,,0,0,NONE,,COMPLETE,COMPLETE,RUN_DEGRADED;IN_SYNC,2,LIVE_CONTROL_REQUIRED
b-s-international,smartrecruiters-whitelabel,B's International,LEGACY_UNCERTIFIED,True,b8c153f3,2026-09-09T11:48:42.859Z,EXHAUSTIVE_PROVEN,62,62,0,0,NONE,,COMPLETE,COMPLETE,RUN_OK;missingInDb=0;absentAtSource=9,71,LIVE_CONTROL_REQUIRED
baccarat,talentview,Baccarat,LEGACY_UNCERTIFIED,True,b8c153f3,2026-09-09T11:45:56.616Z,EXHAUSTIVE_PROVEN,19,,0,0,NONE,,COMPLETE,COMPLETE,RUN_DEGRADED;missingInDb=8;absentAtSource=0,11,LIVE_CONTROL_REQUIRED
ballantynes,smartrecruiters-whitelabel,Ballantynes,LEGACY_UNCERTIFIED,True,b8c153f3,2026-09-09T11:45:57.967Z,EXHAUSTIVE_PROVEN,11,11,0,0,NONE,,COMPLETE,COMPLETE,RUN_OK;missingInDb=0;absentAtSource=1,12,LIVE_CONTROL_REQUIRED
balmain,talentsoft,Balmain,LEGACY_UNCERTIFIED,True,b8c153f3,2026-09-09T11:46:01.167Z,EXHAUSTIVE_PROVEN,27,27,0,0,NONE,,COMPLETE,PARTIAL:missingCountry=27,RUN_OK;IN_SYNC,27,LIVE_CONTROL_REQUIRED
baron,smartrecruiters-whitelabel,Baron,LEGACY_UNCERTIFIED,True,b8c153f3,2026-09-09T11:46:02.113Z,EXHAUSTIVE_PROVEN,5,5,0,0,NONE,,COMPLETE,COMPLETE,RUN_OK;IN_SYNC,5,LIVE_CONTROL_REQUIRED
bash-talents,bashtalents,ba&sh,LEGACY_UNCERTIFIED,True,b8c153f3,2026-09-09T11:46:10.951Z,EXHAUSTIVE_PROVEN,50,50,0,0,NONE,,COMPLETE,PARTIAL:missingCountry=50,RUN_OK;missingInDb=0;absentAtSource=7,57,LIVE_CONTROL_REQUIRED
beauty-success-geodir,geodirectory,Beauty Success,LEGACY_UNCERTIFIED,True,b8c153f3,2026-09-09T11:46:17.557Z,EXHAUSTIVE_PROVEN,109,109,0,0,NONE,,COMPLETE,COMPLETE,RUN_OK;missingInDb=4;absentAtSource=5,110,LIVE_CONTROL_REQUIRED
bego,recruitee,Bego,LEGACY_UNCERTIFIED,True,d12380b2,2026-09-09T12:01:26.173Z,EXHAUSTIVE_PROVEN,10,,0,0,NONE,,COMPLETE,COMPLETE,RUN_DEGRADED;missingInDb=0;absentAtSource=1,11,LIVE_CONTROL_REQUIRED
beiersdorf,generic-listing,Beiersdorf,LEGACY_UNCERTIFIED,True,201e18b9,2026-09-10T05:58:37.096Z,NOT_PROVEN,109,109,0,0,NONE,"BROKEN_PAGER_REPEATS_LAST_PAGE,ENUMERATION_NOT_PROVEN",NOT_PROVEN,COMPLETE,RUN_DEGRADED;missingInDb=10;absentAtSource=18,117,LIVE_CONTROL_REQUIRED
bella-canvas,greenhouse,BELLA+CANVAS,LEGACY_UNCERTIFIED,True,b8c153f3,2026-09-09T11:46:29.911Z,EXHAUSTIVE_PROVEN,2,,0,0,NONE,,COMPLETE,PARTIAL:missingCountry=2,RUN_OK;IN_SYNC,2,LIVE_CONTROL_REQUIRED
bellabeat,smartrecruiters-whitelabel,Bellabeat,LEGACY_UNCERTIFIED,True,b8c153f3,2026-09-09T11:46:29.420Z,EXHAUSTIVE_PROVEN,1,1,0,0,NONE,,COMPLETE,COMPLETE,RUN_OK;IN_SYNC,1,LIVE_CONTROL_REQUIRED
bellroy,greenhouse,Bellroy,LEGACY_UNCERTIFIED,True,b8c153f3,2026-09-09T11:46:30.499Z,EXHAUSTIVE_PROVEN,14,,0,0,NONE,,COMPLETE,PARTIAL:missingCountry=14,RUN_OK;IN_SYNC,14,LIVE_CONTROL_REQUIRED
belstaff,teamtailor,Belstaff,LEGACY_UNCERTIFIED,True,b8c153f3,2026-09-09T11:46:31.294Z,EXHAUSTIVE_PROVEN,40,,0,0,NONE,,COMPLETE,COMPLETE,RUN_DEGRADED;missingInDb=0;absentAtSource=6,46,LIVE_CONTROL_REQUIRED
bernadette,greenhouse,BERNADETTE,LEGACY_UNCERTIFIED,True,b8c153f3,2026-09-09T11:46:31.813Z,EXHAUSTIVE_PROVEN,1,,0,0,NONE,,COMPLETE,PARTIAL:missingCountry=1,RUN_OK;IN_SYNC,1,LIVE_CONTROL_REQUIRED
bespoke-post,lever,Bespoke Post,LEGACY_UNCERTIFIED,True,b8c153f3,2026-09-09T11:46:33.254Z,EXHAUSTIVE_PROVEN,4,,0,0,NONE,,COMPLETE,"PARTIAL:missingDescription=1,missingCountry=4",RUN_OK;IN_SYNC,4,LIVE_CONTROL_REQUIRED
bevilles-jewellers,generic-listing,Bevilles Jewellers,LEGACY_UNCERTIFIED,True,201e18b9,2026-09-10T05:58:44.371Z,EXHAUSTIVE_PROVEN,24,24,0,0,NONE,,COMPLETE,COMPLETE,RUN_OK;missingInDb=1;absentAtSource=1,24,LIVE_CONTROL_REQUIRED
blacks,greenhouse,Blacks,LEGACY_UNCERTIFIED,True,b8c153f3,2026-09-09T11:46:41.783Z,EXHAUSTIVE_PROVEN,1,,0,0,NONE,,COMPLETE,PARTIAL:missingCountry=1,RUN_OK;IN_SYNC,1,LIVE_CONTROL_REQUIRED
blackstore,jobaffinity-wordpress,Blackstore,CERTIFIED_CURRENT,True,b8c153f3,2026-09-09T11:46:50.669Z,EXHAUSTIVE_PROVEN,54,54,0,0,NONE,,COMPLETE,COMPLETE,RUN_DEGRADED;missingInDb=6;absentAtSource=0,48,LIVE_CONTROL_REQUIRED
bloom,smartrecruiters-whitelabel,Bloom,LEGACY_UNCERTIFIED,True,b8c153f3,2026-09-09T11:46:44.991Z,EXHAUSTIVE_PROVEN,2,2,0,0,NONE,,COMPLETE,COMPLETE,RUN_OK;IN_SYNC,2,LIVE_CONTROL_REQUIRED
bloomingdales-oracle,oraclehcm,Bloomingdale's,LEGACY_UNCERTIFIED,True,b8c153f3,2026-09-09T11:48:07.730Z,EXHAUSTIVE_PROVEN,774,774,0,0,NONE,,COMPLETE,PARTIAL:missingDescription=1,RUN_OK;missingInDb=16;absentAtSource=33,791,LIVE_CONTROL_REQUIRED
blue-banana,teamtailor,Blue Banana,LEGACY_UNCERTIFIED,True,b8c153f3,2026-09-09T11:46:51.601Z,EXHAUSTIVE_PROVEN,17,,0,0,NONE,,COMPLETE,"PARTIAL:missingLocation=2,missingCountry=2",RUN_DEGRADED;missingInDb=0;absentAtSource=3,20,LIVE_CONTROL_REQUIRED
blueland,lever,Blueland,LEGACY_UNCERTIFIED,True,b8c153f3,2026-09-09T11:46:53.689Z,EXHAUSTIVE_PROVEN,3,,0,0,NONE,,COMPLETE,"PARTIAL:missingDescription=1,missingCountry=3",RUN_OK;IN_SYNC,3,LIVE_CONTROL_REQUIRED
boggi-milano,recruitee,Boggi Milano,LEGACY_UNCERTIFIED,True,d12380b2,2026-09-09T12:01:26.682Z,EXHAUSTIVE_PROVEN,98,,0,0,NONE,,COMPLETE,COMPLETE,RUN_DEGRADED;missingInDb=0;absentAtSource=7,105,LIVE_CONTROL_REQUIRED
bombas,greenhouse,Bombas,LEGACY_UNCERTIFIED,True,b8c153f3,2026-09-09T11:46:54.746Z,EXHAUSTIVE_PROVEN,11,,0,0,NONE,,COMPLETE,PARTIAL:missingCountry=11,RUN_OK;missingInDb=0;absentAtSource=2,13,LIVE_CONTROL_REQUIRED
boots,generic-listing,Boots,LEGACY_UNCERTIFIED,True,201e18b9,2026-09-10T06:03:33.929Z,EXHAUSTIVE_PROVEN,1484,1605,121,121,EXPLAINED,,INCOMPLETE_EXPLAINED,PARTIAL:missingCountry=1484,RUN_DEGRADED;missingInDb=73;absentAtSource=197,1608,LIVE_CONTROL_REQUIRED
bravissimo,teamtailor,Bravissimo,LEGACY_UNCERTIFIED,True,b8c153f3,2026-09-09T11:48:08.320Z,EXHAUSTIVE_PROVEN,15,,0,0,NONE,,COMPLETE,COMPLETE,RUN_DEGRADED;missingInDb=0;absentAtSource=2,17,LIVE_CONTROL_REQUIRED
breitling-sf,successfactors,Breitling,LEGACY_UNCERTIFIED,True,e91169da,2026-09-09T12:39:18.013Z,EXHAUSTIVE_PROVEN,41,,0,0,NONE,,COMPLETE,COMPLETE,RUN_DEGRADED;IN_SYNC,41,LIVE_CONTROL_REQUIRED
bright,recruitee,BRIGHT,LEGACY_UNCERTIFIED,True,d12380b2,2026-09-09T12:01:27.067Z,EXHAUSTIVE_PROVEN,9,,0,0,NONE,,COMPLETE,COMPLETE,RUN_DEGRADED;IN_SYNC,9,LIVE_CONTROL_REQUIRED
brilliant-earth,greenhouse,Brilliant Earth,LEGACY_UNCERTIFIED,True,b8c153f3,2026-09-09T11:48:17.107Z,EXHAUSTIVE_PROVEN,78,,0,0,NONE,,COMPLETE,PARTIAL:missingCountry=78,RUN_OK;missingInDb=0;absentAtSource=4,82,LIVE_CONTROL_REQUIRED
brothers,teamtailor,Brothers,LEGACY_UNCERTIFIED,True,b8c153f3,2026-09-09T11:48:17.732Z,EXHAUSTIVE_PROVEN,15,,0,0,NONE,,COMPLETE,COMPLETE,RUN_DEGRADED;missingInDb=2;absentAtSource=0,13,LIVE_CONTROL_REQUIRED
brown-thomas-taleo,taleo,Brown Thomas Arnotts,LEGACY_UNCERTIFIED,True,d825f581,2026-09-09T18:36:00.083Z,NOT_PROVEN,70,,0,0,NONE,,NOT_PROVEN,"PARTIAL:missingCountry=70,missingDate=8",RUN_DEGRADED;missingInDb=1;absentAtSource=7,76,LIVE_CONTROL_REQUIRED
browns,lever,Farfetch (portail multi-enseignes),LEGACY_UNCERTIFIED,True,201e18b9,2026-09-10T06:00:28.806Z,EXHAUSTIVE_PROVEN,57,,0,0,NONE,,COMPLETE,"PARTIAL:missingDescription=4,missingCountry=57",RUN_OK;missingInDb=4;absentAtSource=10,63,LIVE_CONTROL_REQUIRED
browns-shoes,teamtailor,Browns Shoes,LEGACY_UNCERTIFIED,True,b8c153f3,2026-09-09T11:48:20.895Z,EXHAUSTIVE_PROVEN,66,,0,0,NONE,,COMPLETE,"PARTIAL:missingLocation=1,missingCountry=1",RUN_DEGRADED;missingInDb=0;absentAtSource=6,72,LIVE_CONTROL_REQUIRED
brunello-cucinelli,workday,Brunello Cucinelli,LEGACY_UNCERTIFIED,True,201e18b9,2026-09-10T06:00:36.831Z,EXHAUSTIVE_PROVEN,46,46,0,0,NONE,,COMPLETE,"PARTIAL:missingDescription=1,missingCountry=1,missingDate=1",RUN_OK;missingInDb=2;absentAtSource=1,45,LIVE_CONTROL_REQUIRED
bubble,greenhouse,Bubble,LEGACY_UNCERTIFIED,True,b8c153f3,2026-09-09T11:48:43.393Z,EXHAUSTIVE_PROVEN,6,,0,0,NONE,,COMPLETE,PARTIAL:missingCountry=6,RUN_OK;IN_SYNC,6,LIVE_CONTROL_REQUIRED
buck-mason,lever,Buck Mason,LEGACY_UNCERTIFIED,True,b8c153f3,2026-09-09T11:48:51.018Z,EXHAUSTIVE_PROVEN,243,,0,0,NONE,,COMPLETE,"PARTIAL:missingDescription=9,missingCountry=243",RUN_OK;missingInDb=0;absentAtSource=4,247,LIVE_CONTROL_REQUIRED
buff,teamtailor,BUFF,LEGACY_UNCERTIFIED,True,b8c153f3,2026-09-09T11:48:51.500Z,EXHAUSTIVE_PROVEN,4,,0,0,NONE,,COMPLETE,COMPLETE,RUN_DEGRADED;IN_SYNC,4,LIVE_CONTROL_REQUIRED
burberry,successfactors,Burberry,LEGACY_UNCERTIFIED,True,e91169da,2026-09-09T12:40:39.181Z,EXHAUSTIVE_PROVEN,136,136,0,0,NONE,,COMPLETE,PARTIAL:missingDescription=2,RUN_DEGRADED;missingInDb=4;absentAtSource=10,142,LIVE_CONTROL_REQUIRED
burnt,teamtailor,Burnt,LEGACY_UNCERTIFIED,True,b8c153f3,2026-09-09T11:50:00.588Z,EXHAUSTIVE_PROVEN,4,,0,0,NONE,,COMPLETE,COMPLETE,RUN_DEGRADED;missingInDb=1;absentAtSource=6,9,LIVE_CONTROL_REQUIRED
bzb,teamtailor,BZB,LEGACY_UNCERTIFIED,True,b8c153f3,2026-09-09T11:50:01.253Z,EXHAUSTIVE_PROVEN,18,,0,0,NONE,,COMPLETE,"PARTIAL:missingLocation=1,missingCountry=1",RUN_OK;missingInDb=0;absentAtSource=4,22,LIVE_CONTROL_REQUIRED
cabaia,teamtailor,Cabaia,LEGACY_UNCERTIFIED,True,b8c153f3,2026-09-09T11:50:04.296Z,EXHAUSTIVE_PROVEN,9,,0,0,NONE,,COMPLETE,COMPLETE,RUN_DEGRADED;missingInDb=1;absentAtSource=0,8,LIVE_CONTROL_REQUIRED
cal-k-holding,successfactors,Çalık Holding,LEGACY_UNCERTIFIED,True,46054a71,2026-09-09T12:49:25.771Z,EXHAUSTIVE_PROVEN,3,3,0,0,NONE,,COMPLETE,COMPLETE,RUN_DEGRADED;missingInDb=0;absentAtSource=1,4,LIVE_CONTROL_REQUIRED
cambio,teamtailor,CAMBIO,LEGACY_UNCERTIFIED,True,b8c153f3,2026-09-09T11:50:06.319Z,EXHAUSTIVE_PROVEN,9,,0,0,NONE,,COMPLETE,COMPLETE,RUN_DEGRADED;IN_SYNC,9,LIVE_CONTROL_REQUIRED
camper,teamtailor,CAMPER,LEGACY_UNCERTIFIED,True,b8c153f3,2026-09-09T11:50:06.711Z,EXHAUSTIVE_PROVEN,43,,0,0,NONE,,COMPLETE,"PARTIAL:missingLocation=4,missingCountry=4",RUN_DEGRADED;IN_SYNC,43,LIVE_CONTROL_REQUIRED
canada-goose,workday,Canada Goose,LEGACY_UNCERTIFIED,True,201e18b9,2026-09-10T06:00:51.415Z,EXHAUSTIVE_PROVEN,98,98,0,0,NONE,,COMPLETE,"PARTIAL:missingDescription=23,missingCountry=23,missingDate=19",RUN_OK;missingInDb=1;absentAtSource=4,101,LIVE_CONTROL_REQUIRED
capri-jimmy-choo,workday,Jimmy Choo,LEGACY_UNCERTIFIED,True,201e18b9,2026-09-10T06:00:59.095Z,EXHAUSTIVE_PROVEN,54,54,0,0,NONE,,COMPLETE,COMPLETE,RUN_OK;missingInDb=3;absentAtSource=1,52,LIVE_CONTROL_REQUIRED
capri-michael-kors,workday,Michael Kors,LEGACY_UNCERTIFIED,True,201e18b9,2026-09-10T06:02:35.655Z,EXHAUSTIVE_PROVEN,518,518,0,0,NONE,,COMPLETE,COMPLETE,RUN_OK;missingInDb=7;absentAtSource=18,529,LIVE_CONTROL_REQUIRED
castore,teamtailor,Castore,LEGACY_UNCERTIFIED,True,b8c153f3,2026-09-09T11:50:23.954Z,EXHAUSTIVE_PROVEN,26,,0,0,NONE,,COMPLETE,COMPLETE,RUN_DEGRADED;missingInDb=0;absentAtSource=1,27,LIVE_CONTROL_REQUIRED
catbird,lever,Catbird,LEGACY_UNCERTIFIED,True,b8c153f3,2026-09-09T11:50:25.548Z,EXHAUSTIVE_PROVEN,18,,0,0,NONE,,COMPLETE,"PARTIAL:missingDescription=3,missingCountry=18",RUN_OK;IN_SYNC,18,LIVE_CONTROL_REQUIRED
celio,teamtailor,celio,LEGACY_UNCERTIFIED,True,b8c153f3,2026-09-09T11:50:26.270Z,EXHAUSTIVE_PROVEN,8,,0,0,NONE,,COMPLETE,COMPLETE,RUN_DEGRADED;IN_SYNC,8,LIVE_CONTROL_REQUIRED
chalhoub,teamtailor,Chalhoub Group,LEGACY_UNCERTIFIED,True,b8c153f3,2026-09-09T11:50:29.287Z,EXHAUSTIVE_PROVEN,141,,0,0,NONE,,COMPLETE,COMPLETE,RUN_DEGRADED;missingInDb=4;absentAtSource=11,148,LIVE_CONTROL_REQUIRED
chico-s,workday,Chico's,LEGACY_UNCERTIFIED,True,201e18b9,2026-09-10T06:02:38.314Z,EXHAUSTIVE_PROVEN,10,10,0,0,NONE,,COMPLETE,COMPLETE,RUN_OK;missingInDb=0;absentAtSource=1,11,LIVE_CONTROL_REQUIRED
chisholm-hunter,smartrecruiters-whitelabel,Chisholm Hunter,LEGACY_UNCERTIFIED,True,b8c153f3,2026-09-09T11:50:32.587Z,EXHAUSTIVE_PROVEN,1,1,0,0,NONE,,COMPLETE,COMPLETE,RUN_OK;IN_SYNC,1,LIVE_CONTROL_REQUIRED
chrome,greenhouse,Chrome,LEGACY_UNCERTIFIED,True,b8c153f3,2026-09-09T11:50:33.071Z,EXHAUSTIVE_PROVEN,1,,0,0,NONE,,COMPLETE,PARTIAL:missingCountry=1,RUN_OK;IN_SYNC,1,LIVE_CONTROL_REQUIRED
city-beauty,greenhouse,City Beauty,LEGACY_UNCERTIFIED,True,b8c153f3,2026-09-09T11:50:33.504Z,EXHAUSTIVE_PROVEN,1,,0,0,NONE,,COMPLETE,PARTIAL:missingCountry=1,RUN_OK;IN_SYNC,1,LIVE_CONTROL_REQUIRED
clarins,successfactors,Clarins,LEGACY_UNCERTIFIED,True,e91169da,2026-09-09T12:40:05.957Z,EXHAUSTIVE_PROVEN,87,87,0,0,NONE,,COMPLETE,COMPLETE,RUN_DEGRADED;missingInDb=35;absentAtSource=3,55,LIVE_CONTROL_REQUIRED
clarkson-eyecare,greenhouse,Clarkson Eyecare,LEGACY_UNCERTIFIED,True,b8c153f3,2026-09-09T11:50:38.896Z,EXHAUSTIVE_PROVEN,143,,0,0,NONE,,COMPLETE,PARTIAL:missingCountry=143,RUN_OK;missingInDb=0;absentAtSource=10,153,LIVE_CONTROL_REQUIRED
closed,personio,CLOSED,LEGACY_UNCERTIFIED,True,bae127dc,2026-09-09T12:26:09.330Z,EXHAUSTIVE_PROVEN,14,,0,0,NONE,,COMPLETE,PARTIAL:missingCountry=1,RUN_DEGRADED;IN_SYNC,14,LIVE_CONTROL_REQUIRED
club-l-london,teamtailor,Club L London,LEGACY_UNCERTIFIED,True,b8c153f3,2026-09-09T11:50:41.144Z,EXHAUSTIVE_PROVEN,18,,0,0,NONE,,COMPLETE,COMPLETE,RUN_DEGRADED;IN_SYNC,18,LIVE_CONTROL_REQUIRED
club-monaco,greenhouse,Club Monaco,LEGACY_UNCERTIFIED,True,b8c153f3,2026-09-09T11:50:41.597Z,EXHAUSTIVE_PROVEN,24,,0,0,NONE,,COMPLETE,PARTIAL:missingCountry=24,RUN_OK;IN_SYNC,24,LIVE_CONTROL_REQUIRED
conde-nast-france,workday,Conde Nast France,LEGACY_UNCERTIFIED,True,201e18b9,2026-09-10T06:03:08.902Z,EXHAUSTIVE_PROVEN,136,136,0,0,NONE,,COMPLETE,COMPLETE,RUN_OK;missingInDb=1;absentAtSource=8,143,LIVE_CONTROL_REQUIRED
cotton-on,smartrecruiters-whitelabel,Cotton On,LEGACY_UNCERTIFIED,True,b8c153f3,2026-09-09T11:51:04.646Z,EXHAUSTIVE_PROVEN,3,3,0,0,NONE,,COMPLETE,COMPLETE,RUN_OK;IN_SYNC,3,LIVE_CONTROL_REQUIRED
courir,smartrecruiters-whitelabel,Courir,LEGACY_UNCERTIFIED,True,b8c153f3,2026-09-09T11:51:36.474Z,EXHAUSTIVE_PROVEN,387,387,0,0,NONE,,COMPLETE,COMPLETE,RUN_OK;missingInDb=0;absentAtSource=18,405,LIVE_CONTROL_REQUIRED
cove,teamtailor,Cove,LEGACY_UNCERTIFIED,True,b8c153f3,2026-09-09T11:51:37.114Z,EXHAUSTIVE_PROVEN,1,,0,0,NONE,,COMPLETE,COMPLETE,RUN_DEGRADED;IN_SYNC,1,LIVE_CONTROL_REQUIRED
crocs,successfactors,Crocs,LEGACY_UNCERTIFIED,True,e91169da,2026-09-09T12:41:11.850Z,EXHAUSTIVE_PROVEN,486,486,0,0,NONE,,COMPLETE,COMPLETE,RUN_DEGRADED;missingInDb=17;absentAtSource=43,512,LIVE_CONTROL_REQUIRED
cuyana,greenhouse,Cuyana,LEGACY_UNCERTIFIED,True,b8c153f3,2026-09-09T11:52:07.035Z,EXHAUSTIVE_PROVEN,1,,0,0,NONE,,COMPLETE,PARTIAL:missingCountry=1,RUN_OK;IN_SYNC,1,LIVE_CONTROL_REQUIRED
cynthia-rowley,smartrecruiters-whitelabel,Cynthia Rowley,LEGACY_UNCERTIFIED,True,b8c153f3,2026-09-09T11:52:07.605Z,EXHAUSTIVE_PROVEN,1,1,0,0,NONE,,COMPLETE,COMPLETE,RUN_OK;IN_SYNC,1,LIVE_CONTROL_REQUIRED
damart,teamtailor,Damart,LEGACY_UNCERTIFIED,True,b8c153f3,2026-09-09T11:52:08.086Z,EXHAUSTIVE_PROVEN,3,,0,0,NONE,,COMPLETE,COMPLETE,RUN_DEGRADED;missingInDb=1;absentAtSource=1,3,LIVE_CONTROL_REQUIRED
damiani,successfactors,Damiani,LEGACY_UNCERTIFIED,True,e91169da,2026-09-09T12:40:42.383Z,EXHAUSTIVE_PROVEN,28,28,0,0,NONE,,COMPLETE,PARTIAL:missingCountry=28,RUN_DEGRADED;IN_SYNC,28,LIVE_CONTROL_REQUIRED
de-beers-london,smartrecruiters-whitelabel,De Beers London,LEGACY_UNCERTIFIED,True,b8c153f3,2026-09-09T11:52:20.215Z,EXHAUSTIVE_PROVEN,102,102,0,0,NONE,,COMPLETE,COMPLETE,RUN_OK;missingInDb=7;absentAtSource=20,115,LIVE_CONTROL_REQUIRED
decjuba,successfactors,DECJUBA,LEGACY_UNCERTIFIED,True,e91169da,2026-09-09T12:41:01.804Z,EXHAUSTIVE_PROVEN,149,149,0,0,NONE,,COMPLETE,COMPLETE,RUN_DEGRADED;missingInDb=1;absentAtSource=2,150,LIVE_CONTROL_REQUIRED
deckers,workday,"Deckers (UGG, HOKA)",LEGACY_UNCERTIFIED,True,201e18b9,2026-09-10T06:04:49.213Z,EXHAUSTIVE_PROVEN,408,408,0,0,NONE,,COMPLETE,COMPLETE,RUN_OK;missingInDb=13;absentAtSource=15,410,LIVE_CONTROL_REQUIRED
dfs,successfactors,DFS,LEGACY_UNCERTIFIED,True,e91169da,2026-09-09T12:41:04.311Z,EXHAUSTIVE_PROVEN,4,4,0,0,NONE,,COMPLETE,PARTIAL:missingCountry=4,RUN_DEGRADED;IN_SYNC,4,LIVE_CONTROL_REQUIRED
dim,greenhouse,Dim,LEGACY_UNCERTIFIED,True,b8c153f3,2026-09-09T11:53:04.628Z,EXHAUSTIVE_PROVEN,45,,0,0,NONE,,COMPLETE,PARTIAL:missingCountry=45,RUN_OK;missingInDb=0;absentAtSource=2,47,LIVE_CONTROL_REQUIRED
diptyque-workday,workday,Diptyque,LEGACY_UNCERTIFIED,True,201e18b9,2026-09-10T06:03:49.665Z,EXHAUSTIVE_PROVEN,152,152,0,0,NONE,,COMPLETE,COMPLETE,RUN_OK;missingInDb=1;absentAtSource=3,154,LIVE_CONTROL_REQUIRED
dna,greenhouse,dna,LEGACY_UNCERTIFIED,True,b8c153f3,2026-09-09T11:53:20.918Z,EXHAUSTIVE_PROVEN,1,,0,0,NONE,,COMPLETE,PARTIAL:missingCountry=1,RUN_OK;IN_SYNC,1,LIVE_CONTROL_REQUIRED
dolce-gabbana,successfactors,Dolce & Gabbana,LEGACY_UNCERTIFIED,True,e91169da,2026-09-09T12:41:13.438Z,EXHAUSTIVE_PROVEN,97,97,0,0,NONE,,COMPLETE,COMPLETE,RUN_DEGRADED;missingInDb=1;absentAtSource=0,96,LIVE_CONTROL_REQUIRED
dolls-kill,lever,Dolls Kill,LEGACY_UNCERTIFIED,True,b8c153f3,2026-09-09T11:53:30.411Z,EXHAUSTIVE_PROVEN,12,,0,0,NONE,,COMPLETE,"PARTIAL:missingDescription=2,missingCountry=12",RUN_OK;missingInDb=1;absentAtSource=0,11,LIVE_CONTROL_REQUIRED
douglas-sf,successfactors,Douglas,LEGACY_UNCERTIFIED,True,e91169da,2026-09-09T12:41:28.654Z,EXHAUSTIVE_PROVEN,143,,0,0,NONE,,COMPLETE,COMPLETE,RUN_DEGRADED;missingInDb=8;absentAtSource=16,151,LIVE_CONTROL_REQUIRED
dr-martens-tf,talentfunnel,Dr. Martens,LEGACY_UNCERTIFIED,True,b8c153f3,2026-09-09T11:54:02.874Z,EXHAUSTIVE_PROVEN,148,148,0,0,NONE,,COMPLETE,PARTIAL:missingDescription=2,RUN_OK;missingInDb=2;absentAtSource=7,153,LIVE_CONTROL_REQUIRED
dr-pierre-ricaud,successfactors,Groupe Rocher,CERTIFIED_CURRENT,True,e91169da,2026-09-09T12:41:20.584Z,EXHAUSTIVE_PROVEN,63,63,0,0,NONE,,COMPLETE,COMPLETE,RUN_DEGRADED;missingInDb=24;absentAtSource=6,45,LIVE_CONTROL_REQUIRED
drunk-elephant-2,successfactors,Shiseido,CERTIFIED_CURRENT,True,e91169da,2026-09-09T12:41:34.913Z,EXHAUSTIVE_PROVEN,160,160,0,0,NONE,,COMPLETE,COMPLETE,RUN_DEGRADED;missingInDb=1;absentAtSource=7,166,LIVE_CONTROL_REQUIRED
dune-london,teamtailor,Dune London,LEGACY_UNCERTIFIED,True,b8c153f3,2026-09-09T11:54:07.309Z,EXHAUSTIVE_PROVEN,24,,0,0,NONE,,COMPLETE,COMPLETE,RUN_DEGRADED;missingInDb=1;absentAtSource=5,28,LIVE_CONTROL_REQUIRED
eastpak,smartrecruiters-whitelabel,Eastpak,LEGACY_UNCERTIFIED,True,b8c153f3,2026-09-09T11:54:08.174Z,EXHAUSTIVE_PROVEN,4,4,0,0,NONE,,COMPLETE,COMPLETE,RUN_OK;IN_SYNC,4,LIVE_CONTROL_REQUIRED
egon-zehnder,workable,Egon Zehnder,LEGACY_UNCERTIFIED,True,d12380b2,2026-09-09T12:01:38.506Z,EXHAUSTIVE_PROVEN,53,53,0,0,NONE,,COMPLETE,COMPLETE,RUN_DEGRADED;IN_SYNC,53,LIVE_CONTROL_REQUIRED
el-palacio-de-hierro,successfactors,El Palacio de Hierro,LEGACY_UNCERTIFIED,True,a12b7570,2026-09-09T12:41:32.077Z,EXHAUSTIVE_PROVEN,4,4,0,0,NONE,,COMPLETE,PARTIAL:missingCountry=3,RUN_DEGRADED;IN_SYNC,4,LIVE_CONTROL_REQUIRED
element-6,magnet,Element +6,LEGACY_UNCERTIFIED,True,d825f581,2026-09-09T18:36:02.129Z,NOT_PROVEN,391,,0,0,NONE,,NOT_PROVEN,COMPLETE,RUN_DEGRADED;missingInDb=13;absentAtSource=25,403,LIVE_CONTROL_REQUIRED
end-clothing,generic-listing,END.,LEGACY_UNCERTIFIED,True,6fcc021e,2026-09-09T20:05:40.006Z,EXHAUSTIVE_PROVEN,21,22,1,1,EXPLAINED,,INCOMPLETE_EXPLAINED,COMPLETE,RUN_DEGRADED;missingInDb=1;absentAtSource=2,22,LIVE_CONTROL_REQUIRED
ephemera,teamtailor,EPHEMERA,LEGACY_UNCERTIFIED,True,b8c153f3,2026-09-09T11:54:21.869Z,EXHAUSTIVE_PROVEN,26,,0,0,NONE,,COMPLETE,COMPLETE,RUN_DEGRADED;missingInDb=2;absentAtSource=4,28,LIVE_CONTROL_REQUIRED
eram-3,magnet,Eram +3,LEGACY_UNCERTIFIED,True,d825f581,2026-09-09T18:36:03.386Z,NOT_PROVEN,83,,0,0,NONE,,NOT_PROVEN,COMPLETE,RUN_DEGRADED;missingInDb=2;absentAtSource=8,89,LIVE_CONTROL_REQUIRED
eric-bompard,smartrecruiters-whitelabel,Eric Bompard,LEGACY_UNCERTIFIED,True,b8c153f3,2026-09-09T11:54:25.271Z,EXHAUSTIVE_PROVEN,44,44,0,0,NONE,,COMPLETE,COMPLETE,RUN_OK;missingInDb=13;absentAtSource=3,34,LIVE_CONTROL_REQUIRED
escada-parfums-16,successfactors,Coty,CERTIFIED_CURRENT,True,46054a71,2026-09-09T12:49:37.816Z,EXHAUSTIVE_PROVEN,130,130,0,0,NONE,,COMPLETE,COMPLETE,RUN_OK;missingInDb=3;absentAtSource=5,136,LIVE_CONTROL_REQUIRED
essilorluxottica,smartrecruiters-whitelabel,EssilorLuxottica,LEGACY_UNCERTIFIED,True,b8c153f3,2026-09-09T11:54:26.381Z,EXHAUSTIVE_PROVEN,7,7,0,0,NONE,,COMPLETE,COMPLETE,RUN_OK;IN_SYNC,7,LIVE_CONTROL_REQUIRED
estee-lauder-companies,eightfold,The Estée Lauder Companies,LEGACY_UNCERTIFIED,True,b8c153f3,2026-09-09T12:05:48.429Z,EXHAUSTIVE_PROVEN,1401,1401,0,0,NONE,,COMPLETE,PARTIAL:missingDescription=17,RUN_OK;missingInDb=5;absentAtSource=61,1457,LIVE_CONTROL_REQUIRED
etam,teamtailor,Etam,LEGACY_UNCERTIFIED,True,b8c153f3,2026-09-09T11:54:36.402Z,EXHAUSTIVE_PROVEN,241,,0,0,NONE,,COMPLETE,"PARTIAL:missingLocation=1,missingCountry=1",RUN_DEGRADED;missingInDb=3;absentAtSource=13,251,LIVE_CONTROL_REQUIRED
eurofragrance,teamtailor,Eurofragrance,LEGACY_UNCERTIFIED,True,b8c153f3,2026-09-09T11:54:42.167Z,EXHAUSTIVE_PROVEN,39,,0,0,NONE,,COMPLETE,COMPLETE,RUN_DEGRADED;missingInDb=0;absentAtSource=1,40,LIVE_CONTROL_REQUIRED
everlane,greenhouse,Everlane,LEGACY_UNCERTIFIED,True,b8c153f3,2026-09-09T11:54:42.623Z,EXHAUSTIVE_PROVEN,45,,0,0,NONE,,COMPLETE,PARTIAL:missingCountry=45,RUN_OK;IN_SYNC,45,LIVE_CONTROL_REQUIRED
everything-but-water,workday,Everything But Water,LEGACY_UNCERTIFIED,True,201e18b9,2026-09-10T06:03:58.159Z,EXHAUSTIVE_PROVEN,43,43,0,0,NONE,,COMPLETE,COMPLETE,RUN_OK;IN_SYNC,43,LIVE_CONTROL_REQUIRED
f-a-e,greenhouse,f.a.e.,LEGACY_UNCERTIFIED,True,b8c153f3,2026-09-09T11:54:50.636Z,EXHAUSTIVE_PROVEN,17,,0,0,NONE,,COMPLETE,PARTIAL:missingCountry=17,RUN_OK;IN_SYNC,17,LIVE_CONTROL_REQUIRED
faguo,teamtailor,FAGUO,LEGACY_UNCERTIFIED,True,b8c153f3,2026-09-09T11:54:51.571Z,EXHAUSTIVE_PROVEN,9,,0,0,NONE,,COMPLETE,COMPLETE,RUN_DEGRADED;missingInDb=0;absentAtSource=2,11,LIVE_CONTROL_REQUIRED
fastrack,teamtailor,Fastrack,LEGACY_UNCERTIFIED,True,b8c153f3,2026-09-09T11:54:52.420Z,EXHAUSTIVE_PROVEN,16,,0,0,NONE,,COMPLETE,"PARTIAL:missingLocation=2,missingCountry=2",RUN_DEGRADED;missingInDb=0;absentAtSource=2,18,LIVE_CONTROL_REQUIRED
fenwick-volcanic,volcanic,Fenwick,LEGACY_UNCERTIFIED,True,b8c153f3,2026-09-09T11:54:57.342Z,EXHAUSTIVE_PROVEN,31,31,0,0,NONE,,COMPLETE,"PARTIAL:missingCountry=31,missingDate=31",RUN_OK;IN_SYNC,31,LIVE_CONTROL_REQUIRED
ferrari,successfactors,Ferrari,LEGACY_UNCERTIFIED,True,a12b7570,2026-09-09T12:41:36.063Z,EXHAUSTIVE_PROVEN,7,7,0,0,NONE,,COMPLETE,COMPLETE,RUN_DEGRADED;IN_SYNC,7,LIVE_CONTROL_REQUIRED
figs,greenhouse,FIGS,LEGACY_UNCERTIFIED,True,b8c153f3,2026-09-09T11:54:59.194Z,EXHAUSTIVE_PROVEN,31,,0,0,NONE,,COMPLETE,PARTIAL:missingCountry=31,RUN_OK;missingInDb=5;absentAtSource=5,31,LIVE_CONTROL_REQUIRED
filson,greenhouse,Filson,LEGACY_UNCERTIFIED,True,b8c153f3,2026-09-09T11:54:59.715Z,EXHAUSTIVE_PROVEN,8,,0,0,NONE,,COMPLETE,PARTIAL:missingCountry=8,RUN_OK;missingInDb=0;absentAtSource=2,10,LIVE_CONTROL_REQUIRED
fitflop,teamtailor,FitFlop,LEGACY_UNCERTIFIED,True,b8c153f3,2026-09-09T11:55:00.430Z,EXHAUSTIVE_PROVEN,12,,0,0,NONE,,COMPLETE,COMPLETE,RUN_DEGRADED;IN_SYNC,12,LIVE_CONTROL_REQUIRED
fjallraven,teamtailor,Fjällräven,LEGACY_UNCERTIFIED,True,b8c153f3,2026-09-09T11:55:00.799Z,EXHAUSTIVE_PROVEN,1,,0,0,NONE,,COMPLETE,COMPLETE,RUN_DEGRADED;IN_SYNC,1,LIVE_CONTROL_REQUIRED
foot-locker-france,phenom,Foot Locker France,LEGACY_UNCERTIFIED,True,201e18b9,2026-09-10T06:04:15.652Z,NOT_PROVEN,2850,2861,0,11,EXPLAINED,"REPEATED_IDS_ACROSS_PAGES,ENUMERATION_NOT_PROVEN",INCOMPLETE_EXPLAINED,"PARTIAL:missingLocation=2,missingCountry=2",RUN_DEGRADED;missingInDb=19;absentAtSource=28,2859,LIVE_CONTROL_REQUIRED
frank-darling,teamtailor,Frank Darling,LEGACY_UNCERTIFIED,True,b8c153f3,2026-09-09T11:55:19.767Z,EXHAUSTIVE_PROVEN,33,,0,0,NONE,,COMPLETE,"PARTIAL:missingLocation=1,missingCountry=1",RUN_DEGRADED;IN_SYNC,33,LIVE_CONTROL_REQUIRED
fred-perry,teamtailor,Fred Perry,LEGACY_UNCERTIFIED,True,b8c153f3,2026-09-09T11:55:20.210Z,EXHAUSTIVE_PROVEN,19,,0,0,NONE,,COMPLETE,COMPLETE,RUN_DEGRADED;missingInDb=0;absentAtSource=1,20,LIVE_CONTROL_REQUIRED
funky-buddha,smartrecruiters-whitelabel,Funky Buddha,LEGACY_UNCERTIFIED,True,b8c153f3,2026-09-09T11:55:22.586Z,EXHAUSTIVE_PROVEN,23,23,0,0,NONE,,COMPLETE,COMPLETE,RUN_OK;IN_SYNC,23,LIVE_CONTROL_REQUIRED
g-label-by-goop,greenhouse,G.Label by Goop,LEGACY_UNCERTIFIED,True,b8c153f3,2026-09-09T11:55:39.164Z,EXHAUSTIVE_PROVEN,5,,0,0,NONE,,COMPLETE,PARTIAL:missingCountry=5,RUN_OK;IN_SYNC,5,LIVE_CONTROL_REQUIRED
galeries-lafayette,teamtailor,Galeries Lafayette,LEGACY_UNCERTIFIED,True,b8c153f3,2026-09-09T11:55:23.904Z,EXHAUSTIVE_PROVEN,163,,0,0,NONE,,COMPLETE,"PARTIAL:missingLocation=4,missingCountry=4",RUN_DEGRADED;missingInDb=3;absentAtSource=9,169,LIVE_CONTROL_REQUIRED
ganni-talentrecruiter,talentrecruiter,GANNI,CERTIFIED_CURRENT,True,201e18b9,2026-09-10T06:04:19.016Z,NOT_PROVEN,16,16,0,0,NONE,DESCRIPTION_MISSING:144686,NOT_PROVEN,"PARTIAL:missingDescription=2,missingLocation=1,missingCountry=8",RUN_NEW;IN_SYNC,16,LIVE_CONTROL_REQUIRED
gant,digitalrecruiters,GANT,LEGACY_UNCERTIFIED,True,201e18b9,2026-09-10T06:04:28.756Z,EXHAUSTIVE_PROVEN,108,108,0,0,NONE,DIFFUSIONS_112_FOR_ANNOUNCEMENTS_108_ALL_READ,COMPLETE,COMPLETE,RUN_OK;IN_SYNC,108,LIVE_CONTROL_REQUIRED
genesis,lever,Genesis,LEGACY_UNCERTIFIED,True,b8c153f3,2026-09-09T11:55:37.100Z,EXHAUSTIVE_PROVEN,4,,0,0,NONE,,COMPLETE,"PARTIAL:missingDescription=2,missingCountry=4",RUN_OK;missingInDb=0;absentAtSource=1,5,LIVE_CONTROL_REQUIRED
georges,teamtailor,GEORGES,LEGACY_UNCERTIFIED,True,b8c153f3,2026-09-09T11:55:37.784Z,EXHAUSTIVE_PROVEN,11,,0,0,NONE,,COMPLETE,COMPLETE,RUN_DEGRADED;missingInDb=0;absentAtSource=2,13,LIVE_CONTROL_REQUIRED
ghost,greenhouse,Ghost,LEGACY_UNCERTIFIED,True,b8c153f3,2026-09-09T11:55:38.181Z,EXHAUSTIVE_PROVEN,4,,0,0,NONE,,COMPLETE,PARTIAL:missingCountry=4,RUN_OK;IN_SYNC,4,LIVE_CONTROL_REQUIRED
glitter,teamtailor,Glitter,LEGACY_UNCERTIFIED,True,b8c153f3,2026-09-09T11:55:40.171Z,EXHAUSTIVE_PROVEN,31,,0,0,NONE,,COMPLETE,COMPLETE,RUN_DEGRADED;missingInDb=1;absentAtSource=2,32,LIVE_CONTROL_REQUIRED
globus,generic-listing,Globus,LEGACY_UNCERTIFIED,True,201e18b9,2026-09-10T06:04:31.893Z,NOT_PROVEN,22,22,0,0,NONE,"BROKEN_PAGER_REPEATS_LAST_PAGE,ENUMERATION_NOT_PROVEN",NOT_PROVEN,COMPLETE,RUN_DEGRADED;missingInDb=0;absentAtSource=1,23,LIVE_CONTROL_REQUIRED
glossier,greenhouse,Glossier,LEGACY_UNCERTIFIED,True,b8c153f3,2026-09-09T11:55:44.418Z,EXHAUSTIVE_PROVEN,24,,0,0,NONE,,COMPLETE,PARTIAL:missingCountry=24,RUN_OK;missingInDb=0;absentAtSource=2,26,LIVE_CONTROL_REQUIRED
go-outdoors,greenhouse,Go Outdoors,LEGACY_UNCERTIFIED,True,b8c153f3,2026-09-09T11:55:46.536Z,EXHAUSTIVE_PROVEN,4,,0,0,NONE,,COMPLETE,PARTIAL:missingCountry=4,RUN_OK;IN_SYNC,4,LIVE_CONTROL_REQUIRED
good-american,lever,Good American,LEGACY_UNCERTIFIED,True,b8c153f3,2026-09-09T11:55:46.072Z,EXHAUSTIVE_PROVEN,15,,0,0,NONE,,COMPLETE,"PARTIAL:missingDescription=2,missingCountry=15",RUN_OK;IN_SYNC,15,LIVE_CONTROL_REQUIRED
gorjana,greenhouse,Gorjana,LEGACY_UNCERTIFIED,True,b8c153f3,2026-09-09T11:55:47.076Z,EXHAUSTIVE_PROVEN,167,,0,0,NONE,,COMPLETE,PARTIAL:missingCountry=167,RUN_OK;IN_SYNC,167,LIVE_CONTROL_REQUIRED
got-bag,personio,GOT BAG,LEGACY_UNCERTIFIED,True,bae127dc,2026-09-09T12:26:09.335Z,EXHAUSTIVE_PROVEN,3,,0,0,NONE,,COMPLETE,COMPLETE,RUN_DEGRADED;IN_SYNC,3,LIVE_CONTROL_REQUIRED
groundies,personio,Groundies,LEGACY_UNCERTIFIED,True,bae127dc,2026-09-09T12:26:10.026Z,EXHAUSTIVE_PROVEN,1,,0,0,NONE,,COMPLETE,COMPLETE,RUN_DEGRADED;IN_SYNC,1,LIVE_CONTROL_REQUIRED
groupe-chantelle,talentsoft,Groupe Chantelle,LEGACY_UNCERTIFIED,True,b8c153f3,2026-09-09T11:55:53.723Z,EXHAUSTIVE_PROVEN,37,37,0,0,NONE,,COMPLETE,PARTIAL:missingCountry=37,RUN_OK;IN_SYNC,37,LIVE_CONTROL_REQUIRED
groupe-printemps,talentsoft,Groupe Printemps,LEGACY_UNCERTIFIED,True,b8c153f3,2026-09-09T11:56:06.405Z,EXHAUSTIVE_PROVEN,110,110,0,0,NONE,,COMPLETE,"PARTIAL:missingLocation=7,missingCountry=110",RUN_OK;missingInDb=0;absentAtSource=3,113,LIVE_CONTROL_REQUIRED
guild-pepper,greenhouse,Guild+Pepper,LEGACY_UNCERTIFIED,True,b8c153f3,2026-09-09T11:56:06.951Z,EXHAUSTIVE_PROVEN,4,,0,0,NONE,,COMPLETE,PARTIAL:missingCountry=4,RUN_OK;IN_SYNC,4,LIVE_CONTROL_REQUIRED
gymshark,greenhouse,Gymshark,LEGACY_UNCERTIFIED,True,b8c153f3,2026-09-09T11:56:07.490Z,EXHAUSTIVE_PROVEN,14,,0,0,NONE,,COMPLETE,PARTIAL:missingCountry=14,RUN_OK;missingInDb=1;absentAtSource=0,13,LIVE_CONTROL_REQUIRED
hanna-andersson,lever,Hanna Andersson,LEGACY_UNCERTIFIED,True,b8c153f3,2026-09-09T11:56:09.636Z,EXHAUSTIVE_PROVEN,8,,0,0,NONE,,COMPLETE,PARTIAL:missingCountry=8,RUN_OK;IN_SYNC,8,LIVE_CONTROL_REQUIRED
hans-anders,teamtailor,Hans Anders,LEGACY_UNCERTIFIED,True,b8c153f3,2026-09-09T11:56:10.761Z,EXHAUSTIVE_PROVEN,136,,0,0,NONE,,COMPLETE,COMPLETE,RUN_DEGRADED;missingInDb=0;absentAtSource=8,144,LIVE_CONTROL_REQUIRED
happy-socks,teamtailor,Happy Socks,LEGACY_UNCERTIFIED,True,b8c153f3,2026-09-09T11:56:11.561Z,EXHAUSTIVE_PROVEN,4,,0,0,NONE,,COMPLETE,COMPLETE,RUN_DEGRADED;IN_SYNC,4,LIVE_CONTROL_REQUIRED
herschel-supply-co,greenhouse,Herschel Supply Co.,LEGACY_UNCERTIFIED,True,b8c153f3,2026-09-09T11:56:12.063Z,EXHAUSTIVE_PROVEN,7,,0,0,NONE,,COMPLETE,PARTIAL:missingCountry=7,RUN_OK;IN_SYNC,7,LIVE_CONTROL_REQUIRED
hm-group,smartrecruiters-whitelabel,H&M Group,LEGACY_UNCERTIFIED,True,b8c153f3,2026-09-09T11:58:26.504Z,EXHAUSTIVE_PROVEN,1642,1642,0,0,NONE,,COMPLETE,PARTIAL:missingDescription=3,RUN_OK;missingInDb=36;absentAtSource=100,1706,LIVE_CONTROL_REQUIRED
hoff,teamtailor,Hoff,LEGACY_UNCERTIFIED,True,b8c153f3,2026-09-09T11:58:26.884Z,EXHAUSTIVE_PROVEN,8,,0,0,NONE,,COMPLETE,COMPLETE,RUN_DEGRADED;IN_SYNC,8,LIVE_CONTROL_REQUIRED
honey-birdette,teamtailor,Honey Birdette,LEGACY_UNCERTIFIED,True,b8c153f3,2026-09-09T11:58:27.674Z,EXHAUSTIVE_PROVEN,52,,0,0,NONE,,COMPLETE,COMPLETE,RUN_DEGRADED;missingInDb=0;absentAtSource=4,56,LIVE_CONTROL_REQUIRED
horace,teamtailor,Horace,LEGACY_UNCERTIFIED,True,b8c153f3,2026-09-09T11:58:28.216Z,EXHAUSTIVE_PROVEN,18,,0,0,NONE,,COMPLETE,"PARTIAL:missingLocation=2,missingCountry=2",RUN_DEGRADED;missingInDb=0;absentAtSource=1,19,LIVE_CONTROL_REQUIRED
hot-topic,lever,Hot Topic,LEGACY_UNCERTIFIED,True,b8c153f3,2026-09-09T11:58:29.957Z,EXHAUSTIVE_PROVEN,17,,0,0,NONE,,COMPLETE,"PARTIAL:missingDescription=1,missingCountry=17",RUN_OK;IN_SYNC,17,LIVE_CONTROL_REQUIRED
ilia,greenhouse,ILIA,LEGACY_UNCERTIFIED,True,b8c153f3,2026-09-09T11:58:36.247Z,EXHAUSTIVE_PROVEN,11,,0,0,NONE,,COMPLETE,PARTIAL:missingCountry=11,RUN_OK;missingInDb=0;absentAtSource=4,15,LIVE_CONTROL_REQUIRED
imi-s,greenhouse,imi's,LEGACY_UNCERTIFIED,True,b8c153f3,2026-09-09T11:58:36.768Z,EXHAUSTIVE_PROVEN,4,,0,0,NONE,,COMPLETE,PARTIAL:missingCountry=4,RUN_OK;IN_SYNC,4,LIVE_CONTROL_REQUIRED
indiska,teamtailor,Indiska,LEGACY_UNCERTIFIED,True,b8c153f3,2026-09-09T11:58:37.131Z,EXHAUSTIVE_PROVEN,2,,0,0,NONE,,COMPLETE,COMPLETE,RUN_DEGRADED;IN_SYNC,2,LIVE_CONTROL_REQUIRED
innisfree,smartrecruiters-whitelabel,Innisfree,LEGACY_UNCERTIFIED,True,b8c153f3,2026-09-09T11:58:37.682Z,EXHAUSTIVE_PROVEN,1,1,0,0,NONE,,COMPLETE,COMPLETE,RUN_OK;IN_SYNC,1,LIVE_CONTROL_REQUIRED
intersport,teamtailor,INTERSPORT,LEGACY_UNCERTIFIED,True,b8c153f3,2026-09-09T11:58:38.187Z,EXHAUSTIVE_PROVEN,4,,0,0,NONE,,COMPLETE,COMPLETE,RUN_OK;missingInDb=0;absentAtSource=1,5,LIVE_CONTROL_REQUIRED
intersport-france,jobaffinity-wordpress,Intersport,CERTIFIED_CURRENT,True,201e18b9,2026-09-10T06:06:47.923Z,EXHAUSTIVE_PROVEN,993,993,0,0,NONE,,COMPLETE,PARTIAL:missingCountry=7,RUN_DEGRADED;missingInDb=63;absentAtSource=0,930,LIVE_CONTROL_REQUIRED
iris-van-herpen,recruitee,Iris van Herpen,LEGACY_UNCERTIFIED,True,d12380b2,2026-09-09T12:01:38.897Z,EXHAUSTIVE_PROVEN,6,,0,0,NONE,,COMPLETE,COMPLETE,RUN_DEGRADED;IN_SYNC,6,LIVE_CONTROL_REQUIRED
it-s-fashion,smartrecruiters-whitelabel,It's Fashion,LEGACY_UNCERTIFIED,True,b8c153f3,2026-09-09T12:01:17.717Z,EXHAUSTIVE_PROVEN,1,1,0,0,NONE,,COMPLETE,COMPLETE,RUN_OK;IN_SYNC,1,LIVE_CONTROL_REQUIRED
j-lindeberg,teamtailor,J.Lindeberg,LEGACY_UNCERTIFIED,True,b8c153f3,2026-09-09T12:01:46.281Z,EXHAUSTIVE_PROVEN,12,,0,0,NONE,,COMPLETE,"PARTIAL:missingLocation=2,missingCountry=2",RUN_DEGRADED;IN_SYNC,12,LIVE_CONTROL_REQUIRED
jansport,workday,JanSport,LEGACY_UNCERTIFIED,True,201e18b9,2026-09-10T06:04:52.027Z,EXHAUSTIVE_PROVEN,7,7,0,0,NONE,,COMPLETE,"PARTIAL:missingDescription=6,missingCountry=6",RUN_OK;IN_SYNC,7,LIVE_CONTROL_REQUIRED
jd-sports,greenhouse,JD Sports,LEGACY_UNCERTIFIED,True,b8c153f3,2026-09-09T12:01:23.543Z,EXHAUSTIVE_PROVEN,204,,0,0,NONE,,COMPLETE,PARTIAL:missingCountry=204,RUN_OK;missingInDb=3;absentAtSource=0,201,LIVE_CONTROL_REQUIRED
jean-paul-gaultier-5,successfactors,Puig,CERTIFIED_CURRENT,True,46054a71,2026-09-09T12:49:59.122Z,EXHAUSTIVE_PROVEN,227,227,0,0,NONE,,COMPLETE,COMPLETE,RUN_OK;missingInDb=4;absentAtSource=22,249,LIVE_CONTROL_REQUIRED
jeans-centre,recruitee,Jeans Centre,LEGACY_UNCERTIFIED,True,d12380b2,2026-09-09T12:01:39.614Z,EXHAUSTIVE_PROVEN,53,,0,0,NONE,,COMPLETE,COMPLETE,RUN_DEGRADED;missingInDb=0;absentAtSource=16,69,LIVE_CONTROL_REQUIRED
jewells,teamtailor,Jewells,LEGACY_UNCERTIFIED,True,b8c153f3,2026-09-09T12:01:45.616Z,EXHAUSTIVE_PROVEN,4,,0,0,NONE,,COMPLETE,"PARTIAL:missingLocation=1,missingCountry=1",RUN_DEGRADED;IN_SYNC,4,LIVE_CONTROL_REQUIRED
joe-fresh,smartrecruiters-whitelabel,Joe Fresh,LEGACY_UNCERTIFIED,True,b8c153f3,2026-09-09T12:01:47.074Z,EXHAUSTIVE_PROVEN,3,3,0,0,NONE,,COMPLETE,COMPLETE,RUN_OK;IN_SYNC,3,LIVE_CONTROL_REQUIRED
john-henric,teamtailor,John Henric,LEGACY_UNCERTIFIED,True,b8c153f3,2026-09-09T12:01:47.812Z,EXHAUSTIVE_PROVEN,14,,0,0,NONE,,COMPLETE,COMPLETE,RUN_DEGRADED;IN_SYNC,14,LIVE_CONTROL_REQUIRED
jojo-maman-bebe,teamtailor,JoJo Maman Bébé,LEGACY_UNCERTIFIED,True,b8c153f3,2026-09-09T12:01:48.526Z,EXHAUSTIVE_PROVEN,23,,0,0,NONE,,COMPLETE,COMPLETE,RUN_DEGRADED;missingInDb=0;absentAtSource=5,28,LIVE_CONTROL_REQUIRED
jonsson-workwear,greenhouse,Jonsson Workwear,LEGACY_UNCERTIFIED,True,b8c153f3,2026-09-09T12:01:48.961Z,EXHAUSTIVE_PROVEN,32,,0,0,NONE,,COMPLETE,PARTIAL:missingCountry=32,RUN_OK;missingInDb=0;absentAtSource=4,36,LIVE_CONTROL_REQUIRED
jules,talentview,Jules,LEGACY_UNCERTIFIED,True,b8c153f3,2026-09-09T12:01:57.193Z,EXHAUSTIVE_PROVEN,73,,0,0,NONE,,COMPLETE,COMPLETE,RUN_DEGRADED;missingInDb=63;absentAtSource=0,10,LIVE_CONTROL_REQUIRED
julie-grace,personio,Julie & Grace,LEGACY_UNCERTIFIED,True,bae127dc,2026-09-09T12:26:11.778Z,EXHAUSTIVE_PROVEN,4,,0,0,NONE,,COMPLETE,PARTIAL:missingDate=1,RUN_DEGRADED;IN_SYNC,4,LIVE_CONTROL_REQUIRED
kapten-son,recruitee,Kapten & Son,LEGACY_UNCERTIFIED,True,d12380b2,2026-09-09T12:01:40.898Z,EXHAUSTIVE_PROVEN,27,,0,0,NONE,,COMPLETE,COMPLETE,RUN_DEGRADED;missingInDb=0;absentAtSource=3,30,LIVE_CONTROL_REQUIRED
karla-otto,teamtailor,Karla Otto,LEGACY_UNCERTIFIED,True,b8c153f3,2026-09-09T12:01:58.692Z,EXHAUSTIVE_PROVEN,11,,0,0,NONE,,COMPLETE,COMPLETE,RUN_DEGRADED;missingInDb=0;absentAtSource=2,13,LIVE_CONTROL_REQUIRED
kastner-ohler,generic-listing,Kastner & Öhler,LEGACY_UNCERTIFIED,True,d825f581,2026-09-09T18:38:39.132Z,NOT_PROVEN,5,,0,0,NONE,"NO_PUBLISHER_LISTING_OR_SITEMAP,ENUMERATION_NOT_PROVEN",NOT_PROVEN,COMPLETE,RUN_DEGRADED;missingInDb=2;absentAtSource=1,4,LIVE_CONTROL_REQUIRED
kate-mcleod,greenhouse,Kate McLeod,LEGACY_UNCERTIFIED,True,b8c153f3,2026-09-09T12:02:00.323Z,EXHAUSTIVE_PROVEN,3,,0,0,NONE,,COMPLETE,PARTIAL:missingCountry=3,RUN_OK;IN_SYNC,3,LIVE_CONTROL_REQUIRED
katie-loxton,teamtailor,Katie Loxton,LEGACY_UNCERTIFIED,True,b8c153f3,2026-09-09T12:02:00.790Z,EXHAUSTIVE_PROVEN,19,,0,0,NONE,,COMPLETE,COMPLETE,RUN_DEGRADED;IN_SYNC,19,LIVE_CONTROL_REQUIRED
kering,eightfold,Kering (toutes Maisons),LEGACY_UNCERTIFIED,True,6fcc021e,2026-09-09T20:12:26.125Z,EXHAUSTIVE_PROVEN,1033,1033,0,0,NONE,,COMPLETE,"PARTIAL:missingLocation=4,missingCountry=4",RUN_DEGRADED;missingInDb=25;absentAtSource=74,1105,LIVE_CONTROL_REQUIRED
kiabi,smartrecruiters-whitelabel,Kiabi,LEGACY_UNCERTIFIED,True,b8c153f3,2026-09-09T12:06:08.586Z,EXHAUSTIVE_PROVEN,240,240,0,0,NONE,,COMPLETE,PARTIAL:missingDescription=2,RUN_OK;missingInDb=7;absentAtSource=22,255,LIVE_CONTROL_REQUIRED
kicks,teamtailor,Kicks,LEGACY_UNCERTIFIED,True,b8c153f3,2026-09-09T12:06:09.041Z,EXHAUSTIVE_PROVEN,10,,0,0,NONE,,COMPLETE,COMPLETE,RUN_DEGRADED;missingInDb=0;absentAtSource=3,13,LIVE_CONTROL_REQUIRED
kidzart,smartrecruiters-whitelabel,Kidzart,LEGACY_UNCERTIFIED,True,b8c153f3,2026-09-09T12:06:09.747Z,EXHAUSTIVE_PROVEN,1,1,0,0,NONE,,COMPLETE,COMPLETE,RUN_OK;IN_SYNC,1,LIVE_CONTROL_REQUIRED
kiko-milano,recruitee,Kiko Milano,LEGACY_UNCERTIFIED,True,d12380b2,2026-09-09T12:01:46.046Z,EXHAUSTIVE_PROVEN,19,,0,0,NONE,,COMPLETE,COMPLETE,RUN_DEGRADED;missingInDb=2;absentAtSource=6,23,LIVE_CONTROL_REQUIRED
killstar,teamtailor,KILLSTAR,LEGACY_UNCERTIFIED,True,b8c153f3,2026-09-09T12:06:10.847Z,EXHAUSTIVE_PROVEN,3,,0,0,NONE,,COMPLETE,COMPLETE,RUN_DEGRADED;IN_SYNC,3,LIVE_CONTROL_REQUIRED
klattermusen,teamtailor,Klättermusen,LEGACY_UNCERTIFIED,True,b8c153f3,2026-09-09T12:06:11.165Z,EXHAUSTIVE_PROVEN,2,,0,0,NONE,,COMPLETE,COMPLETE,RUN_DEGRADED;IN_SYNC,2,LIVE_CONTROL_REQUIRED
knock-knock,greenhouse,Knock Knock,LEGACY_UNCERTIFIED,True,b8c153f3,2026-09-09T12:06:11.617Z,EXHAUSTIVE_PROVEN,1,,0,0,NONE,,COMPLETE,PARTIAL:missingCountry=1,RUN_OK;missingInDb=0;absentAtSource=1,2,LIVE_CONTROL_REQUIRED
kult-olymp-hades,recruitee,KULT | OLYMP&HADES,LEGACY_UNCERTIFIED,True,d12380b2,2026-09-09T12:01:46.576Z,EXHAUSTIVE_PROVEN,74,,0,0,NONE,,COMPLETE,COMPLETE,RUN_DEGRADED;missingInDb=0;absentAtSource=6,80,LIVE_CONTROL_REQUIRED
l-occitane-en-provence-2,successfactors,L’Occitane en Provence +2,LEGACY_UNCERTIFIED,True,a12b7570,2026-09-09T12:41:50.636Z,EXHAUSTIVE_PROVEN,20,20,0,0,NONE,,COMPLETE,COMPLETE,RUN_DEGRADED;missingInDb=5;absentAtSource=1,16,LIVE_CONTROL_REQUIRED
l-oreal-professionnel,avature,L'Oréal (toutes Maisons),LEGACY_UNCERTIFIED,True,201e18b9,2026-09-10T06:16:32.259Z,EXHAUSTIVE_PROVEN,1740,,0,0,NONE,,COMPLETE,"PARTIAL:missingDescription=2,missingLocation=264,missingCountry=1740",RUN_BROKEN;missingInDb=103;absentAtSource=167,1804,LIVE_CONTROL_REQUIRED
la-casa-de-las-carcasas,teamtailor,La casa de las Carcasas,LEGACY_UNCERTIFIED,True,b8c153f3,2026-09-09T12:06:16.164Z,EXHAUSTIVE_PROVEN,694,,0,0,NONE,,COMPLETE,"PARTIAL:missingLocation=1,missingCountry=1",RUN_DEGRADED;missingInDb=9;absentAtSource=60,745,LIVE_CONTROL_REQUIRED
la-redoute-talentview,talentview,La Redoute,LEGACY_UNCERTIFIED,True,201e18b9,2026-09-10T06:05:33.247Z,EXHAUSTIVE_PROVEN,6,,0,0,NONE,,COMPLETE,COMPLETE,RUN_DEGRADED;missingInDb=1;absentAtSource=0,5,LIVE_CONTROL_REQUIRED
la-senza,greenhouse,La Senza,LEGACY_UNCERTIFIED,True,b8c153f3,2026-09-09T12:07:24.034Z,EXHAUSTIVE_PROVEN,55,,0,0,NONE,,COMPLETE,PARTIAL:missingCountry=55,RUN_OK;IN_SYNC,55,LIVE_CONTROL_REQUIRED
lacoste,digitalrecruiters,Lacoste,LEGACY_UNCERTIFIED,True,201e18b9,2026-09-10T06:05:31.696Z,EXHAUSTIVE_PROVEN,455,455,0,0,NONE,DIFFUSIONS_462_FOR_ANNOUNCEMENTS_455_ALL_READ,COMPLETE,COMPLETE,RUN_OK;missingInDb=4;absentAtSource=13,464,LIVE_CONTROL_REQUIRED
lagardere-duty-free,talentsoft,Lagardère Duty Free,LEGACY_UNCERTIFIED,True,d825f581,2026-09-09T18:36:01.700Z,EXHAUSTIVE_PROVEN,9,9,0,0,NONE,,COMPLETE,PARTIAL:missingCountry=9,RUN_OK;IN_SYNC,9,LIVE_CONTROL_REQUIRED
lagardere-travel-retail,talentsoft,Lagardère Travel Retail,LEGACY_UNCERTIFIED,True,d825f581,2026-09-09T18:36:11.564Z,EXHAUSTIVE_PROVEN,109,109,0,0,NONE,,COMPLETE,PARTIAL:missingCountry=109,RUN_OK;missingInDb=0;absentAtSource=21,130,LIVE_CONTROL_REQUIRED
lager-157,teamtailor,LAGER 157,LEGACY_UNCERTIFIED,True,b8c153f3,2026-09-09T12:07:22.372Z,EXHAUSTIVE_PROVEN,47,,0,0,NONE,,COMPLETE,COMPLETE,RUN_DEGRADED;missingInDb=0;absentAtSource=1,48,LIVE_CONTROL_REQUIRED
laverana-gmbh-co-kg,personio,Laverana GmbH & Co. KG,LEGACY_UNCERTIFIED,True,bae127dc,2026-09-09T12:26:15.457Z,EXHAUSTIVE_PROVEN,23,,0,0,NONE,,COMPLETE,"PARTIAL:missingCountry=2,missingDate=2",RUN_DEGRADED;missingInDb=0;absentAtSource=1,24,LIVE_CONTROL_REQUIRED
lavish-alice,teamtailor,Lavish Alice,LEGACY_UNCERTIFIED,True,b8c153f3,2026-09-09T12:07:25.054Z,EXHAUSTIVE_PROVEN,2,,0,0,NONE,,COMPLETE,COMPLETE,RUN_DEGRADED;IN_SYNC,2,LIVE_CONTROL_REQUIRED
lensa,teamtailor,Lensa,LEGACY_UNCERTIFIED,True,b8c153f3,2026-09-09T12:07:25.769Z,EXHAUSTIVE_PROVEN,3,,0,0,NONE,,COMPLETE,COMPLETE,RUN_DEGRADED;IN_SYNC,3,LIVE_CONTROL_REQUIRED
lerros,personio,LERROS,LEGACY_UNCERTIFIED,True,bae127dc,2026-09-09T12:26:14.065Z,EXHAUSTIVE_PROVEN,1,,0,0,NONE,,COMPLETE,COMPLETE,RUN_DEGRADED;IN_SYNC,1,LIVE_CONTROL_REQUIRED
levis,workday,Levi's,LEGACY_UNCERTIFIED,True,201e18b9,2026-09-10T06:09:16.101Z,NOT_PROVEN,1306,1314,1,8,EXPLAINED,"REPEATED_IDS_ACROSS_PAGES,ROWS_WITHOUT_EXTERNAL_PATH,ENUMERATION_NOT_PROVEN",INCOMPLETE_EXPLAINED,"PARTIAL:missingDescription=1304,missingCountry=1304,missingDate=641",RUN_OK;missingInDb=34;absentAtSource=61,1333,LIVE_CONTROL_REQUIRED
lexington,teamtailor,Lexington,LEGACY_UNCERTIFIED,True,b8c153f3,2026-09-09T12:10:31.572Z,EXHAUSTIVE_PROVEN,2,,0,0,NONE,,COMPLETE,COMPLETE,RUN_DEGRADED;IN_SYNC,2,LIVE_CONTROL_REQUIRED
lindex-easycruit,easycruit,Lindex,CERTIFIED_CURRENT,True,201e18b9,2026-09-10T06:07:07.595Z,EXHAUSTIVE_PROVEN,39,,0,0,NONE,,COMPLETE,PARTIAL:missingDate=39,RUN_NEW;missingInDb=0;absentAtSource=2,41,LIVE_CONTROL_REQUIRED
little-words-project,greenhouse,Little Words Project,LEGACY_UNCERTIFIED,True,b8c153f3,2026-09-09T12:10:32.702Z,EXHAUSTIVE_PROVEN,14,,0,0,NONE,,COMPLETE,PARTIAL:missingCountry=14,RUN_OK;IN_SYNC,14,LIVE_CONTROL_REQUIRED
loccitane-fr,teamtailor,L'Occitane,LEGACY_UNCERTIFIED,True,b8c153f3,2026-09-09T12:10:35.562Z,EXHAUSTIVE_PROVEN,14,,0,0,NONE,,COMPLETE,COMPLETE,RUN_DEGRADED;missingInDb=0;absentAtSource=4,18,LIVE_CONTROL_REQUIRED
loft,teamtailor,LOFT,LEGACY_UNCERTIFIED,True,b8c153f3,2026-09-09T12:10:36.228Z,EXHAUSTIVE_PROVEN,64,,0,0,NONE,,COMPLETE,"PARTIAL:missingLocation=6,missingCountry=6",RUN_DEGRADED;missingInDb=3;absentAtSource=1,62,LIVE_CONTROL_REQUIRED
longchamp,talentsoft,Longchamp,LEGACY_UNCERTIFIED,True,b8c153f3,2026-09-09T12:10:38.717Z,EXHAUSTIVE_PROVEN,27,27,0,0,NONE,,COMPLETE,PARTIAL:missingCountry=27,RUN_OK;missingInDb=1;absentAtSource=1,27,LIVE_CONTROL_REQUIRED
loplabbet,teamtailor,Löplabbet,LEGACY_UNCERTIFIED,True,b8c153f3,2026-09-09T12:10:39.250Z,EXHAUSTIVE_PROVEN,1,,0,0,NONE,,COMPLETE,COMPLETE,RUN_DEGRADED;IN_SYNC,1,LIVE_CONTROL_REQUIRED
lounge,teamtailor,Lounge,LEGACY_UNCERTIFIED,True,b8c153f3,2026-09-09T12:11:06.557Z,EXHAUSTIVE_PROVEN,15,,0,0,NONE,,COMPLETE,PARTIAL:missingCountry=9,RUN_DEGRADED;IN_SYNC,15,LIVE_CONTROL_REQUIRED
lovable,greenhouse,Lovable,LEGACY_UNCERTIFIED,True,b8c153f3,2026-09-09T12:11:07.026Z,EXHAUSTIVE_PROVEN,62,,0,0,NONE,,COMPLETE,PARTIAL:missingCountry=62,RUN_OK;missingInDb=0;absentAtSource=1,63,LIVE_CONTROL_REQUIRED
lovisa,teamtailor,Lovisa,LEGACY_UNCERTIFIED,True,b8c153f3,2026-09-09T12:11:11.484Z,EXHAUSTIVE_PROVEN,830,,0,0,NONE,,COMPLETE,COMPLETE,RUN_DEGRADED;missingInDb=14;absentAtSource=77,893,LIVE_CONTROL_REQUIRED
lucy-yak,teamtailor,Lucy & Yak,LEGACY_UNCERTIFIED,True,b8c153f3,2026-09-09T12:11:12.052Z,EXHAUSTIVE_PROVEN,4,,0,0,NONE,,COMPLETE,COMPLETE,RUN_DEGRADED;missingInDb=0;absentAtSource=1,5,LIVE_CONTROL_REQUIRED
luhta,teamtailor,Luhta,LEGACY_UNCERTIFIED,True,b8c153f3,2026-09-09T12:11:12.622Z,EXHAUSTIVE_PROVEN,5,,0,0,NONE,,COMPLETE,"PARTIAL:missingLocation=1,missingCountry=1",RUN_DEGRADED;missingInDb=0;absentAtSource=1,6,LIVE_CONTROL_REQUIRED
lumentee,generic-listing,Lumentee,LEGACY_UNCERTIFIED,True,d825f581,2026-09-09T18:38:40.256Z,NOT_PROVEN,5,,0,0,NONE,"NO_PUBLISHER_LISTING_OR_SITEMAP,ENUMERATION_NOT_PROVEN",NOT_PROVEN,COMPLETE,RUN_DEGRADED;IN_SYNC,5,LIVE_CONTROL_REQUIRED
lush,greenhouse,Lush,LEGACY_UNCERTIFIED,True,b8c153f3,2026-09-09T12:11:14.460Z,EXHAUSTIVE_PROVEN,215,,0,0,NONE,,COMPLETE,PARTIAL:missingCountry=215,RUN_OK;missingInDb=6;absentAtSource=4,213,LIVE_CONTROL_REQUIRED
luxe-talent,wordpress,Luxe Talent,LEGACY_UNCERTIFIED,True,201e18b9,2026-09-10T06:09:30.487Z,NOT_PROVEN,478,,0,0,NONE,,NOT_PROVEN,"PARTIAL:missingLocation=478,missingCountry=478",RUN_DEGRADED;IN_SYNC,478,LIVE_CONTROL_REQUIRED
luxexperience,generic-listing,LuxExperience,LEGACY_UNCERTIFIED,True,201e18b9,2026-09-10T06:09:37.295Z,NOT_PROVEN,54,54,0,0,NONE,"BROKEN_PAGER_REPEATS_LAST_PAGE,ENUMERATION_NOT_PROVEN",NOT_PROVEN,COMPLETE,RUN_DEGRADED;missingInDb=2;absentAtSource=5,57,LIVE_CONTROL_REQUIRED
lvmh,lvmh_algolia,LVMH (toutes Maisons),LEGACY_UNCERTIFIED,True,b8c153f3,2026-09-09T12:11:49.450Z,EXHAUSTIVE_PROVEN,5723,5723,0,0,NONE,,COMPLETE,PARTIAL:missingDescription=1,RUN_OK;missingInDb=93;absentAtSource=173,5803,LIVE_CONTROL_REQUIRED
madame-figaro,wttj,Madame Figaro,LEGACY_UNCERTIFIED,True,b8c153f3,2026-09-09T12:11:50.935Z,EXHAUSTIVE_PROVEN,10,10,0,0,NONE,,COMPLETE,COMPLETE,RUN_OK;IN_SYNC,10,LIVE_CONTROL_REQUIRED
madewell,workday,Madewell,LEGACY_UNCERTIFIED,True,201e18b9,2026-09-10T06:10:15.983Z,EXHAUSTIVE_PROVEN,290,290,0,0,NONE,,COMPLETE,COMPLETE,RUN_OK;missingInDb=12;absentAtSource=12,290,LIVE_CONTROL_REQUIRED
madhappy,lever,Madhappy,LEGACY_UNCERTIFIED,True,b8c153f3,2026-09-09T12:12:32.483Z,EXHAUSTIVE_PROVEN,15,,0,0,NONE,,COMPLETE,PARTIAL:missingCountry=15,RUN_OK;IN_SYNC,15,LIVE_CONTROL_REQUIRED
magasin-du-nord,teamtailor,Magasin du Nord,LEGACY_UNCERTIFIED,True,b8c153f3,2026-09-09T12:12:33.149Z,EXHAUSTIVE_PROVEN,39,,0,0,NONE,,COMPLETE,COMPLETE,RUN_DEGRADED;missingInDb=0;absentAtSource=6,45,LIVE_CONTROL_REQUIRED
maison-123,teamtailor,Maison 123,LEGACY_UNCERTIFIED,True,b8c153f3,2026-09-09T12:12:34.100Z,EXHAUSTIVE_PROVEN,61,,0,0,NONE,,COMPLETE,COMPLETE,RUN_DEGRADED;missingInDb=2;absentAtSource=2,61,LIVE_CONTROL_REQUIRED
maison-margiela,successfactors,OTB,CERTIFIED_CURRENT,True,201e18b9,2026-09-10T06:10:32.113Z,EXHAUSTIVE_PROVEN,156,156,0,0,NONE,,COMPLETE,COMPLETE,RUN_OK;missingInDb=3;absentAtSource=4,157,LIVE_CONTROL_REQUIRED
mango,workday,Mango,CERTIFIED_CURRENT,True,201e18b9,2026-09-10T06:15:40.457Z,EXHAUSTIVE_PROVEN,1623,1623,0,0,NONE,,COMPLETE,"PARTIAL:missingDescription=27,missingCountry=27,missingDate=27",RUN_DEGRADED;missingInDb=0;absentAtSource=63,1686,LIVE_CONTROL_REQUIRED
marc-o-polo,generic-listing,Marc O'Polo,LEGACY_UNCERTIFIED,True,d825f581,2026-09-09T18:38:50.989Z,NOT_PROVEN,15,,0,0,NONE,"NO_PUBLISHER_LISTING_OR_SITEMAP,ENUMERATION_NOT_PROVEN",NOT_PROVEN,COMPLETE,RUN_DEGRADED;missingInDb=5;absentAtSource=32,42,LIVE_CONTROL_REQUIRED
marella,smartrecruiters-whitelabel,Marella,LEGACY_UNCERTIFIED,True,b8c153f3,2026-09-09T12:18:14.457Z,EXHAUSTIVE_PROVEN,191,191,0,0,NONE,,COMPLETE,COMPLETE,RUN_OK;missingInDb=4;absentAtSource=9,196,LIVE_CONTROL_REQUIRED
margaret-howell,teamtailor,Margaret Howell,LEGACY_UNCERTIFIED,True,b8c153f3,2026-09-09T12:18:14.888Z,EXHAUSTIVE_PROVEN,2,,0,0,NONE,,COMPLETE,COMPLETE,RUN_DEGRADED;missingInDb=0;absentAtSource=2,4,LIVE_CONTROL_REQUIRED
markham,lever,Markham,LEGACY_UNCERTIFIED,True,b8c153f3,2026-09-09T12:18:16.770Z,EXHAUSTIVE_PROVEN,3,,0,0,NONE,,COMPLETE,PARTIAL:missingCountry=3,RUN_OK;IN_SYNC,3,LIVE_CONTROL_REQUIRED
maryruth-s,teamtailor,MaryRuth's,LEGACY_UNCERTIFIED,True,b8c153f3,2026-09-09T12:18:17.332Z,EXHAUSTIVE_PROVEN,3,,0,0,NONE,,COMPLETE,COMPLETE,RUN_DEGRADED;IN_SYNC,3,LIVE_CONTROL_REQUIRED
mascot-workwear,successfactors,MASCOT Workwear,LEGACY_UNCERTIFIED,True,a12b7570,2026-09-09T12:42:09.655Z,EXHAUSTIVE_PROVEN,49,49,0,0,NONE,,COMPLETE,PARTIAL:missingCountry=5,RUN_DEGRADED;missingInDb=5;absentAtSource=0,44,LIVE_CONTROL_REQUIRED
mecca,workday,MECCA,LEGACY_UNCERTIFIED,True,201e18b9,2026-09-10T06:16:09.028Z,EXHAUSTIVE_PROVEN,182,182,0,0,NONE,,COMPLETE,"PARTIAL:missingDescription=8,missingLocation=11,missingCountry=17,missingDate=8",RUN_OK;missingInDb=6;absentAtSource=9,185,LIVE_CONTROL_REQUIRED
medik8,teamtailor,Medik8,LEGACY_UNCERTIFIED,True,b8c153f3,2026-09-09T12:18:52.765Z,EXHAUSTIVE_PROVEN,20,,0,0,NONE,,COMPLETE,COMPLETE,RUN_DEGRADED;missingInDb=1;absentAtSource=2,21,LIVE_CONTROL_REQUIRED
mejuri,greenhouse,Mejuri,LEGACY_UNCERTIFIED,True,b8c153f3,2026-09-09T12:18:53.328Z,EXHAUSTIVE_PROVEN,141,,0,0,NONE,,COMPLETE,PARTIAL:missingCountry=141,RUN_OK;missingInDb=0;absentAtSource=2,143,LIVE_CONTROL_REQUIRED
merkal,teamtailor,Merkal,LEGACY_UNCERTIFIED,True,b8c153f3,2026-09-09T12:18:54.373Z,EXHAUSTIVE_PROVEN,35,,0,0,NONE,,COMPLETE,COMPLETE,RUN_DEGRADED;missingInDb=1;absentAtSource=5,39,LIVE_CONTROL_REQUIRED
merz-b-schwanen,personio,Merz B. Schwanen,LEGACY_UNCERTIFIED,True,bae127dc,2026-09-09T12:26:16.147Z,EXHAUSTIVE_PROVEN,2,,0,0,NONE,,COMPLETE,COMPLETE,RUN_DEGRADED;IN_SYNC,2,LIVE_CONTROL_REQUIRED
method-h-l-a,greenhouse,METHOD H L.A.,LEGACY_UNCERTIFIED,True,b8c153f3,2026-09-09T12:18:55.345Z,EXHAUSTIVE_PROVEN,2,,0,0,NONE,,COMPLETE,PARTIAL:missingCountry=2,RUN_OK;IN_SYNC,2,LIVE_CONTROL_REQUIRED
minimalist,recruitee,Minimalist,LEGACY_UNCERTIFIED,True,d12380b2,2026-09-09T12:01:51.362Z,EXHAUSTIVE_PROVEN,7,,0,0,NONE,,COMPLETE,COMPLETE,RUN_DEGRADED;missingInDb=0;absentAtSource=1,8,LIVE_CONTROL_REQUIRED
miu-miu,smartrecruiters-whitelabel,Miu Miu,LEGACY_UNCERTIFIED,True,b8c153f3,2026-09-09T12:18:56.932Z,EXHAUSTIVE_PROVEN,7,7,0,0,NONE,,COMPLETE,COMPLETE,RUN_OK;IN_SYNC,7,LIVE_CONTROL_REQUIRED
molton-brown,greenhouse,Molton Brown,LEGACY_UNCERTIFIED,True,b8c153f3,2026-09-09T12:18:57.468Z,EXHAUSTIVE_PROVEN,17,,0,0,NONE,,COMPLETE,PARTIAL:missingCountry=17,RUN_OK;IN_SYNC,17,LIVE_CONTROL_REQUIRED
monica-vinader,teamtailor,Monica Vinader,LEGACY_UNCERTIFIED,True,b8c153f3,2026-09-09T12:18:57.950Z,EXHAUSTIVE_PROVEN,39,,0,0,NONE,,COMPLETE,COMPLETE,RUN_DEGRADED;missingInDb=0;absentAtSource=2,41,LIVE_CONTROL_REQUIRED
motel,teamtailor,Motel,LEGACY_UNCERTIFIED,True,b8c153f3,2026-09-09T12:18:58.408Z,EXHAUSTIVE_PROVEN,1,,0,0,NONE,,COMPLETE,COMPLETE,RUN_DEGRADED;IN_SYNC,1,LIVE_CONTROL_REQUIRED
movado,workday,Movado,LEGACY_UNCERTIFIED,True,201e18b9,2026-09-10T06:16:26.429Z,EXHAUSTIVE_PROVEN,131,131,0,0,NONE,,COMPLETE,"PARTIAL:missingDescription=1,missingCountry=1",RUN_OK;missingInDb=2;absentAtSource=3,132,LIVE_CONTROL_REQUIRED
mq-marqet,teamtailor,MQ MarQet,LEGACY_UNCERTIFIED,True,b8c153f3,2026-09-09T12:19:20.808Z,EXHAUSTIVE_PROVEN,9,,0,0,NONE,,COMPLETE,COMPLETE,RUN_DEGRADED;missingInDb=0;absentAtSource=5,14,LIVE_CONTROL_REQUIRED
mr-marvis,teamtailor,MR MARVIS,LEGACY_UNCERTIFIED,True,b8c153f3,2026-09-09T12:19:21.568Z,EXHAUSTIVE_PROVEN,32,,0,0,NONE,,COMPLETE,COMPLETE,RUN_DEGRADED;missingInDb=3;absentAtSource=3,32,LIVE_CONTROL_REQUIRED
ms-mode,recruitee,MS Mode,LEGACY_UNCERTIFIED,True,d12380b2,2026-09-09T12:01:51.823Z,EXHAUSTIVE_PROVEN,59,,0,0,NONE,,COMPLETE,COMPLETE,RUN_DEGRADED;missingInDb=0;absentAtSource=7,66,LIVE_CONTROL_REQUIRED
mulberry,lever,Mulberry,LEGACY_UNCERTIFIED,True,b8c153f3,2026-09-09T12:19:24.065Z,EXHAUSTIVE_PROVEN,32,,0,0,NONE,,COMPLETE,PARTIAL:missingCountry=32,RUN_OK;missingInDb=3;absentAtSource=2,31,LIVE_CONTROL_REQUIRED
multiopticas,teamtailor,Multiópticas,LEGACY_UNCERTIFIED,True,b8c153f3,2026-09-09T12:19:25.343Z,EXHAUSTIVE_PROVEN,85,,0,0,NONE,,COMPLETE,"PARTIAL:missingLocation=1,missingCountry=1",RUN_DEGRADED;IN_SYNC,85,LIVE_CONTROL_REQUIRED
mvmt,smartrecruiters-whitelabel,MVMT,LEGACY_UNCERTIFIED,True,b8c153f3,2026-09-09T12:19:25.950Z,EXHAUSTIVE_PROVEN,1,1,0,0,NONE,,COMPLETE,COMPLETE,RUN_OK;IN_SYNC,1,LIVE_CONTROL_REQUIRED
my-jewellery,recruitee,My Jewellery,LEGACY_UNCERTIFIED,True,d12380b2,2026-09-09T12:01:51.933Z,EXHAUSTIVE_PROVEN,88,,0,0,NONE,,COMPLETE,COMPLETE,RUN_DEGRADED;missingInDb=0;absentAtSource=3,91,LIVE_CONTROL_REQUIRED
naos,successfactors,NAOS,LEGACY_UNCERTIFIED,True,a12b7570,2026-09-09T12:42:08.989Z,EXHAUSTIVE_PROVEN,28,28,0,0,NONE,,COMPLETE,PARTIAL:missingCountry=12,RUN_DEGRADED;missingInDb=1;absentAtSource=0,27,LIVE_CONTROL_REQUIRED
nars,radancy,NARS,LEGACY_UNCERTIFIED,True,201e18b9,2026-09-10T06:16:42.464Z,EXHAUSTIVE_PROVEN,52,157,105,105,EXPLAINED,,INCOMPLETE_EXPLAINED,COMPLETE,RUN_DEGRADED;missingInDb=0;absentAtSource=2,54,LIVE_CONTROL_REQUIRED
naturkompaniet,teamtailor,Naturkompaniet,LEGACY_UNCERTIFIED,True,b8c153f3,2026-09-09T12:19:46.345Z,EXHAUSTIVE_PROVEN,5,,0,0,NONE,,COMPLETE,COMPLETE,RUN_DEGRADED;missingInDb=1;absentAtSource=1,5,LIVE_CONTROL_REQUIRED
new-balance,workday,New Balance,LEGACY_UNCERTIFIED,True,201e18b9,2026-09-10T06:16:45.392Z,EXHAUSTIVE_PROVEN,90,90,0,0,NONE,,COMPLETE,COMPLETE,RUN_OK;missingInDb=1;absentAtSource=5,94,LIVE_CONTROL_REQUIRED
nexus,greenhouse,Nexus,LEGACY_UNCERTIFIED,True,b8c153f3,2026-09-09T12:20:00.362Z,EXHAUSTIVE_PROVEN,4,,0,0,NONE,,COMPLETE,PARTIAL:missingCountry=4,RUN_OK;missingInDb=0;absentAtSource=1,5,LIVE_CONTROL_REQUIRED
nike,workday,Nike,LEGACY_UNCERTIFIED,True,201e18b9,2026-09-10T06:19:03.066Z,EXHAUSTIVE_PROVEN,790,790,0,0,NONE,,COMPLETE,"PARTIAL:missingDescription=9,missingCountry=4,missingDate=1",RUN_OK;missingInDb=37;absentAtSource=81,834,LIVE_CONTROL_REQUIRED
nike-nke2,workday,Nike,LEGACY_UNCERTIFIED,True,201e18b9,2026-09-10T06:17:37.337Z,EXHAUSTIVE_PROVEN,286,286,0,0,NONE,,COMPLETE,"PARTIAL:missingDescription=107,missingCountry=107,missingDate=56",RUN_DEGRADED;missingInDb=7;absentAtSource=69,348,LIVE_CONTROL_REQUIRED
nikin,recruitee,NIKIN,LEGACY_UNCERTIFIED,True,d12380b2,2026-09-09T12:01:52.212Z,EXHAUSTIVE_PROVEN,3,,0,0,NONE,,COMPLETE,COMPLETE,RUN_DEGRADED;IN_SYNC,3,LIVE_CONTROL_REQUIRED
nimble,recruitee,Nimble,LEGACY_UNCERTIFIED,True,d12380b2,2026-09-09T12:01:52.396Z,EXHAUSTIVE_PROVEN,4,,0,0,NONE,,COMPLETE,COMPLETE,RUN_DEGRADED;missingInDb=0;absentAtSource=1,5,LIVE_CONTROL_REQUIRED
nocibe-eqwa,eqwa,Nocibé,LEGACY_UNCERTIFIED,True,d825f581,2026-09-09T18:37:00.850Z,NOT_PROVEN,285,,0,0,NONE,,NOT_PROVEN,PARTIAL:missingCountry=285,RUN_DEGRADED;missingInDb=2;absentAtSource=38,321,LIVE_CONTROL_REQUIRED
nordstrom,workday,Nordstrom,LEGACY_UNCERTIFIED,True,201e18b9,2026-09-10T06:22:06.950Z,EXHAUSTIVE_PROVEN,1299,1299,0,0,NONE,,COMPLETE,"PARTIAL:missingDescription=1,missingCountry=1",RUN_DEGRADED;missingInDb=40;absentAtSource=276,1535,LIVE_CONTROL_REQUIRED
normal,teamtailor,Normal,LEGACY_UNCERTIFIED,True,b8c153f3,2026-09-09T12:23:19.164Z,EXHAUSTIVE_PROVEN,462,,0,0,NONE,,COMPLETE,"PARTIAL:missingLocation=1,missingCountry=1",RUN_DEGRADED;missingInDb=11;absentAtSource=65,516,LIVE_CONTROL_REQUIRED
nude-project,teamtailor,Nude Project,LEGACY_UNCERTIFIED,True,b8c153f3,2026-09-09T12:23:19.833Z,EXHAUSTIVE_PROVEN,14,,0,0,NONE,,COMPLETE,"PARTIAL:missingLocation=1,missingCountry=1",RUN_DEGRADED;missingInDb=2;absentAtSource=2,14,LIVE_CONTROL_REQUIRED
nudie-jeans,teamtailor,Nudie Jeans,LEGACY_UNCERTIFIED,True,b8c153f3,2026-09-09T12:23:20.401Z,EXHAUSTIVE_PROVEN,3,,0,0,NONE,,COMPLETE,COMPLETE,RUN_DEGRADED;missingInDb=0;absentAtSource=1,4,LIVE_CONTROL_REQUIRED
nutrafol,greenhouse,Nutrafol,LEGACY_UNCERTIFIED,True,b8c153f3,2026-09-09T12:23:27.716Z,EXHAUSTIVE_PROVEN,12,,0,0,NONE,,COMPLETE,PARTIAL:missingCountry=12,RUN_OK;missingInDb=0;absentAtSource=1,13,LIVE_CONTROL_REQUIRED
nutrire,teamtailor,Nutrire,LEGACY_UNCERTIFIED,True,b8c153f3,2026-09-09T12:23:28.118Z,EXHAUSTIVE_PROVEN,52,,0,0,NONE,,COMPLETE,"PARTIAL:missingLocation=2,missingCountry=2",RUN_DEGRADED;IN_SYNC,52,LIVE_CONTROL_REQUIRED
nyx-professional-makeup,teamtailor,NYX Professional Makeup,LEGACY_UNCERTIFIED,True,b8c153f3,2026-09-09T12:23:29.557Z,EXHAUSTIVE_PROVEN,19,,0,0,NONE,,COMPLETE,COMPLETE,RUN_DEGRADED;missingInDb=0;absentAtSource=2,21,LIVE_CONTROL_REQUIRED
oak-essentials,greenhouse,Oak Essentials,LEGACY_UNCERTIFIED,True,b8c153f3,2026-09-09T12:23:30.162Z,EXHAUSTIVE_PROVEN,25,,0,0,NONE,,COMPLETE,PARTIAL:missingCountry=25,RUN_OK;missingInDb=0;absentAtSource=9,34,LIVE_CONTROL_REQUIRED
obi-obi,recruitee,OBI OBI,LEGACY_UNCERTIFIED,True,d12380b2,2026-09-09T12:01:52.598Z,EXHAUSTIVE_PROVEN,1,,0,0,NONE,,COMPLETE,COMPLETE,RUN_DEGRADED;IN_SYNC,1,LIVE_CONTROL_REQUIRED
oh-my-cream,teamtailor,Oh My Cream,LEGACY_UNCERTIFIED,True,b8c153f3,2026-09-09T12:23:31.020Z,EXHAUSTIVE_PROVEN,22,,0,0,NONE,,COMPLETE,"PARTIAL:missingLocation=2,missingCountry=2",RUN_DEGRADED;IN_SYNC,22,LIVE_CONTROL_REQUIRED
oh-polly,teamtailor,Oh Polly,LEGACY_UNCERTIFIED,True,b8c153f3,2026-09-09T12:23:31.705Z,EXHAUSTIVE_PROVEN,12,,0,0,NONE,,COMPLETE,COMPLETE,RUN_DEGRADED;missingInDb=0;absentAtSource=1,13,LIVE_CONTROL_REQUIRED
olaplex,greenhouse,OLAPLEX,LEGACY_UNCERTIFIED,True,b8c153f3,2026-09-09T12:23:32.173Z,EXHAUSTIVE_PROVEN,10,,0,0,NONE,,COMPLETE,PARTIAL:missingCountry=10,RUN_OK;missingInDb=0;absentAtSource=1,11,LIVE_CONTROL_REQUIRED
oniverse,generic-listing,Oniverse (Calzedonia),LEGACY_UNCERTIFIED,True,201e18b9,2026-09-10T06:23:25.082Z,NOT_PROVEN,484,734,250,250,EXPLAINED,"PAGE_FETCH_FAILURES=12,ENUMERATION_NOT_PROVEN",INCOMPLETE_EXPLAINED,"PARTIAL:missingDescription=16,missingCountry=64",RUN_DEGRADED;missingInDb=2;absentAtSource=40,522,LIVE_CONTROL_REQUIRED
orchestra,greenhouse,Orchestra,LEGACY_UNCERTIFIED,True,b8c153f3,2026-09-09T12:23:45.448Z,EXHAUSTIVE_PROVEN,30,,0,0,NONE,,COMPLETE,PARTIAL:missingCountry=30,RUN_OK;IN_SYNC,30,LIVE_CONTROL_REQUIRED
orlebar-brown,teamtailor,Orlebar Brown,LEGACY_UNCERTIFIED,True,b8c153f3,2026-09-09T12:23:45.794Z,EXHAUSTIVE_PROVEN,14,,0,0,NONE,,COMPLETE,"PARTIAL:missingLocation=1,missingCountry=1",RUN_DEGRADED;missingInDb=0;absentAtSource=1,15,LIVE_CONTROL_REQUIRED
ortovox,personio,ORTOVOX,LEGACY_UNCERTIFIED,True,bae127dc,2026-09-09T12:26:16.407Z,EXHAUSTIVE_PROVEN,1,,0,0,NONE,,COMPLETE,COMPLETE,RUN_DEGRADED;IN_SYNC,1,LIVE_CONTROL_REQUIRED
oska,generic-listing,OSKA,LEGACY_UNCERTIFIED,True,201e18b9,2026-09-10T06:22:15.214Z,EXHAUSTIVE_PROVEN,35,35,0,0,NONE,,COMPLETE,COMPLETE,RUN_OK;IN_SYNC,35,LIVE_CONTROL_REQUIRED
ounass,teamtailor,Ounass,LEGACY_UNCERTIFIED,True,b8c153f3,2026-09-09T12:23:49.738Z,EXHAUSTIVE_PROVEN,26,,0,0,NONE,,COMPLETE,"PARTIAL:missingLocation=3,missingCountry=3",RUN_DEGRADED;IN_SYNC,26,LIVE_CONTROL_REQUIRED
pandora-talenthub,generic-listing,Pandora,LEGACY_UNCERTIFIED,True,201e18b9,2026-09-10T06:27:52.895Z,NOT_PROVEN,904,912,0,8,EXPLAINED,"EMPTY_PAGE,DETAIL_FAILURES=8,ENUMERATION_NOT_PROVEN",INCOMPLETE_EXPLAINED,COMPLETE,RUN_DEGRADED;missingInDb=904;absentAtSource=2077,2077,LIVE_CONTROL_REQUIRED
parachute,greenhouse,Parachute,LEGACY_UNCERTIFIED,True,b8c153f3,2026-09-09T12:27:25.068Z,EXHAUSTIVE_PROVEN,8,,0,0,NONE,,COMPLETE,PARTIAL:missingCountry=8,RUN_OK;IN_SYNC,8,LIVE_CONTROL_REQUIRED
parco,smartrecruiters-whitelabel,Parco,LEGACY_UNCERTIFIED,True,b8c153f3,2026-09-09T12:27:25.684Z,EXHAUSTIVE_PROVEN,1,1,0,0,NONE,,COMPLETE,COMPLETE,RUN_OK;IN_SYNC,1,LIVE_CONTROL_REQUIRED
parfums-chanel,workday,Chanel,LEGACY_UNCERTIFIED,True,201e18b9,2026-09-10T06:27:13.295Z,EXHAUSTIVE_PROVEN,1118,1118,0,0,NONE,,COMPLETE,"PARTIAL:missingDescription=1118,missingCountry=1118,missingDate=646",RUN_OK;missingInDb=19;absentAtSource=21,1120,LIVE_CONTROL_REQUIRED
passage-du-desir,teamtailor,Passage du Desir,LEGACY_UNCERTIFIED,True,b8c153f3,2026-09-09T12:29:23.590Z,EXHAUSTIVE_PROVEN,15,,0,0,NONE,,COMPLETE,COMPLETE,RUN_DEGRADED;missingInDb=1;absentAtSource=0,14,LIVE_CONTROL_REQUIRED
patek-philippe,successfactors,Patek Philippe,LEGACY_UNCERTIFIED,True,a12b7570,2026-09-09T12:42:10.886Z,EXHAUSTIVE_PROVEN,16,16,0,0,NONE,,COMPLETE,COMPLETE,RUN_DEGRADED;missingInDb=0;absentAtSource=3,19,LIVE_CONTROL_REQUIRED
peacocks,smartrecruiters-whitelabel,Peacocks,LEGACY_UNCERTIFIED,True,b8c153f3,2026-09-09T12:29:28.660Z,EXHAUSTIVE_PROVEN,25,25,0,0,NONE,,COMPLETE,COMPLETE,RUN_OK;IN_SYNC,25,LIVE_CONTROL_REQUIRED
peak-performance,teamtailor,Peak Performance,LEGACY_UNCERTIFIED,True,b8c153f3,2026-09-09T12:29:29.343Z,EXHAUSTIVE_PROVEN,12,,0,0,NONE,,COMPLETE,"PARTIAL:missingLocation=1,missingCountry=1",RUN_DEGRADED;missingInDb=1;absentAtSource=0,11,LIVE_CONTROL_REQUIRED
pegador,personio,Pegador,LEGACY_UNCERTIFIED,True,bae127dc,2026-09-09T12:26:17.951Z,EXHAUSTIVE_PROVEN,10,,0,0,NONE,,COMPLETE,COMPLETE,RUN_DEGRADED;missingInDb=0;absentAtSource=6,16,LIVE_CONTROL_REQUIRED
penningtons,smartrecruiters-whitelabel,Penningtons,LEGACY_UNCERTIFIED,True,b8c153f3,2026-09-09T12:29:55.747Z,EXHAUSTIVE_PROVEN,309,309,0,0,NONE,,COMPLETE,COMPLETE,RUN_OK;missingInDb=1;absentAtSource=26,334,LIVE_CONTROL_REQUIRED
pepco,personio,Pepco,LEGACY_UNCERTIFIED,True,bae127dc,2026-09-09T12:26:22.450Z,EXHAUSTIVE_PROVEN,54,,0,0,NONE,,COMPLETE,COMPLETE,RUN_DEGRADED;missingInDb=0;absentAtSource=1,55,LIVE_CONTROL_REQUIRED
petit-bateau,smartrecruiters-whitelabel,Petit Bateau,LEGACY_UNCERTIFIED,True,201e18b9,2026-09-10T06:27:17.709Z,EXHAUSTIVE_PROVEN,48,48,0,0,NONE,,COMPLETE,COMPLETE,RUN_OK;missingInDb=5;absentAtSource=4,47,LIVE_CONTROL_REQUIRED
petrol-industries,teamtailor,Petrol Industries,LEGACY_UNCERTIFIED,True,b8c153f3,2026-09-09T12:30:02.161Z,EXHAUSTIVE_PROVEN,2,,0,0,NONE,,COMPLETE,COMPLETE,RUN_DEGRADED;IN_SYNC,2,LIVE_CONTROL_REQUIRED
pga-tour-superstore,workday,PGA Tour Superstore,LEGACY_UNCERTIFIED,True,201e18b9,2026-09-10T06:27:38.297Z,EXHAUSTIVE_PROVEN,179,179,0,0,NONE,,COMPLETE,COMPLETE,RUN_OK;missingInDb=3;absentAtSource=14,190,LIVE_CONTROL_REQUIRED
picard,recruitee,PICARD,LEGACY_UNCERTIFIED,True,d12380b2,2026-09-09T12:01:54.689Z,EXHAUSTIVE_PROVEN,4,,0,0,NONE,,COMPLETE,COMPLETE,RUN_DEGRADED;IN_SYNC,4,LIVE_CONTROL_REQUIRED
plume-impression,greenhouse,Plume Impression,LEGACY_UNCERTIFIED,True,b8c153f3,2026-09-09T12:30:43.169Z,EXHAUSTIVE_PROVEN,19,,0,0,NONE,,COMPLETE,PARTIAL:missingCountry=19,RUN_OK;IN_SYNC,19,LIVE_CONTROL_REQUIRED
point-zero,smartrecruiters-whitelabel,Point Zero,LEGACY_UNCERTIFIED,True,b8c153f3,2026-09-09T12:30:43.912Z,EXHAUSTIVE_PROVEN,1,1,0,0,NONE,,COMPLETE,COMPLETE,RUN_OK;IN_SYNC,1,LIVE_CONTROL_REQUIRED
polene,ashby,Polène,LEGACY_UNCERTIFIED,True,201e18b9,2026-09-10T06:27:38.772Z,EXHAUSTIVE_PROVEN,75,75,0,0,NONE,,COMPLETE,COMPLETE,RUN_DEGRADED;missingInDb=0;absentAtSource=8,83,LIVE_CONTROL_REQUIRED
prada-group,successfactors,Prada Group,LEGACY_UNCERTIFIED,True,a12b7570,2026-09-09T12:42:31.890Z,EXHAUSTIVE_PROVEN,210,210,0,0,NONE,,COMPLETE,COMPLETE,RUN_DEGRADED;missingInDb=66;absentAtSource=5,149,LIVE_CONTROL_REQUIRED
primark,smartrecruiters-whitelabel,Primark,LEGACY_UNCERTIFIED,True,b8c153f3,2026-09-09T12:32:03.690Z,EXHAUSTIVE_PROVEN,888,888,0,0,NONE,,COMPLETE,COMPLETE,RUN_OK;missingInDb=25;absentAtSource=103,966,LIVE_CONTROL_REQUIRED
printful,teamtailor,Printful,LEGACY_UNCERTIFIED,True,b8c153f3,2026-09-09T12:31:01.724Z,EXHAUSTIVE_PROVEN,7,,0,0,NONE,,COMPLETE,COMPLETE,RUN_DEGRADED;IN_SYNC,7,LIVE_CONTROL_REQUIRED
prisma-media,teamtailor,Prisma Media,LEGACY_UNCERTIFIED,True,201e18b9,2026-09-10T06:27:39.734Z,EXHAUSTIVE_PROVEN,17,,0,0,NONE,,COMPLETE,COMPLETE,RUN_DEGRADED;missingInDb=0;absentAtSource=3,20,LIVE_CONTROL_REQUIRED
profil-optik,teamtailor,Profil Optik,LEGACY_UNCERTIFIED,True,b8c153f3,2026-09-09T12:31:02.796Z,EXHAUSTIVE_PROVEN,38,,0,0,NONE,,COMPLETE,COMPLETE,RUN_DEGRADED;missingInDb=1;absentAtSource=1,38,LIVE_CONTROL_REQUIRED
profuomo,recruitee,Profuomo,LEGACY_UNCERTIFIED,True,d12380b2,2026-09-09T12:01:55.996Z,EXHAUSTIVE_PROVEN,7,,0,0,NONE,,COMPLETE,COMPLETE,RUN_DEGRADED;IN_SYNC,7,LIVE_CONTROL_REQUIRED
promod,talentview,Promod,LEGACY_UNCERTIFIED,True,201e18b9,2026-09-10T06:27:45.438Z,EXHAUSTIVE_PROVEN,55,,0,0,NONE,,COMPLETE,COMPLETE,RUN_OK;missingInDb=2;absentAtSource=1,54,LIVE_CONTROL_REQUIRED
pronovias,teamtailor,Pronovias,LEGACY_UNCERTIFIED,True,b8c153f3,2026-09-09T12:31:10.093Z,EXHAUSTIVE_PROVEN,33,,0,0,NONE,,COMPLETE,COMPLETE,RUN_DEGRADED;missingInDb=2;absentAtSource=4,35,LIVE_CONTROL_REQUIRED
psycho-bunny,generic-listing,Psycho Bunny,LEGACY_UNCERTIFIED,True,201e18b9,2026-09-10T06:30:16.303Z,EXHAUSTIVE_PROVEN,150,150,0,0,NONE,,COMPLETE,COMPLETE,RUN_OK;missingInDb=0;absentAtSource=15,165,LIVE_CONTROL_REQUIRED
pvh,generic-listing,PVH,LEGACY_UNCERTIFIED,True,201e18b9,2026-09-10T06:31:16.780Z,EXHAUSTIVE_PROVEN,1377,1443,66,66,EXPLAINED,,INCOMPLETE_EXPLAINED,"PARTIAL:missingDescription=1,missingLocation=13,missingCountry=13",RUN_DEGRADED;missingInDb=28;absentAtSource=48,1397,LIVE_CONTROL_REQUIRED
quince,greenhouse,Quince,LEGACY_UNCERTIFIED,True,b8c153f3,2026-09-09T12:32:04.328Z,EXHAUSTIVE_PROVEN,130,,0,0,NONE,,COMPLETE,PARTIAL:missingCountry=130,RUN_OK;missingInDb=2;absentAtSource=4,132,LIVE_CONTROL_REQUIRED
ralph-lauren-avature,avature,Ralph Lauren,LEGACY_UNCERTIFIED,True,b8c153f3,2026-09-09T12:39:51.086Z,EXHAUSTIVE_PROVEN,1075,1075,0,0,NONE,,COMPLETE,"PARTIAL:missingDescription=19,missingCountry=260,missingDate=1075",RUN_OK;missingInDb=5;absentAtSource=34,1104,LIVE_CONTROL_REQUIRED
realself,lever,RealSelf,LEGACY_UNCERTIFIED,True,b8c153f3,2026-09-09T12:35:12.287Z,EXHAUSTIVE_PROVEN,2,,0,0,NONE,,COMPLETE,PARTIAL:missingCountry=2,RUN_OK;IN_SYNC,2,LIVE_CONTROL_REQUIRED
rebag,greenhouse,Rebag,LEGACY_UNCERTIFIED,True,b8c153f3,2026-09-09T12:35:12.754Z,EXHAUSTIVE_PROVEN,15,,0,0,NONE,,COMPLETE,PARTIAL:missingCountry=15,RUN_OK;missingInDb=0;absentAtSource=2,17,LIVE_CONTROL_REQUIRED
reformation,greenhouse,Reformation,LEGACY_UNCERTIFIED,True,b8c153f3,2026-09-09T12:35:13.288Z,EXHAUSTIVE_PROVEN,138,,0,0,NONE,,COMPLETE,PARTIAL:missingCountry=138,RUN_OK;missingInDb=0;absentAtSource=7,145,LIVE_CONTROL_REQUIRED
richemont,workday,Richemont (toutes Maisons),LEGACY_UNCERTIFIED,True,201e18b9,2026-09-10T06:31:17.863Z,EXHAUSTIVE_PROVEN,459,459,0,0,NONE,,COMPLETE,COMPLETE,RUN_OK;missingInDb=17;absentAtSource=16,458,LIVE_CONTROL_REQUIRED
richemont-workday,workday,Richemont,LEGACY_UNCERTIFIED,True,201e18b9,2026-09-10T06:37:11.048Z,EXHAUSTIVE_PROVEN,1357,1357,0,0,NONE,,COMPLETE,"PARTIAL:missingLocation=1,missingCountry=1",RUN_OK;missingInDb=45;absentAtSource=70,1382,LIVE_CONTROL_REQUIRED
rituals,rituals,Rituals,LEGACY_UNCERTIFIED,True,d825f581,2026-09-09T18:37:04.358Z,EXHAUSTIVE_PROVEN,1122,1122,0,0,NONE,,COMPLETE,COMPLETE,RUN_OK;missingInDb=44;absentAtSource=121,1245,LIVE_CONTROL_REQUIRED
riu-paris,flatchr,RIU Paris,CERTIFIED_CURRENT,True,b8c153f3,2026-09-09T12:39:55.389Z,EXHAUSTIVE_PROVEN,15,15,0,0,NONE,,COMPLETE,COMPLETE,RUN_OK;IN_SYNC,15,LIVE_CONTROL_REQUIRED
rivoli-typesense,typesense,Rivoli Group,LEGACY_UNCERTIFIED,True,201e18b9,2026-09-10T06:31:24.943Z,EXHAUSTIVE_PROVEN,47,47,0,0,NONE,,COMPLETE,"PARTIAL:missingDescription=1,missingCountry=47",RUN_OK;IN_SYNC,47,LIVE_CONTROL_REQUIRED
rolex,successfactors,Rolex,LEGACY_UNCERTIFIED,True,a12b7570,2026-09-09T12:42:31.540Z,EXHAUSTIVE_PROVEN,212,212,0,0,NONE,,COMPLETE,COMPLETE,RUN_DEGRADED;missingInDb=4;absentAtSource=5,213,LIVE_CONTROL_REQUIRED
rotate,recruitee,ROTATE,LEGACY_UNCERTIFIED,True,d12380b2,2026-09-09T12:01:56.344Z,EXHAUSTIVE_PROVEN,5,,0,0,NONE,,COMPLETE,COMPLETE,RUN_DEGRADED;IN_SYNC,5,LIVE_CONTROL_REQUIRED
route-one-skin,greenhouse,route one skin,LEGACY_UNCERTIFIED,True,b8c153f3,2026-09-09T12:40:24.074Z,EXHAUSTIVE_PROVEN,2,,0,0,NONE,,COMPLETE,PARTIAL:missingCountry=2,RUN_OK;IN_SYNC,2,LIVE_CONTROL_REQUIRED
sabon,teamtailor,Sabon,LEGACY_UNCERTIFIED,True,b8c153f3,2026-09-09T12:40:24.712Z,EXHAUSTIVE_PROVEN,2,,0,0,NONE,,COMPLETE,COMPLETE,RUN_DEGRADED;IN_SYNC,2,LIVE_CONTROL_REQUIRED
sacoor-brothers,smartrecruiters-whitelabel,Sacoor Brothers,LEGACY_UNCERTIFIED,True,b8c153f3,2026-09-09T12:40:25.286Z,EXHAUSTIVE_PROVEN,1,1,0,0,NONE,,COMPLETE,COMPLETE,RUN_OK;IN_SYNC,1,LIVE_CONTROL_REQUIRED
saffron,teamtailor,Saffron,LEGACY_UNCERTIFIED,True,b8c153f3,2026-09-09T12:40:25.835Z,EXHAUSTIVE_PROVEN,2,,0,0,NONE,,COMPLETE,COMPLETE,RUN_DEGRADED;IN_SYNC,2,LIVE_CONTROL_REQUIRED
saks,workday,Saks Fifth Avenue,LEGACY_UNCERTIFIED,True,201e18b9,2026-09-10T06:32:47.738Z,EXHAUSTIVE_PROVEN,747,747,0,0,NONE,,COMPLETE,"PARTIAL:missingDescription=1,missingCountry=1,missingDate=1",RUN_OK;missingInDb=35;absentAtSource=85,797,LIVE_CONTROL_REQUIRED
salomon,smartrecruiters-whitelabel,Salomon,LEGACY_UNCERTIFIED,True,b8c153f3,2026-09-09T12:41:04.298Z,EXHAUSTIVE_PROVEN,72,72,0,0,NONE,,COMPLETE,COMPLETE,RUN_OK;missingInDb=1;absentAtSource=5,76,LIVE_CONTROL_REQUIRED
saltrock-harri,harri,Saltrock,CERTIFIED_CURRENT,True,201e18b9,2026-09-10T06:32:51.565Z,EXHAUSTIVE_PROVEN,30,30,0,0,NONE,,COMPLETE,COMPLETE,RUN_NEW;IN_SYNC,30,LIVE_CONTROL_REQUIRED
sandro,smartrecruiters-whitelabel,SMCP (toutes Maisons),LEGACY_UNCERTIFIED,True,201e18b9,2026-09-10T06:33:37.758Z,EXHAUSTIVE_PROVEN,564,564,0,0,NONE,,COMPLETE,COMPLETE,RUN_OK;missingInDb=3;absentAtSource=7,568,LIVE_CONTROL_REQUIRED
selfridges,generic-listing,Selfridges,LEGACY_UNCERTIFIED,True,201e18b9,2026-09-10T06:33:46.980Z,EXHAUSTIVE_PROVEN,64,64,0,0,NONE,,COMPLETE,PARTIAL:missingDescription=2,RUN_OK;missingInDb=0;absentAtSource=5,69,LIVE_CONTROL_REQUIRED
sephora-france,successfactors,Sephora,LEGACY_UNCERTIFIED,True,a12b7570,2026-09-09T12:42:34.179Z,EXHAUSTIVE_PROVEN,24,24,0,0,NONE,,COMPLETE,COMPLETE,RUN_DEGRADED;missingInDb=0;absentAtSource=2,26,LIVE_CONTROL_REQUIRED
sezane,workable,Sézane,LEGACY_UNCERTIFIED,True,d12380b2,2026-09-09T12:02:16.136Z,EXHAUSTIVE_PROVEN,115,115,0,0,NONE,,COMPLETE,COMPLETE,RUN_DEGRADED;missingInDb=2;absentAtSource=5,118,LIVE_CONTROL_REQUIRED
shein,greenhouse,SHEIN,LEGACY_UNCERTIFIED,True,b8c153f3,2026-09-09T12:42:08.583Z,EXHAUSTIVE_PROVEN,19,,0,0,NONE,,COMPLETE,PARTIAL:missingCountry=19,RUN_OK;IN_SYNC,19,LIVE_CONTROL_REQUIRED
shinola,greenhouse,Shinola,LEGACY_UNCERTIFIED,True,b8c153f3,2026-09-09T12:42:09.000Z,EXHAUSTIVE_PROVEN,9,,0,0,NONE,,COMPLETE,PARTIAL:missingCountry=9,RUN_OK;IN_SYNC,9,LIVE_CONTROL_REQUIRED
showroomprive,teamtailor,Showroomprive,LEGACY_UNCERTIFIED,True,201e18b9,2026-09-10T06:33:47.479Z,EXHAUSTIVE_PROVEN,30,,0,0,NONE,,COMPLETE,"PARTIAL:missingLocation=1,missingCountry=1",RUN_DEGRADED;IN_SYNC,30,LIVE_CONTROL_REQUIRED
siebel-juweliers,recruitee,Siebel Juweliers,LEGACY_UNCERTIFIED,True,d12380b2,2026-09-09T12:02:00.338Z,EXHAUSTIVE_PROVEN,21,,0,0,NONE,,COMPLETE,COMPLETE,RUN_DEGRADED;missingInDb=0;absentAtSource=3,24,LIVE_CONTROL_REQUIRED
silbon,teamtailor,Silbon,LEGACY_UNCERTIFIED,True,b8c153f3,2026-09-09T12:42:10.738Z,EXHAUSTIVE_PROVEN,71,,0,0,NONE,,COMPLETE,COMPLETE,RUN_DEGRADED;missingInDb=0;absentAtSource=8,79,LIVE_CONTROL_REQUIRED
singularu,teamtailor,Singularu,LEGACY_UNCERTIFIED,True,b8c153f3,2026-09-09T12:42:11.176Z,EXHAUSTIVE_PROVEN,26,,0,0,NONE,,COMPLETE,COMPLETE,RUN_DEGRADED;missingInDb=2;absentAtSource=6,30,LIVE_CONTROL_REQUIRED
sioux,recruitee,Sioux,LEGACY_UNCERTIFIED,True,d12380b2,2026-09-09T12:02:00.797Z,EXHAUSTIVE_PROVEN,17,,0,0,NONE,,COMPLETE,COMPLETE,RUN_DEGRADED;IN_SYNC,17,LIVE_CONTROL_REQUIRED
sisley,smartrecruiters-whitelabel,Sisley,LEGACY_UNCERTIFIED,True,b8c153f3,2026-09-09T12:42:13.865Z,EXHAUSTIVE_PROVEN,28,28,0,0,NONE,,COMPLETE,COMPLETE,RUN_OK;missingInDb=0;absentAtSource=1,29,LIVE_CONTROL_REQUIRED
skin-laundry,greenhouse,Skin Laundry,LEGACY_UNCERTIFIED,True,b8c153f3,2026-09-09T12:42:11.683Z,EXHAUSTIVE_PROVEN,43,,0,0,NONE,,COMPLETE,PARTIAL:missingCountry=43,RUN_OK;missingInDb=3;absentAtSource=1,41,LIVE_CONTROL_REQUIRED
soeur,teamtailor,Soeur,LEGACY_UNCERTIFIED,True,201e18b9,2026-09-10T06:33:48.242Z,EXHAUSTIVE_PROVEN,39,,0,0,NONE,,COMPLETE,COMPLETE,RUN_DEGRADED;missingInDb=6;absentAtSource=23,56,LIVE_CONTROL_REQUIRED
space-nk,teamtailor,Space NK,LEGACY_UNCERTIFIED,True,b8c153f3,2026-09-09T12:42:13.260Z,EXHAUSTIVE_PROVEN,87,,0,0,NONE,,COMPLETE,COMPLETE,RUN_DEGRADED;missingInDb=2;absentAtSource=13,98,LIVE_CONTROL_REQUIRED
spinelli-kilcollin,greenhouse,Spinelli Kilcollin,LEGACY_UNCERTIFIED,True,b8c153f3,2026-09-09T12:42:13.674Z,EXHAUSTIVE_PROVEN,3,,0,0,NONE,,COMPLETE,PARTIAL:missingCountry=3,RUN_OK;IN_SYNC,3,LIVE_CONTROL_REQUIRED
ssense,teamtailor,SSENSE,LEGACY_UNCERTIFIED,True,b8c153f3,2026-09-09T12:42:14.250Z,EXHAUSTIVE_PROVEN,15,,0,0,NONE,,COMPLETE,COMPLETE,RUN_DEGRADED;IN_SYNC,15,LIVE_CONTROL_REQUIRED
stanley-stella,personio,STANLEY/STELLA,LEGACY_UNCERTIFIED,True,bae127dc,2026-09-09T12:26:21.716Z,EXHAUSTIVE_PROVEN,11,,0,0,NONE,,COMPLETE,COMPLETE,RUN_DEGRADED;IN_SYNC,11,LIVE_CONTROL_REQUIRED
state-of-art,recruitee,State of Art,LEGACY_UNCERTIFIED,True,d12380b2,2026-09-09T12:02:02.820Z,EXHAUSTIVE_PROVEN,28,,0,0,NONE,,COMPLETE,COMPLETE,RUN_DEGRADED;IN_SYNC,28,LIVE_CONTROL_REQUIRED
stella-mccartney,workday,Stella McCartney,LEGACY_UNCERTIFIED,True,201e18b9,2026-09-10T06:33:53.035Z,EXHAUSTIVE_PROVEN,30,30,0,0,NONE,,COMPLETE,COMPLETE,RUN_OK;missingInDb=1;absentAtSource=1,30,LIVE_CONTROL_REQUIRED
subset,teamtailor,Subset,LEGACY_UNCERTIFIED,True,b8c153f3,2026-09-09T12:42:15.352Z,EXHAUSTIVE_PROVEN,4,,0,0,NONE,,COMPLETE,"PARTIAL:missingLocation=1,missingCountry=1",RUN_DEGRADED;IN_SYNC,4,LIVE_CONTROL_REQUIRED
suitsupply,greenhouse,Suitsupply,LEGACY_UNCERTIFIED,True,b8c153f3,2026-09-09T12:42:15.843Z,EXHAUSTIVE_PROVEN,168,,0,0,NONE,,COMPLETE,PARTIAL:missingCountry=168,RUN_OK;missingInDb=0;absentAtSource=6,174,LIVE_CONTROL_REQUIRED
supergoop,greenhouse,Supergoop!,LEGACY_UNCERTIFIED,True,b8c153f3,2026-09-09T12:42:16.297Z,EXHAUSTIVE_PROVEN,11,,0,0,NONE,,COMPLETE,PARTIAL:missingCountry=11,RUN_OK;IN_SYNC,11,LIVE_CONTROL_REQUIRED
swarovski,workday,Swarovski,LEGACY_UNCERTIFIED,True,201e18b9,2026-09-10T06:37:16.940Z,EXHAUSTIVE_PROVEN,510,510,0,0,NONE,,COMPLETE,"PARTIAL:missingDescription=25,missingLocation=1,missingCountry=26,missingDate=19",RUN_OK;missingInDb=20;absentAtSource=37,527,LIVE_CONTROL_REQUIRED
swatch-group,swatchgroup,Swatch Group,LEGACY_UNCERTIFIED,True,3e44e4ba,2026-09-09T20:12:52.646Z,NOT_PROVEN,259,260,1,1,EXPLAINED,"DETAILS_REJECTED,ENUMERATION_NOT_PROVEN",INCOMPLETE_EXPLAINED,PARTIAL:missingCountry=5,RUN_DEGRADED;missingInDb=16;absentAtSource=40,293,LIVE_CONTROL_REQUIRED
tapestry,workday,"Tapestry (Coach, Kate Spade, Stuart Weitzman)",LEGACY_UNCERTIFIED,True,201e18b9,2026-09-10T06:40:58.407Z,EXHAUSTIVE_PROVEN,2000,2000,0,0,NONE,,COMPLETE,"PARTIAL:missingDescription=5,missingLocation=2,missingCountry=5,missingDate=3",RUN_OK;missingInDb=53;absentAtSource=120,2067,LIVE_CONTROL_REQUIRED
taylor-stitch,smartrecruiters-whitelabel,Taylor Stitch,LEGACY_UNCERTIFIED,True,b8c153f3,2026-09-09T12:43:43.010Z,EXHAUSTIVE_PROVEN,2,2,0,0,NONE,,COMPLETE,COMPLETE,RUN_OK;IN_SYNC,2,LIVE_CONTROL_REQUIRED
tekla,greenhouse,Tekla,LEGACY_UNCERTIFIED,True,b8c153f3,2026-09-09T12:43:43.507Z,EXHAUSTIVE_PROVEN,4,,0,0,NONE,,COMPLETE,PARTIAL:missingCountry=4,RUN_OK;IN_SYNC,4,LIVE_CONTROL_REQUIRED
the-kooples,digitalrecruiters,The Kooples,LEGACY_UNCERTIFIED,True,ceacf338,2026-09-09T18:07:38.038Z,EXHAUSTIVE_PROVEN,69,69,0,0,NONE,,COMPLETE,COMPLETE,RUN_OK;missingInDb=0;absentAtSource=2,71,LIVE_CONTROL_REQUIRED
therealreal,workday,The RealReal,LEGACY_UNCERTIFIED,True,201e18b9,2026-09-10T06:37:49.349Z,EXHAUSTIVE_PROVEN,131,131,0,0,NONE,,COMPLETE,"PARTIAL:missingDescription=1,missingCountry=1,missingDate=1",RUN_OK;missingInDb=6;absentAtSource=13,138,LIVE_CONTROL_REQUIRED
thirdlove,greenhouse,ThirdLove,LEGACY_UNCERTIFIED,True,b8c153f3,2026-09-09T12:44:18.047Z,EXHAUSTIVE_PROVEN,28,,0,0,NONE,,COMPLETE,PARTIAL:missingCountry=28,RUN_OK;missingInDb=0;absentAtSource=4,32,LIVE_CONTROL_REQUIRED
thomas-sabo,personio,THOMAS SABO,LEGACY_UNCERTIFIED,True,bae127dc,2026-09-09T12:26:26.421Z,EXHAUSTIVE_PROVEN,41,,0,0,NONE,,COMPLETE,COMPLETE,RUN_DEGRADED;missingInDb=0;absentAtSource=1,42,LIVE_CONTROL_REQUIRED
tiffany-oracle,oraclehcm,Tiffany & Co.,LEGACY_UNCERTIFIED,True,b8c153f3,2026-09-09T12:45:13.940Z,EXHAUSTIVE_PROVEN,420,420,0,0,NONE,,COMPLETE,COMPLETE,RUN_OK;missingInDb=0;absentAtSource=4,424,LIVE_CONTROL_REQUIRED
tiger-of-sweden,teamtailor,Tiger of Sweden,LEGACY_UNCERTIFIED,True,b8c153f3,2026-09-09T12:45:14.611Z,EXHAUSTIVE_PROVEN,4,,0,0,NONE,,COMPLETE,COMPLETE,RUN_DEGRADED;missingInDb=0;absentAtSource=2,6,LIVE_CONTROL_REQUIRED
tods,successfactors,Tod's Group,LEGACY_UNCERTIFIED,True,a12b7570,2026-09-09T12:42:33.568Z,EXHAUSTIVE_PROVEN,14,14,0,0,NONE,,COMPLETE,COMPLETE,RUN_DEGRADED;missingInDb=0;absentAtSource=2,16,LIVE_CONTROL_REQUIRED
tom-wood,teamtailor,Tom Wood,LEGACY_UNCERTIFIED,True,b8c153f3,2026-09-09T12:45:17.081Z,EXHAUSTIVE_PROVEN,4,,0,0,NONE,,COMPLETE,COMPLETE,RUN_DEGRADED;IN_SYNC,4,LIVE_CONTROL_REQUIRED
toscane,flatchr,Toscane,CERTIFIED_CURRENT,True,b8c153f3,2026-09-09T12:45:17.699Z,EXHAUSTIVE_PROVEN,21,21,0,0,NONE,,COMPLETE,COMPLETE,RUN_OK;missingInDb=2;absentAtSource=1,20,LIVE_CONTROL_REQUIRED
toteme,teamtailor,Totême,LEGACY_UNCERTIFIED,True,b8c153f3,2026-09-09T12:45:18.331Z,EXHAUSTIVE_PROVEN,17,,0,0,NONE,,COMPLETE,COMPLETE,RUN_DEGRADED;missingInDb=1;absentAtSource=5,21,LIVE_CONTROL_REQUIRED
tropicfeel,teamtailor,Tropicfeel,LEGACY_UNCERTIFIED,True,b8c153f3,2026-09-09T12:45:18.737Z,EXHAUSTIVE_PROVEN,0,,0,0,NONE,,COMPLETE,EMPTY,RUN_DEGRADED;missingInDb=0;absentAtSource=1,1,LIVE_CONTROL_REQUIRED
trussardi,teamtailor,Trussardi,LEGACY_UNCERTIFIED,True,b8c153f3,2026-09-09T12:45:19.431Z,EXHAUSTIVE_PROVEN,15,,0,0,NONE,,COMPLETE,"PARTIAL:missingLocation=1,missingCountry=1",RUN_DEGRADED;missingInDb=0;absentAtSource=1,16,LIVE_CONTROL_REQUIRED
typology,teamtailor,Typology,LEGACY_UNCERTIFIED,True,201e18b9,2026-09-10T06:37:50.216Z,EXHAUSTIVE_PROVEN,8,,0,0,NONE,,COMPLETE,COMPLETE,RUN_DEGRADED;IN_SYNC,8,LIVE_CONTROL_REQUIRED
ulta-jibe,jibe,Ulta Beauty,LEGACY_UNCERTIFIED,True,b8c153f3,2026-09-09T12:46:55.223Z,EXHAUSTIVE_PROVEN,9990,9990,0,0,NONE,,COMPLETE,COMPLETE,RUN_DEGRADED;missingInDb=39;absentAtSource=339,10290,LIVE_CONTROL_REQUIRED
undiz,teamtailor,Undiz,LEGACY_UNCERTIFIED,True,b8c153f3,2026-09-09T12:46:56.711Z,EXHAUSTIVE_PROVEN,49,,0,0,NONE,,COMPLETE,COMPLETE,RUN_DEGRADED;missingInDb=1;absentAtSource=2,50,LIVE_CONTROL_REQUIRED
uniqlo-graduates,workday,Uniqlo,LEGACY_UNCERTIFIED,True,201e18b9,2026-09-10T06:37:52.057Z,EXHAUSTIVE_PROVEN,11,11,0,0,NONE,,COMPLETE,COMPLETE,RUN_OK;IN_SYNC,11,LIVE_CONTROL_REQUIRED
uniqlo-headquarters,workday,Uniqlo,LEGACY_UNCERTIFIED,True,201e18b9,2026-09-10T06:37:54.681Z,EXHAUSTIVE_PROVEN,20,20,0,0,NONE,,COMPLETE,COMPLETE,RUN_OK;missingInDb=0;absentAtSource=2,22,LIVE_CONTROL_REQUIRED
uniqlo-stores,workday,Uniqlo,LEGACY_UNCERTIFIED,True,201e18b9,2026-09-10T06:38:07.275Z,EXHAUSTIVE_PROVEN,111,111,0,0,NONE,,COMPLETE,"PARTIAL:missingDescription=1,missingLocation=1,missingCountry=1",RUN_OK;missingInDb=6;absentAtSource=4,109,LIVE_CONTROL_REQUIRED
united-colors-of-benetton,smartrecruiters-whitelabel,United Colors of Benetton,LEGACY_UNCERTIFIED,True,b8c153f3,2026-09-09T12:47:13.940Z,EXHAUSTIVE_PROVEN,1,1,0,0,NONE,,COMPLETE,COMPLETE,RUN_OK;IN_SYNC,1,LIVE_CONTROL_REQUIRED
urbn-hub,icims,URBN,CERTIFIED_CURRENT,True,201e18b9,2026-09-10T06:44:21.446Z,EXHAUSTIVE_PROVEN,1381,,0,0,NONE,,COMPLETE,COMPLETE,RUN_OK;missingInDb=18;absentAtSource=96,1459,LIVE_CONTROL_REQUIRED
valentino,successfactors,Valentino,LEGACY_UNCERTIFIED,True,201e18b9,2026-09-10T06:41:04.969Z,EXHAUSTIVE_PROVEN,55,55,0,0,NONE,,COMPLETE,COMPLETE,RUN_DEGRADED;missingInDb=23;absentAtSource=7,39,LIVE_CONTROL_REQUIRED
velvet-canyon,smartrecruiters-whitelabel,Velvet Canyon,LEGACY_UNCERTIFIED,True,b8c153f3,2026-09-09T12:52:55.017Z,EXHAUSTIVE_PROVEN,1,1,0,0,NONE,,COMPLETE,COMPLETE,RUN_OK;IN_SYNC,1,LIVE_CONTROL_REQUIRED
veronica-beard,greenhouse,Veronica Beard,LEGACY_UNCERTIFIED,True,b8c153f3,2026-09-09T12:52:55.499Z,EXHAUSTIVE_PROVEN,44,,0,0,NONE,,COMPLETE,PARTIAL:missingCountry=44,RUN_OK;missingInDb=0;absentAtSource=1,45,LIVE_CONTROL_REQUIRED
versace,workday,Versace,LEGACY_UNCERTIFIED,True,201e18b9,2026-09-10T06:41:13.085Z,EXHAUSTIVE_PROVEN,53,53,0,0,NONE,,COMPLETE,COMPLETE,RUN_OK;missingInDb=2;absentAtSource=4,55,LIVE_CONTROL_REQUIRED
vestiaire-collective,lever,Vestiaire Collective,LEGACY_UNCERTIFIED,True,b8c153f3,2026-09-09T12:53:05.918Z,EXHAUSTIVE_PROVEN,11,,0,0,NONE,,COMPLETE,PARTIAL:missingCountry=11,RUN_OK;IN_SYNC,11,LIVE_CONTROL_REQUIRED
visionlab,smartrecruiters-whitelabel,VisionLab,LEGACY_UNCERTIFIED,True,b8c153f3,2026-09-09T12:53:06.515Z,EXHAUSTIVE_PROVEN,1,1,0,0,NONE,,COMPLETE,COMPLETE,RUN_OK;IN_SYNC,1,LIVE_CONTROL_REQUIRED
vivienne-westwood,teamtailor,Vivienne Westwood,LEGACY_UNCERTIFIED,True,b8c153f3,2026-09-09T12:53:07.716Z,EXHAUSTIVE_PROVEN,12,,0,0,NONE,,COMPLETE,COMPLETE,RUN_DEGRADED;IN_SYNC,12,LIVE_CONTROL_REQUIRED
vivobarefoot,teamtailor,Vivobarefoot,LEGACY_UNCERTIFIED,True,b8c153f3,2026-09-09T12:53:08.359Z,EXHAUSTIVE_PROVEN,13,,0,0,NONE,,COMPLETE,COMPLETE,RUN_DEGRADED;IN_SYNC,13,LIVE_CONTROL_REQUIRED
vlisco,teamtailor,Vlisco,LEGACY_UNCERTIFIED,True,b8c153f3,2026-09-09T12:53:08.931Z,EXHAUSTIVE_PROVEN,9,,0,0,NONE,,COMPLETE,COMPLETE,RUN_DEGRADED;missingInDb=1;absentAtSource=0,8,LIVE_CONTROL_REQUIRED
wehkamp,smartrecruiters-whitelabel,Wehkamp,LEGACY_UNCERTIFIED,True,b8c153f3,2026-09-09T12:53:09.724Z,EXHAUSTIVE_PROVEN,3,3,0,0,NONE,,COMPLETE,COMPLETE,RUN_OK;IN_SYNC,3,LIVE_CONTROL_REQUIRED
white-stuff,teamtailor,White Stuff,LEGACY_UNCERTIFIED,True,b8c153f3,2026-09-09T12:53:10.637Z,EXHAUSTIVE_PROVEN,83,,0,0,NONE,,COMPLETE,COMPLETE,RUN_DEGRADED;missingInDb=2;absentAtSource=5,86,LIVE_CONTROL_REQUIRED
wttj-sector,wttj-sector,Welcome to the Jungle (Mode · Luxe · Beauté),LEGACY_UNCERTIFIED,True,80b896b8,2026-09-10T06:43:53.000Z,EXHAUSTIVE_PROVEN,1983,1983,0,0,NONE,,COMPLETE,COMPLETE,RUN_OK;missingInDb=148;absentAtSource=167,2002,LIVE_CONTROL_REQUIRED
wunderkind,greenhouse,Wunderkind,LEGACY_UNCERTIFIED,True,b8c153f3,2026-09-09T12:53:59.412Z,EXHAUSTIVE_PROVEN,8,,0,0,NONE,,COMPLETE,PARTIAL:missingCountry=8,RUN_OK;IN_SYNC,8,LIVE_CONTROL_REQUIRED
yaya,recruitee,YAYA,LEGACY_UNCERTIFIED,True,d12380b2,2026-09-09T12:02:11.799Z,EXHAUSTIVE_PROVEN,23,,0,0,NONE,,COMPLETE,COMPLETE,RUN_DEGRADED;missingInDb=0;absentAtSource=1,24,LIVE_CONTROL_REQUIRED
yema,smartrecruiters-whitelabel,Yema,LEGACY_UNCERTIFIED,True,b8c153f3,2026-09-09T12:54:00.918Z,EXHAUSTIVE_PROVEN,6,6,0,0,NONE,,COMPLETE,COMPLETE,RUN_OK;IN_SYNC,6,LIVE_CONTROL_REQUIRED
zegna-altamira,altamira,Zegna,LEGACY_UNCERTIFIED,True,d825f581,2026-09-09T18:37:46.848Z,NOT_PROVEN,61,,0,0,NONE,,NOT_PROVEN,PARTIAL:missingDate=5,RUN_DEGRADED;missingInDb=1;absentAtSource=4,64,LIVE_CONTROL_REQUIRED
